-0.00,-0.00,-0.00,-0.00,-0.00
-0.00,-0.00,-0.00,-0.00,-0.00
-0.00,-0.00,-0.00,-0.00,-0.00
-0.00,-0.00,-0.00,-0.00,-0.00
-0.00,-0.00,-0.00,-0.00,-0.00
-0.00,-0.00,-0.00,-0.00,-0.00
-0.00,-0.00,-0.00,-0.00,-0.00
-0.00,-0.00,-0.00,-0.00,-0.00
0.41,0.41,0.07,-0.00,0.00
5.45,5.45,5.53,5.57,3.21
20.11,20.11,11.02,17.64,13.08
38.17,38.17,22.33,23.08,21.92
65.11,65.11,30.47,36.05,38.63
72.00,72.00,28.04,35.01,39.42
73.58,73.58,30.33,30.15,35.55
74.58,74.58,26.54,27.52,31.92
72.90,72.90,27.04,28.31,29.20
65.51,65.51,26.44,28.44,31.40
59.58,59.58,36.51,36.72,34.64
53.86,53.86,39.29,34.78,35.61
50.93,50.93,32.51,33.86,39.31
48.89,48.89,35.40,30.61,36.49
60.05,60.05,28.44,26.38,31.06
65.01,65.01,25.31,36.07,28.13
69.38,69.38,25.93,40.61,26.97
71.43,71.43,24.49,28.83,26.51
70.62,70.62,27.54,30.50,28.47
70.59,70.59,21.64,27.79,26.92
69.42,69.42,28.45,33.29,27.29
66.98,66.98,31.36,35.54,27.54
61.05,61.05,34.69,34.38,26.84
54.47,54.47,32.74,37.35,28.66
48.44,48.44,31.78,27.32,28.92
53.13,53.13,31.32,23.10,26.40
57.96,57.96,26.75,32.10,23.96
68.05,68.05,28.49,33.78,26.72
68.98,68.98,32.90,37.80,27.89
75.08,75.08,29.87,31.45,29.79
74.54,74.54,29.89,36.01,25.80
69.70,69.70,34.82,28.85,26.23
62.81,62.81,41.49,30.55,31.51
56.89,56.89,41.60,38.49,36.25
48.96,48.96,38.76,33.97,37.20
45.90,45.90,36.47,29.89,40.00
48.67,48.67,31.77,24.45,34.38
65.34,65.34,29.71,23.15,33.40
65.14,65.14,23.51,36.29,28.18
70.63,70.63,28.26,39.72,27.81
71.30,71.30,30.74,35.32,30.82
70.57,70.57,25.29,30.46,28.31
69.75,69.75,27.72,36.70,31.49
69.93,69.93,28.14,35.88,29.45
67.38,67.38,33.32,34.62,31.59
60.37,60.37,32.51,32.08,32.60
48.28,48.28,29.45,28.22,31.60
46.47,46.47,27.23,26.06,27.39
56.39,56.39,30.05,27.09,27.93
65.95,65.95,29.66,33.31,26.30
68.58,68.58,30.00,30.86,24.11
70.00,70.00,28.35,36.16,28.04
73.14,73.14,28.44,27.72,32.59
74.70,74.70,31.82,31.27,31.80
70.48,70.48,31.38,29.25,29.19
63.57,63.57,38.25,30.93,29.84
56.74,56.74,39.98,36.94,32.99
50.14,50.14,40.46,32.23,38.23
44.76,44.76,35.74,33.60,37.81
46.88,46.88,37.39,33.55,37.27
60.86,60.86,32.18,31.77,32.93
60.71,60.71,28.27,31.97,28.35
64.61,64.61,25.67,41.34,27.87
72.18,72.18,22.38,26.92,26.62
71.75,71.75,25.85,30.46,27.92
70.02,70.02,27.23,34.90,27.33
69.93,69.93,26.49,32.94,27.71
70.59,70.59,31.25,37.06,29.51
68.10,68.10,31.32,35.89,31.20
64.89,64.89,34.42,33.34,31.57
58.33,58.33,30.82,34.15,31.31
53.07,53.07,30.14,25.47,31.11
55.92,55.92,29.64,28.00,31.06
61.72,61.72,30.74,32.45,27.84
66.26,66.26,32.11,32.33,24.67
73.22,73.22,30.07,36.72,26.85
74.29,74.29,30.51,31.97,28.60
73.60,73.60,34.15,32.28,29.38
69.41,69.41,34.45,34.09,29.17
61.50,61.50,37.85,33.30,33.21
58.19,58.19,43.04,35.70,35.84
50.42,50.42,35.58,33.85,39.48
48.78,48.78,36.86,25.64,33.64
52.93,52.93,34.05,26.88,36.33
58.91,58.91,31.85,34.05,30.54
67.06,67.06,31.35,40.12,29.08
71.70,71.70,28.08,38.38,27.90
71.62,71.62,29.57,30.76,30.97
70.53,70.53,31.89,33.54,32.05
69.81,69.81,33.28,34.44,37.22
62.98,62.98,32.46,28.20,34.55
63.74,63.74,37.75,27.49,33.93
63.80,63.80,35.74,30.55,31.71
63.43,63.43,40.83,30.28,31.13
63.49,63.49,32.32,35.84,30.08
62.37,62.37,23.40,35.53,29.74
71.03,71.03,26.52,35.62,33.64
72.46,72.46,23.43,30.71,34.56
73.62,73.62,23.60,32.61,41.60
75.51,75.51,27.21,30.65,36.27
71.21,71.21,27.07,32.68,32.22
63.24,63.24,24.93,33.20,36.81
55.62,55.62,32.20,32.41,37.15
52.50,52.50,35.51,35.60,39.75
51.13,51.13,34.94,30.67,40.01
53.30,53.30,31.74,32.59,37.20
63.97,63.97,23.76,31.34,30.47
65.88,65.88,22.32,39.02,28.04
70.53,70.53,26.98,37.73,29.93
71.29,71.29,23.45,30.29,24.35
69.68,69.68,23.11,32.12,26.10
69.47,69.47,27.78,28.56,26.01
68.98,68.98,29.50,36.12,26.64
64.29,64.29,31.37,34.84,28.12
58.80,58.80,33.74,38.24,26.20
55.41,55.41,28.68,31.29,26.85
50.61,50.61,30.68,25.07,25.25
54.90,54.90,25.95,27.42,22.34
65.00,65.00,28.96,35.04,21.83
67.62,67.62,27.86,39.12,29.57
72.30,72.30,26.23,35.06,37.61
74.43,74.43,30.33,34.99,29.64
71.78,71.78,29.55,32.62,25.29
64.75,64.75,35.99,30.57,28.21
58.79,58.79,42.14,34.02,30.01
53.21,53.21,40.94,36.33,36.06
46.04,46.04,34.95,32.96,37.30
42.82,42.82,31.41,27.29,36.67
60.80,60.80,29.11,24.44,32.09
65.73,65.73,28.71,31.83,30.35
67.44,67.44,26.73,40.18,28.85
70.15,70.15,25.42,36.16,30.88
69.89,69.89,24.24,29.33,25.45
69.72,69.72,22.44,33.42,24.12
69.73,69.73,27.92,34.03,27.80
67.88,67.88,30.74,38.26,29.33
59.42,59.42,34.02,33.88,29.43
57.98,57.98,32.76,33.36,28.09
45.21,45.21,29.63,27.24,22.98
50.11,50.11,30.11,23.99,25.73
57.61,57.61,28.74,28.53,25.60
66.67,66.67,29.49,29.47,33.01
68.78,68.78,26.53,35.22,28.33
73.06,73.06,25.65,37.50,31.34
73.40,73.40,24.58,31.63,27.45
71.31,71.31,29.35,28.28,25.73
63.51,63.51,27.17,30.65,24.65
58.09,58.09,36.77,39.63,24.22
42.13,42.13,34.07,26.38,27.75
42.21,42.21,38.06,31.70,27.77
37.01,37.01,39.48,28.09,31.56
40.80,40.80,39.35,28.75,25.23
40.53,40.53,40.20,24.15,26.77
42.49,42.49,39.88,23.50,21.60
37.84,37.84,40.57,24.07,25.07
37.89,37.89,39.89,18.57,24.71
38.36,38.36,40.80,30.44,27.55
38.46,38.46,41.02,25.19,25.49
38.79,38.79,41.49,27.64,25.98
35.11,35.11,38.53,25.99,23.10
35.27,35.27,41.01,21.38,18.80
34.14,34.14,37.93,17.11,18.84
31.24,31.24,36.92,16.02,14.70
31.88,31.88,36.28,18.29,16.83
27.18,27.18,35.27,13.49,15.30
33.06,33.06,37.98,22.89,23.36
32.61,32.61,36.76,20.14,23.57
34.54,34.54,35.67,20.36,18.39
40.41,40.41,39.03,18.35,24.08
38.71,38.71,40.03,23.42,23.91
24.47,24.47,34.85,23.86,12.53
21.54,21.54,35.01,13.54,11.08
21.09,21.09,36.14,14.41,11.29
18.68,18.68,34.52,17.25,7.04
20.83,20.83,30.39,12.37,3.70
27.98,27.98,32.56,12.55,9.99
28.27,28.27,32.90,14.15,10.56
34.69,34.69,36.93,13.51,17.07
35.69,35.69,39.39,20.89,16.34
31.58,31.58,38.88,18.75,16.80
29.16,29.16,33.90,21.58,11.48
30.06,30.06,34.87,22.74,14.85
29.06,29.06,33.59,21.49,21.58
29.76,29.76,30.00,19.05,19.20
39.19,39.19,28.87,21.33,28.02
49.09,49.09,26.09,23.21,40.52
65.68,65.68,27.64,25.67,56.16
78.41,78.41,32.61,34.53,69.92
76.57,76.57,33.20,36.70,77.86
75.35,75.35,29.15,33.93,74.96
75.91,75.91,29.49,34.35,75.81
75.43,75.43,31.25,37.46,73.90
75.29,75.29,30.34,34.49,71.50
74.81,74.81,29.27,33.47,71.96
74.44,74.44,25.07,27.49,72.40
73.32,73.32,25.57,31.21,70.79
73.64,73.64,23.87,36.40,72.31
74.94,74.94,28.58,32.88,71.27
75.34,75.34,29.93,35.16,69.64
73.30,73.30,31.47,35.06,69.59
72.24,72.24,28.69,25.45,68.31
73.39,73.39,27.45,35.50,68.78
75.19,75.19,24.49,33.70,67.95
73.76,73.76,22.98,28.60,64.12
66.78,66.78,26.90,34.50,64.86
66.41,66.41,27.11,30.97,63.65
66.69,66.69,25.76,29.64,65.67
67.72,67.72,26.17,29.62,63.48
70.22,70.22,24.59,33.98,65.85
74.63,74.63,23.34,28.09,65.67
76.68,76.68,26.33,31.42,66.27
73.97,73.97,29.18,26.93,64.53
70.39,70.39,23.83,30.94,65.26
72.20,72.20,22.61,36.16,65.62
72.59,72.59,21.84,37.23,64.47
71.63,71.63,19.60,36.13,62.56
72.68,72.68,18.69,32.83,59.75
74.63,74.63,21.71,37.89,59.28
72.34,72.34,27.37,37.58,63.42
73.54,73.54,28.80,39.28,64.82
74.41,74.41,26.50,34.26,65.90
73.16,73.16,27.19,34.04,65.48
67.54,67.54,23.42,36.29,66.57
61.53,61.53,23.81,29.10,66.56
64.69,64.69,26.24,35.92,66.87
55.65,55.65,26.31,42.94,66.74
59.85,59.85,25.32,39.33,66.53
55.03,55.03,22.20,37.60,59.32
55.98,55.98,20.37,40.00,54.45
60.18,60.18,19.83,34.11,51.08
70.15,70.15,14.26,34.32,55.58
72.10,72.10,11.68,29.39,64.65
75.32,75.32,13.57,36.71,71.75
79.15,79.15,25.03,32.89,77.06
78.07,78.07,27.30,24.45,75.82
76.42,76.42,27.71,27.69,74.62
73.19,73.19,24.89,36.66,73.40
74.06,74.06,21.74,33.30,72.98
74.64,74.64,22.18,31.66,74.22
72.90,72.90,22.62,26.91,72.47
75.44,75.44,21.38,33.63,72.90
74.54,74.54,24.04,31.36,71.71
75.34,75.34,26.63,32.03,71.50
73.11,73.11,28.34,29.59,70.64
73.76,73.76,29.75,31.20,70.67
72.31,72.31,35.59,30.06,68.22
72.04,72.04,32.90,32.82,67.28
70.68,70.68,35.69,29.35,62.46
71.56,71.56,35.95,30.35,64.65
67.96,67.96,35.94,34.63,64.38
66.55,66.55,37.10,30.78,64.80
62.04,62.04,36.76,34.16,63.13
54.51,54.51,34.72,31.93,63.78
58.07,58.07,26.58,24.12,61.64
51.56,51.56,23.17,31.26,65.42
59.37,59.37,20.85,33.73,67.48
52.59,52.59,20.47,26.27,69.06
50.44,50.44,23.52,33.16,69.96
50.68,50.68,25.28,33.53,71.42
50.74,50.74,27.53,35.51,68.06
43.39,43.39,27.02,30.51,68.92
42.64,42.64,27.13,27.90,68.35
41.56,41.56,25.56,28.62,67.82
46.62,46.62,24.68,32.21,68.70
50.37,50.37,27.35,28.63,65.83
58.51,58.51,28.11,27.12,67.10
64.56,64.56,31.39,30.92,66.28
68.61,68.61,30.84,35.16,64.48
69.77,69.77,32.24,34.25,63.73
70.22,70.22,34.02,30.71,64.28
70.49,70.49,36.52,26.24,64.36
69.76,69.76,34.84,33.14,63.95
64.69,64.69,37.59,33.92,64.27
51.71,51.71,39.83,33.50,65.25
47.76,47.76,33.44,31.87,64.76
52.29,52.29,26.22,28.57,61.97
63.73,63.73,25.13,34.20,60.22
74.76,74.76,24.61,24.60,64.61
74.38,74.38,21.81,26.90,68.84
75.34,75.34,23.22,31.32,74.40
74.25,74.25,24.47,27.70,76.80
71.59,71.59,26.30,31.63,78.41
72.26,72.26,26.51,28.40,78.00
73.60,73.60,28.69,28.79,77.32
72.13,72.13,29.19,29.12,75.23
71.93,71.93,28.26,27.62,74.45
72.35,72.35,24.59,32.48,71.92
74.12,74.12,21.70,33.44,74.41
72.47,72.47,24.77,34.04,74.19
63.29,63.29,22.86,34.46,73.51
53.65,53.65,24.57,32.67,71.61
53.94,53.94,28.77,35.61,69.54
53.72,53.72,31.03,33.52,70.01
57.36,57.36,31.35,33.42,65.87
49.22,49.22,33.26,33.04,67.31
50.30,50.30,33.54,33.33,66.97
47.69,47.69,36.00,39.18,67.33
50.16,50.16,36.45,37.25,66.89
51.52,51.52,36.86,37.51,64.60
51.19,51.19,36.96,36.65,63.31
50.46,50.46,36.53,33.88,65.71
53.32,53.32,39.42,32.01,63.36
52.28,52.28,38.86,35.58,63.16
51.04,51.04,36.45,34.96,63.17
52.40,52.40,38.21,33.71,61.18
52.77,52.77,38.41,35.39,64.59
50.96,50.96,39.74,41.16,64.64
50.47,50.47,39.40,32.20,65.97
48.99,48.99,40.93,35.31,66.23
48.44,48.44,40.16,37.43,63.39
42.36,42.36,38.70,30.66,64.51
37.44,37.44,38.09,31.96,64.07
38.24,38.24,39.18,33.07,64.90
38.98,38.98,40.26,29.11,65.52
37.87,37.87,41.46,33.31,64.28
38.32,38.32,42.17,32.93,62.48
39.46,39.46,42.20,32.15,63.50
38.54,38.54,41.35,29.75,61.94
39.43,39.43,40.27,34.82,63.01
36.94,36.94,37.28,30.99,64.01
36.90,36.90,33.83,31.30,62.18
30.50,30.50,29.92,37.05,63.95
20.68,20.68,23.95,26.43,66.20
13.93,13.93,22.73,31.67,72.04
12.51,12.51,21.26,32.65,76.19
8.22,8.22,26.10,32.53,77.83
13.02,13.02,30.88,30.95,76.15
17.13,17.13,35.47,29.41,75.28
19.12,19.12,35.56,31.72,74.24
19.29,19.29,28.18,33.77,72.19
17.23,17.23,28.95,34.55,72.07
17.58,17.58,29.59,31.51,72.83
19.50,19.50,34.92,32.97,71.36
20.39,20.39,39.82,35.60,73.18
17.06,17.06,41.21,33.94,72.47
16.90,16.90,33.50,30.16,72.42
20.96,20.96,33.63,26.36,70.91
22.68,22.68,36.19,33.52,70.39
25.62,25.62,29.46,31.63,68.24
26.21,26.21,30.57,29.32,68.51
28.50,28.50,35.15,32.15,67.68
25.38,25.38,35.62,33.30,68.33
31.61,31.61,34.38,27.17,65.95
29.83,29.83,34.83,29.40,65.54
30.99,30.99,34.00,33.98,64.85
31.29,31.29,31.22,31.87,64.67
29.37,29.37,33.14,26.58,64.07
23.40,23.40,30.67,23.13,65.48
14.96,14.96,26.12,25.10,67.11
5.98,5.98,23.56,30.88,69.13
13.01,13.01,28.98,29.09,69.92
21.21,21.21,26.30,27.80,70.68
25.58,25.58,31.57,39.05,69.50
27.76,27.76,34.37,34.08,68.31
30.98,30.98,36.78,41.57,67.78
31.04,31.04,35.27,41.53,67.48
31.40,31.40,34.50,39.54,66.14
32.85,32.85,33.30,43.31,66.97
34.40,34.40,38.42,45.99,66.12
33.53,33.53,41.15,44.88,66.40
34.37,34.37,42.90,44.15,64.14
34.22,34.22,43.13,46.17,63.72
33.85,33.85,40.83,42.19,64.82
33.14,33.14,41.54,41.98,66.17
30.95,30.95,41.15,44.06,65.71
30.11,30.11,38.17,43.67,64.21
29.96,29.96,37.52,44.39,65.53
29.60,29.60,34.62,39.84,64.53
36.09,36.09,27.91,43.87,64.61
42.45,42.45,23.81,32.12,65.38
58.95,58.95,24.45,26.47,67.72
73.05,73.05,27.84,24.47,76.12
74.79,74.79,25.82,19.66,77.22
72.00,72.00,28.55,24.83,75.65
71.47,71.47,29.35,29.88,76.81
72.32,72.32,29.48,26.91,75.27
70.42,70.42,29.41,27.21,74.49
70.72,70.72,24.90,31.75,72.81
71.64,71.64,21.62,32.36,72.61
70.46,70.46,21.93,34.59,72.36
73.06,73.06,22.08,26.55,71.96
75.50,75.50,25.14,29.81,71.51
73.92,73.92,24.67,31.54,71.25
72.73,72.73,23.57,30.67,69.87
73.13,73.13,22.44,30.47,70.30
63.00,63.00,16.49,36.39,69.74
57.34,57.34,14.00,33.23,68.23
58.36,58.36,11.03,28.24,68.29
57.58,57.58,9.37,30.97,68.47
57.32,57.32,10.05,32.44,66.82
66.48,66.48,20.13,31.70,66.48
64.93,64.93,16.93,34.79,66.17
74.65,74.65,17.68,32.64,67.49
75.56,75.56,17.04,29.55,68.88
71.82,71.82,18.17,28.79,69.35
71.46,71.46,18.20,32.48,70.11
71.35,71.35,17.68,32.45,70.09
73.82,73.82,17.80,31.56,69.31
74.53,74.53,20.87,35.70,69.36
74.32,74.32,22.60,34.59,64.37
74.93,74.93,25.11,33.71,64.09
75.10,75.10,25.43,38.25,63.54
69.91,69.91,30.64,35.81,64.27
71.88,71.88,30.76,34.96,64.19
71.17,71.17,28.60,41.17,64.99
69.36,69.36,25.98,36.99,66.30
62.72,62.72,25.92,37.19,66.86
65.02,65.02,26.08,37.09,67.76
58.93,58.93,22.58,40.97,66.88
60.51,60.51,21.14,33.25,65.87
61.46,61.46,20.64,33.76,65.15
62.23,62.23,27.85,33.36,63.67
62.96,62.96,24.72,34.24,60.61
61.50,61.50,24.19,28.78,62.23
61.02,61.02,24.58,26.63,63.31
59.08,59.08,22.54,23.36,69.36
62.27,62.27,19.40,33.88,73.15
72.30,72.30,25.13,29.20,74.63
71.09,71.09,28.99,27.56,77.09
78.21,78.21,31.87,30.35,73.50
76.35,76.35,29.90,30.07,74.13
75.20,75.20,27.99,27.10,72.47
72.31,72.31,29.44,25.27,73.53
72.53,72.53,28.28,25.78,71.13
76.36,76.36,26.81,30.49,72.83
79.92,79.92,27.37,21.69,70.58
77.14,77.14,26.99,25.28,70.79
76.28,76.28,30.13,29.40,69.76
76.22,76.22,32.37,33.62,69.74
74.19,74.19,28.31,22.05,68.75
73.24,73.24,32.13,24.35,68.20
76.03,76.03,28.97,25.61,67.66
73.93,73.93,27.54,27.03,68.48
69.34,69.34,30.41,32.38,66.81
72.79,72.79,31.21,24.98,68.34
74.62,74.62,30.06,30.89,66.46
76.30,76.30,30.48,35.14,67.11
75.68,75.68,24.89,34.81,66.42
76.17,76.17,23.88,38.59,66.54
78.33,78.33,24.65,29.45,68.23
78.23,78.23,25.89,32.82,65.03
70.23,70.23,25.13,31.02,66.25
69.49,69.49,26.26,31.36,67.03
68.15,68.15,25.01,30.48,68.34
67.16,67.16,23.36,28.74,69.73
68.11,68.11,24.60,15.88,67.69
69.72,69.72,28.54,24.65,69.33
69.63,69.63,30.55,28.03,67.55
69.27,69.27,31.81,34.40,68.56
72.60,72.60,32.37,26.21,65.38
71.10,71.10,33.02,34.98,67.77
70.87,70.87,33.74,31.98,66.00
71.35,71.35,34.19,27.75,66.59
71.71,71.71,35.94,28.22,67.88
71.77,71.77,37.34,31.31,66.38
72.17,72.17,37.21,27.96,63.52
72.42,72.42,35.48,22.71,66.26
71.88,71.88,33.97,24.95,64.43
71.87,71.87,31.97,25.47,62.34
68.38,68.38,26.61,29.80,64.82
64.05,64.05,21.20,28.72,64.45
59.87,59.87,19.81,28.88,65.15
77.19,77.19,19.08,27.48,71.83
80.25,80.25,18.16,25.81,76.70
78.11,78.11,14.86,25.65,76.30
72.75,72.75,20.82,28.11,74.75
72.41,72.41,18.23,22.19,74.93
75.62,75.62,20.91,29.75,73.83
74.32,74.32,22.00,30.00,75.47
69.27,69.27,23.55,23.50,73.49
60.77,60.77,25.72,27.38,73.58
68.09,68.09,26.90,35.10,70.83
69.91,69.91,28.39,34.75,72.46
63.24,63.24,26.38,31.78,69.92
70.16,70.16,24.89,28.98,70.52
73.28,73.28,25.13,25.99,68.79
71.68,71.68,24.65,30.07,69.39
73.50,73.50,23.75,28.73,68.95
73.14,73.14,24.14,34.25,67.48
71.43,71.43,24.63,27.94,67.22
66.43,66.43,26.27,29.58,65.75
61.23,61.23,27.59,23.40,67.28
64.80,64.80,29.61,29.16,67.32
67.73,67.73,28.75,25.74,65.79
69.82,69.82,31.05,22.80,65.40
67.29,67.29,30.61,32.79,66.15
67.96,67.96,30.46,32.00,65.03
68.06,68.06,30.89,30.59,64.88
70.86,70.86,31.73,27.66,63.61
73.51,73.51,33.05,31.76,62.60
74.57,74.57,34.01,30.21,62.79
74.20,74.20,37.55,28.83,61.44
71.96,71.96,40.01,29.70,61.62
68.74,68.74,40.60,30.60,62.33
66.25,66.25,41.85,32.76,61.87
67.46,67.46,42.33,26.13,61.06
65.72,65.72,43.11,30.98,63.25
65.28,65.28,43.10,27.73,64.81
62.68,62.68,41.30,23.44,62.58
65.17,65.17,40.65,26.85,61.84
68.64,68.64,39.58,26.31,62.07
70.23,70.23,39.08,23.73,61.13
72.06,72.06,38.39,28.26,61.69
73.27,73.27,36.50,21.91,62.51
74.94,74.94,36.15,24.45,64.08
76.05,76.05,34.63,23.28,64.12
75.38,75.38,39.44,28.76,70.51
72.88,72.88,29.00,19.35,73.45
69.02,69.02,32.40,25.05,76.11
61.21,61.21,32.30,21.46,75.60
58.41,58.41,32.87,23.88,75.15
59.65,59.65,30.65,25.44,74.43
62.73,62.73,35.55,26.88,72.36
65.11,65.11,39.69,25.33,72.33
67.61,67.61,36.71,27.82,71.12
67.95,67.95,32.01,26.18,72.27
67.73,67.73,38.01,22.85,69.92
69.89,69.89,37.67,24.02,71.96
71.19,71.19,38.03,27.18,68.95
72.81,72.81,38.17,27.92,70.91
72.31,72.31,35.35,25.64,67.74
73.19,73.19,35.00,28.94,67.86
71.70,71.70,38.60,29.97,66.92
72.44,72.44,37.93,18.15,67.19
72.22,72.22,36.89,14.34,65.59
62.58,62.58,38.04,23.33,63.70
68.35,68.35,35.00,23.57,63.83
71.68,71.68,32.82,28.58,63.27
73.17,73.17,33.96,25.58,65.37
72.28,72.28,33.60,30.47,66.94
71.13,71.13,32.60,23.24,68.85
71.00,71.00,36.82,25.80,68.06
72.46,72.46,35.44,23.17,67.36
72.00,72.00,36.46,28.55,68.35
68.51,68.51,35.46,29.21,67.97
63.41,63.41,36.01,29.01,66.66
64.56,64.56,36.98,26.44,65.68
70.68,70.68,37.00,29.70,65.49
71.22,71.22,37.93,17.28,66.58
71.83,71.83,39.64,28.39,66.42
71.05,71.05,39.76,20.08,65.80
69.33,69.33,41.41,25.25,66.45
67.53,67.53,43.46,20.23,66.11
63.64,63.64,44.12,30.65,66.80
62.17,62.17,42.96,19.46,66.82
59.73,59.73,44.18,21.36,67.11
65.93,65.93,44.30,25.27,66.15
70.04,70.04,41.41,19.99,67.22
67.01,67.01,42.50,20.98,68.55
59.81,59.81,39.00,31.75,69.64
57.26,57.26,35.22,34.50,70.38
63.06,63.06,29.44,35.05,70.92
72.81,72.81,25.70,25.63,69.37
75.14,75.14,22.57,36.25,64.55
71.87,71.87,20.80,33.00,69.48
70.05,70.05,16.95,26.43,74.74
67.68,67.68,16.41,27.09,73.83
69.77,69.77,13.23,27.21,73.66
70.59,70.59,13.02,21.62,70.89
70.56,70.56,10.50,24.36,71.83
66.89,66.89,10.80,19.41,70.95
59.16,59.16,15.33,33.04,70.54
61.47,61.47,15.87,24.92,70.32
63.32,63.32,19.79,30.44,72.01
75.25,75.25,25.24,30.36,68.51
73.65,73.65,23.09,26.95,70.08
73.26,73.26,21.63,23.67,67.51
72.68,72.68,19.19,26.81,66.65
73.24,73.24,22.51,28.53,66.83
74.28,74.28,27.03,31.89,66.01
74.09,74.09,27.73,31.73,65.62
71.92,71.92,25.33,21.48,66.96
69.81,69.81,24.48,28.60,67.84
69.26,69.26,25.51,34.12,66.10
70.36,70.36,24.52,27.17,68.90
71.30,71.30,26.89,30.75,70.00
71.80,71.80,27.17,26.99,70.75
72.48,72.48,29.95,26.53,71.70
71.11,71.11,29.12,30.91,72.49
72.35,72.35,28.24,31.17,71.32
70.77,70.77,27.55,29.32,70.48
69.74,69.74,27.91,32.43,71.15
68.23,68.23,28.96,20.10,69.71
65.95,65.95,33.84,30.30,71.91
68.54,68.54,32.61,28.58,70.35
75.13,75.13,29.64,26.34,71.18
75.57,75.57,33.73,26.22,71.28
74.11,74.11,34.90,25.55,71.03
70.13,70.13,35.22,22.42,70.39
59.60,59.60,37.86,25.91,70.74
57.26,57.26,42.15,31.65,71.20
57.74,57.74,37.56,27.00,71.85
52.00,52.00,30.49,25.11,69.47
58.04,58.04,27.93,29.78,71.08
64.19,64.19,22.04,33.91,71.77
71.44,71.44,20.90,27.44,71.79
76.87,76.87,18.82,27.41,71.67
77.74,77.74,22.47,28.53,72.64
75.05,75.05,24.19,25.92,72.56
78.00,78.00,28.16,31.39,73.76
75.59,75.59,31.97,30.51,71.96
79.03,79.03,33.97,23.35,71.92
77.50,77.50,33.02,30.49,69.81
76.57,76.57,35.05,27.71,71.09
78.86,78.86,32.65,26.52,72.43
76.87,76.87,32.19,31.61,71.49
77.63,77.63,31.97,20.41,72.41
75.54,75.54,28.99,32.27,68.35
77.02,77.02,27.73,22.84,70.78
75.25,75.25,28.78,32.32,68.62
77.07,77.07,28.64,38.36,69.06
77.20,77.20,29.50,30.12,68.78
77.74,77.74,27.25,30.35,67.71
78.54,78.54,28.71,27.77,65.97
77.99,77.99,27.15,25.67,65.13
75.17,75.17,28.20,28.24,65.25
76.02,76.02,30.04,27.99,64.85
77.67,77.67,28.04,40.04,64.48
77.59,77.59,27.68,30.14,65.47
78.94,78.94,26.83,25.50,64.79
77.06,77.06,26.70,27.28,65.46
68.22,68.22,24.81,23.14,69.43
71.67,71.67,24.08,20.89,68.54
72.66,72.66,19.61,24.30,72.82
73.37,73.37,18.69,32.50,70.54
75.12,75.12,20.20,25.46,68.99
74.88,74.88,21.92,24.36,69.64
67.12,67.12,21.63,29.82,72.40
55.59,55.59,19.22,29.99,70.13
56.82,56.82,19.82,23.60,72.18
57.04,57.04,20.92,29.63,70.15
54.15,54.15,24.63,20.48,74.70
51.93,51.93,28.28,26.89,71.96
52.81,52.81,27.52,27.75,74.08
55.15,55.15,26.20,27.90,72.14
59.62,59.62,24.37,22.08,73.43
58.07,58.07,22.48,30.95,73.79
56.33,56.33,26.00,29.28,72.79
64.38,64.38,22.58,39.06,74.57
70.16,70.16,15.41,29.11,74.20
71.13,71.13,16.08,27.54,74.96
74.31,74.31,17.04,32.54,76.07
77.63,77.63,14.57,30.00,76.89
74.21,74.21,17.20,25.62,76.22
69.63,69.63,14.28,25.76,77.48
70.56,70.56,18.92,32.16,77.20
78.42,78.42,21.75,31.00,79.91
72.33,72.33,20.08,30.04,77.85
76.50,76.50,22.93,34.16,78.19
75.45,75.45,23.62,30.81,80.33
69.86,69.86,24.83,34.59,79.43
77.41,77.41,26.32,31.19,79.91
75.24,75.24,29.39,25.37,79.25
67.40,67.40,26.80,30.89,79.31
75.36,75.36,27.75,27.47,78.65
68.48,68.48,27.54,35.55,80.06
67.01,67.01,29.77,31.94,78.49
64.32,64.32,27.15,37.36,80.06
63.22,63.22,27.43,31.00,79.16
69.65,69.65,29.04,32.93,79.18
69.39,69.39,28.36,37.56,79.66
68.27,68.27,29.15,34.83,79.08
69.73,69.73,30.61,33.68,80.38
61.84,61.84,32.31,31.85,78.64
69.07,69.07,33.09,32.94,79.82
72.51,72.51,33.53,31.34,79.18
71.92,71.92,32.40,35.12,80.93
71.38,71.38,33.00,30.97,81.09
70.31,70.31,33.25,31.46,81.10
70.88,70.88,33.36,34.88,80.39
70.93,70.93,32.05,36.34,80.11
71.43,71.43,35.32,27.74,80.51
71.81,71.81,35.88,27.75,80.31
70.22,70.22,33.85,33.45,81.31
71.06,71.06,34.16,30.14,80.08
70.78,70.78,35.92,23.90,81.00
70.27,70.27,33.91,31.86,79.32
69.25,69.25,35.01,31.33,80.13
68.71,68.71,34.91,36.63,77.20
68.79,68.79,36.22,31.94,79.28
68.14,68.14,36.35,32.24,77.00
70.00,70.00,37.35,34.57,77.84
69.98,69.98,35.20,32.74,75.44
72.13,72.13,34.37,32.52,77.51
72.82,72.82,33.81,37.76,76.95
72.49,72.49,32.61,27.80,75.97
72.39,72.39,33.95,26.13,77.11
70.27,70.27,32.23,23.81,75.43
69.16,69.16,33.08,31.03,77.50
65.14,65.14,30.12,25.21,75.54
63.74,63.74,30.83,28.37,76.80
65.26,65.26,31.34,24.13,78.54
68.76,68.76,28.99,28.56,77.70
70.74,70.74,29.60,34.64,77.75
72.60,72.60,28.69,25.00,77.68
75.47,75.47,29.88,27.72,78.18
75.17,75.17,28.56,25.80,76.43
75.93,75.93,28.57,25.40,77.22
75.15,75.15,29.41,29.48,75.65
73.97,73.97,30.46,33.62,78.63
75.05,75.05,31.68,26.23,75.49
74.30,74.30,30.04,31.92,77.36
73.75,73.75,32.54,37.37,75.91
71.55,71.55,32.79,31.60,76.95
68.85,68.85,34.05,35.13,75.37
63.74,63.74,34.77,25.41,74.83
59.55,59.55,34.82,31.12,75.33
57.89,57.89,33.65,27.18,75.31
58.09,58.09,31.55,28.77,74.95
58.83,58.83,29.20,26.71,73.31
63.47,63.47,36.36,22.79,75.26
67.38,67.38,41.76,23.78,72.38
69.19,69.19,40.75,30.24,73.01
66.12,66.12,41.03,25.13,71.32
66.35,66.35,37.02,25.03,74.76
74.39,74.39,34.89,26.46,73.67
77.28,77.28,35.77,25.40,72.79
75.34,75.34,33.87,22.90,70.73
71.82,71.82,34.60,17.50,68.84
66.85,66.85,32.76,15.39,71.32
62.64,62.64,29.67,18.09,68.48
64.12,64.12,28.84,19.40,69.66
67.80,67.80,29.86,21.34,68.77
71.45,71.45,30.61,21.87,68.01
72.94,72.94,30.24,23.63,68.47
74.50,74.50,29.96,19.37,67.87
72.03,72.03,28.79,17.63,68.09
65.80,65.80,30.69,18.43,65.74
61.82,61.82,30.12,20.94,65.21
70.73,70.73,28.60,16.61,65.04
74.01,74.01,29.13,12.83,64.46
73.64,73.64,31.20,14.27,64.36
68.98,68.98,32.71,11.51,62.47
61.34,61.34,31.39,21.39,63.55
66.18,66.18,35.17,23.00,62.65
64.66,64.66,49.20,27.50,65.78
72.72,72.72,48.29,25.65,66.83
76.42,76.42,45.45,29.54,68.00
76.42,76.42,45.14,17.15,68.38
75.90,75.90,42.39,20.93,68.45
75.15,75.15,39.47,23.24,68.25
72.55,72.55,38.13,17.98,68.32
70.11,70.11,39.26,23.65,68.14
72.49,72.49,38.31,23.72,67.17
73.01,73.01,37.75,22.09,67.19
75.90,75.90,36.37,22.26,66.37
75.05,75.05,34.65,25.66,64.80
75.31,75.31,36.13,22.49,62.00
75.66,75.66,36.99,24.03,59.30
74.03,74.03,35.98,21.25,58.05
72.32,72.32,35.71,22.45,58.06
71.29,71.29,36.30,25.51,62.14
75.32,75.32,38.26,24.82,64.03
71.18,71.18,39.68,23.43,65.05
64.73,64.73,37.92,19.94,65.53
65.63,65.63,39.24,20.50,66.08
66.94,66.94,34.66,17.48,66.16
71.86,71.86,37.39,20.02,66.02
73.32,73.32,37.39,16.46,66.22
73.08,73.08,38.80,17.55,71.81
74.17,74.17,36.92,25.58,72.08
73.00,73.00,31.63,25.92,73.84
74.23,74.23,34.21,22.68,72.09
73.60,73.60,36.84,21.85,70.65
74.03,74.03,43.00,26.57,70.86
75.29,75.29,44.92,26.39,68.43
75.39,75.39,35.91,24.74,67.51
72.13,72.13,38.17,29.61,67.30
74.19,74.19,32.64,25.46,66.52
74.24,74.24,38.26,20.51,64.76
74.11,74.11,39.63,26.15,65.45
68.65,68.65,39.00,29.67,66.53
63.51,63.51,40.78,31.23,65.21
61.42,61.42,38.92,26.24,65.42
54.94,54.94,38.17,28.53,65.41
56.30,56.30,36.21,25.10,63.94
59.14,59.14,32.14,29.21,64.88
59.92,59.92,32.33,28.69,63.54
60.63,60.63,35.26,29.14,64.57
69.47,69.47,28.82,31.64,63.85
72.93,72.93,37.73,29.55,61.55
68.36,68.36,29.74,27.36,61.83
65.82,65.82,33.22,23.81,63.27
76.43,76.43,36.49,31.37,63.72
75.76,75.76,30.20,27.73,62.21
75.16,75.16,39.77,31.38,62.36
74.85,74.85,32.98,30.16,62.09
72.90,72.90,38.15,35.08,61.35
74.77,74.77,32.52,29.88,60.27
73.41,73.41,33.63,27.75,62.24
74.90,74.90,35.05,30.24,59.24
73.51,73.51,31.02,28.17,61.31
74.84,74.84,31.34,31.09,61.08
73.87,73.87,30.18,29.69,62.16
73.94,73.94,31.97,31.92,61.13
71.70,71.70,28.86,31.97,62.59
70.99,70.99,32.04,29.65,59.84
70.81,70.81,37.07,30.45,60.03
73.24,73.24,33.59,33.41,58.17
68.45,68.45,31.97,29.73,59.76
67.39,67.39,39.42,33.36,60.71
67.82,67.82,37.86,33.93,59.55
58.06,58.06,39.15,30.91,59.11
55.01,55.01,37.79,30.75,58.53
54.15,54.15,39.37,34.01,59.39
55.89,55.89,42.41,35.30,58.67
54.26,54.26,43.05,37.02,59.51
48.06,48.06,41.40,32.32,61.74
56.52,56.52,40.01,34.36,61.19
54.09,54.09,39.97,32.39,59.61
52.61,52.61,40.87,33.90,59.74
53.94,53.94,39.21,30.94,60.88
47.03,47.03,39.35,30.30,59.08
46.10,46.10,36.49,32.42,59.44
49.95,49.95,34.98,35.05,58.48
57.98,57.98,38.76,33.99,57.85
62.12,62.12,41.20,36.58,59.62
66.15,66.15,37.69,32.35,56.65
68.35,68.35,38.61,34.91,57.52
68.85,68.85,39.58,33.35,56.44
69.78,69.78,41.31,33.50,55.23
69.75,69.75,42.03,35.20,57.11
64.27,64.27,40.29,33.08,57.44
55.74,55.74,39.20,34.89,56.29
51.58,51.58,37.85,36.94,54.92
53.41,53.41,34.32,37.06,51.51
57.57,57.57,35.42,26.47,44.11
61.07,61.07,25.85,31.33,35.57
76.05,76.05,26.07,41.95,44.48
76.85,76.85,28.19,37.23,41.29
75.56,75.56,27.80,36.11,39.39
73.44,73.44,26.59,31.13,41.32
72.53,72.53,28.67,31.87,39.80
73.06,73.06,32.50,31.01,37.54
72.37,72.37,32.69,32.40,38.34
71.33,71.33,24.25,28.66,39.73
71.63,71.63,29.11,32.25,39.81
71.87,71.87,28.55,23.46,39.96
72.13,72.13,27.45,28.09,39.09
71.25,71.25,32.40,26.74,35.88
68.05,68.05,36.17,32.62,31.59
58.68,58.68,41.09,30.35,26.93
54.75,54.75,43.51,34.79,26.16
56.53,56.53,44.79,29.65,26.19
53.65,53.65,45.03,30.00,27.98
52.26,52.26,45.15,28.28,28.31
54.07,54.07,45.29,24.15,29.03
47.05,47.05,46.49,29.54,31.32
50.88,50.88,46.67,35.26,31.98
48.68,48.68,46.46,34.63,31.85
48.74,48.74,46.66,33.37,30.05
52.42,52.42,47.05,33.03,29.03
54.60,54.60,46.65,35.50,30.12
53.29,53.29,46.36,35.50,30.10
53.11,53.11,46.59,36.06,30.15
51.36,51.36,46.67,35.32,31.34
51.97,51.97,46.03,34.85,28.59
50.60,50.60,45.57,33.90,26.81
50.10,50.10,45.44,32.61,25.66
50.63,50.63,45.39,30.04,22.86
47.78,47.78,45.58,28.56,20.69
45.25,45.25,45.27,23.15,21.08
42.71,42.71,44.76,22.89,22.54
40.13,40.13,44.72,18.26,24.28
37.84,37.84,44.03,21.84,24.05
36.95,36.95,44.24,26.03,24.15
37.39,37.39,44.07,24.81,23.52
36.60,36.60,43.95,22.86,22.87
32.84,32.84,43.66,24.79,22.01
32.39,32.39,42.54,26.50,20.84
36.91,36.91,42.30,28.93,21.29
37.45,37.45,41.94,29.32,20.82
36.51,36.51,41.81,29.80,18.41
34.29,34.29,41.21,29.44,16.55
34.11,34.11,41.02,24.13,18.03
43.18,43.18,44.15,28.30,23.70
44.26,44.26,42.73,29.28,23.49
45.52,45.52,43.18,29.28,25.38
45.40,45.40,41.85,30.91,28.07
43.75,43.75,41.16,30.60,29.07
40.12,40.12,38.96,27.57,29.31
39.08,39.08,38.99,27.27,28.75
40.43,40.43,41.04,32.02,27.29
39.23,39.23,40.65,31.29,25.25
38.41,38.41,38.37,29.12,23.33
38.78,38.78,38.79,30.84,22.44
36.08,36.08,37.93,29.15,20.56
36.03,36.03,39.92,30.07,21.15
25.93,25.93,35.10,22.90,17.22
26.67,26.67,35.32,15.28,17.81
25.62,25.62,35.65,19.45,17.10
24.31,24.31,32.56,17.02,12.53
23.89,23.89,31.85,13.55,11.82
23.50,23.50,31.32,16.83,11.48
23.41,23.41,30.59,18.62,11.23
23.28,23.28,30.04,15.34,10.68
22.90,22.90,29.62,11.97,9.80
22.47,22.47,29.36,11.53,8.99
22.21,22.21,29.00,11.02,8.93
22.06,22.06,28.28,11.65,8.05
21.76,21.76,27.67,12.22,7.21
21.00,21.00,26.79,14.15,6.18
20.78,20.78,26.26,15.15,5.48
20.99,20.99,26.09,14.62,5.18
20.99,20.99,25.67,13.58,4.73
20.84,20.84,25.56,9.54,4.59
20.68,20.68,25.05,5.55,5.48
20.10,20.10,24.56,7.58,5.16
18.85,18.85,23.53,4.48,4.52
19.07,19.07,22.68,6.67,3.40
19.23,19.23,22.70,2.10,3.17
17.52,17.52,22.21,2.28,4.17
18.73,18.73,26.49,8.51,10.14
25.06,25.06,37.14,24.13,16.68
28.89,28.89,38.53,25.65,23.12
36.04,36.04,36.00,25.56,29.90
50.69,50.69,35.02,35.62,37.85
58.51,58.51,31.87,28.61,38.81
61.69,61.69,25.54,28.50,48.80
74.96,74.96,25.37,27.38,59.85
76.42,76.42,18.96,19.89,64.06
73.68,73.68,18.71,21.26,71.48
73.44,73.44,16.43,20.28,77.41
71.62,71.62,16.24,24.38,76.52
71.20,71.20,17.19,11.80,75.86
72.33,72.33,11.19,11.79,75.91
72.48,72.48,8.01,14.17,77.21
71.59,71.59,11.60,11.25,76.35
72.07,72.07,15.29,13.88,74.90
70.13,70.13,18.12,17.14,74.80
70.04,70.04,20.16,23.29,74.33
70.83,70.83,18.17,23.17,73.93
70.72,70.72,17.32,21.20,73.31
73.18,73.18,19.00,28.59,73.42
63.19,63.19,14.75,12.64,74.47
60.03,60.03,16.59,16.49,71.84
50.76,50.76,18.71,12.30,74.13
55.34,55.34,20.44,18.03,71.96
62.84,62.84,16.91,23.64,72.46
72.17,72.17,14.83,20.81,72.31
70.94,70.94,13.63,17.69,73.01
62.17,62.17,11.15,26.89,70.76
61.98,61.98,9.37,23.24,72.39
64.32,64.32,10.22,25.53,71.32
75.71,75.71,15.16,22.76,71.52
74.63,74.63,19.50,24.10,72.78
72.76,72.76,17.87,32.47,71.10
69.63,69.63,19.99,18.53,73.18
73.34,73.34,18.56,15.97,71.09
75.39,75.39,18.64,24.75,74.14
71.86,71.86,24.10,28.86,72.69
72.50,72.50,26.43,26.50,73.78
73.09,73.09,26.21,31.08,71.91
72.30,72.30,25.59,29.69,73.07
64.46,64.46,23.81,22.26,72.89
58.35,58.35,20.89,20.81,71.10
57.19,57.19,23.03,22.13,74.53
50.60,50.60,26.57,25.08,70.61
46.61,46.61,27.73,18.51,73.15
48.02,48.02,28.78,18.98,71.88
50.25,50.25,24.48,30.32,71.60
56.53,56.53,19.29,33.36,73.04
64.44,64.44,21.40,18.19,73.55
69.87,69.87,22.97,14.69,70.70
71.11,71.11,24.02,13.49,74.35
70.94,70.94,23.59,27.78,73.31
70.55,70.55,22.44,28.67,73.85
75.49,75.49,20.29,20.83,72.91
75.45,75.45,21.64,12.67,71.83
75.45,75.45,22.23,28.85,72.49
76.07,76.07,26.81,18.95,71.61
75.51,75.51,24.14,12.91,72.70
76.07,76.07,26.14,9.89,72.99
76.30,76.30,22.17,26.02,70.38
76.61,76.61,22.50,28.68,71.23
74.62,74.62,20.55,23.12,71.43
72.12,72.12,20.51,17.68,72.61
70.42,70.42,21.76,5.82,69.12
69.57,69.57,20.76,4.74,69.27
63.52,63.52,23.81,3.24,70.87
60.42,60.42,25.07,13.15,69.65
60.39,60.39,24.20,4.21,70.86
60.00,60.00,26.21,4.96,70.57
53.23,53.23,27.41,13.44,72.77
52.63,52.63,26.65,19.36,72.72
50.22,50.22,26.71,17.72,72.35
53.12,53.12,27.63,19.08,72.52
45.96,45.96,25.73,29.15,73.13
46.39,46.39,25.93,30.34,72.61
47.29,47.29,25.35,24.11,72.96
48.84,48.84,27.22,21.97,69.02
49.16,49.16,29.39,14.59,69.76
50.51,50.51,27.09,17.07,70.77
48.01,48.01,29.28,21.69,70.79
49.16,49.16,30.25,17.12,70.21
51.04,51.04,31.49,17.80,70.06
52.21,52.21,29.38,24.46,69.54
53.16,53.16,29.07,21.28,71.46
54.49,54.49,20.78,15.68,73.34
60.67,60.67,14.03,22.35,73.15
65.50,65.50,11.02,17.86,72.96
69.24,69.24,10.40,18.52,71.54
70.81,70.81,10.57,13.40,71.74
73.28,73.28,10.84,12.50,69.87
75.26,75.26,17.39,21.35,70.13
76.17,76.17,23.74,23.23,69.79
75.76,75.76,24.41,13.63,70.23
75.61,75.61,22.40,23.74,68.22
74.54,74.54,14.47,18.47,68.74
73.90,73.90,8.67,9.66,69.36
70.96,70.96,9.71,3.85,67.83
70.74,70.74,5.75,2.57,69.78
76.37,76.37,6.61,8.20,68.91
74.10,74.10,10.60,15.02,69.14
78.19,78.19,12.99,17.45,66.82
80.08,80.08,7.34,15.99,70.20
80.48,80.48,6.97,16.24,67.74
79.69,79.69,9.70,16.74,69.59
79.10,79.10,13.17,6.13,68.96
78.98,78.98,16.03,23.63,68.69
77.57,77.57,18.84,47.57,67.72
75.91,75.91,14.38,60.60,69.30
77.52,77.52,13.64,72.89,67.83
77.68,77.68,12.76,85.38,70.10
76.63,76.63,11.53,83.85,70.63
74.35,74.35,10.57,83.67,71.87
73.72,73.72,12.14,82.71,68.45
73.92,73.92,14.79,81.02,70.06
73.49,73.49,14.43,82.33,71.03
74.14,74.14,15.52,81.25,71.20
73.03,73.03,15.81,81.58,69.69
72.75,72.75,16.14,83.09,69.61
73.08,73.08,18.15,81.41,70.28
71.14,71.14,22.71,82.82,69.52
71.41,71.41,24.16,71.87,67.78
72.10,72.10,17.11,83.37,70.43
71.43,71.43,11.39,87.74,70.90
71.73,71.73,8.83,91.90,68.21
70.16,70.16,11.00,87.93,70.72
69.10,69.10,14.29,91.13,68.14
69.04,69.04,13.97,87.68,66.30
69.42,69.42,10.38,90.85,68.46
69.34,69.34,6.88,87.07,69.93
69.82,69.82,7.05,89.46,67.88
69.02,69.02,8.35,86.98,70.31
69.44,69.44,10.27,88.18,68.41
67.26,67.26,12.56,88.57,68.08
68.69,68.69,11.15,85.53,68.78
67.19,67.19,10.10,88.70,69.99
67.57,67.57,13.65,85.54,69.17
68.35,68.35,14.78,87.76,70.23
66.39,66.39,15.15,86.27,70.83
69.28,69.28,16.98,86.22,71.16
67.48,67.48,13.26,87.41,72.43
67.68,67.68,15.35,84.13,69.89
68.07,68.07,13.85,86.74,70.80
68.33,68.33,14.62,84.29,67.91
69.72,69.72,17.41,86.02,69.94
70.12,70.12,18.03,82.20,69.51
69.20,69.20,19.17,85.60,68.23
70.06,70.06,17.61,81.15,69.42
69.98,69.98,18.43,84.55,69.54
69.74,69.74,19.66,81.39,69.26
69.23,69.23,20.09,83.35,69.07
69.11,69.11,20.58,82.12,70.07
67.83,67.83,20.69,79.08,70.30
66.36,66.36,18.23,83.58,69.38
65.27,65.27,16.05,78.48,68.88
65.42,65.42,17.05,79.51,68.86
61.95,61.95,18.70,81.30,67.71
60.28,60.28,19.36,79.17,66.76
62.37,62.37,20.50,78.21,69.12
62.94,62.94,19.04,80.45,67.81
65.93,65.93,19.05,75.52,71.15
69.16,69.16,21.28,80.59,69.57
70.31,70.31,23.56,76.36,69.41
70.09,70.09,22.75,79.10,69.17
69.90,69.90,17.47,76.71,68.32
71.77,71.77,13.90,75.20,66.82
67.49,67.49,19.02,76.22,67.62
71.40,71.40,17.45,75.73,68.36
73.44,73.44,17.91,77.46,67.43
71.94,71.94,15.68,71.60,65.75
70.71,70.71,16.87,76.32,65.13
69.47,69.47,17.21,71.36,67.26
72.35,72.35,18.32,72.07,66.03
75.21,75.21,22.68,67.31,66.73
76.47,76.47,20.39,66.65,67.31
73.90,73.90,21.10,61.54,66.62
66.39,66.39,21.61,47.61,66.94
62.85,62.85,20.31,55.60,64.21
68.98,68.98,19.40,52.33,65.37
70.25,70.25,16.02,54.60,66.99
60.16,60.16,18.09,59.02,66.03
61.65,61.65,20.47,60.18,67.74
60.02,60.02,19.46,58.34,68.41
60.85,60.85,19.02,61.50,68.78
57.66,57.66,21.05,61.76,68.66
61.17,61.17,23.40,61.22,67.33
57.46,57.46,25.09,52.26,63.42
56.31,56.31,24.15,38.64,61.41
55.81,55.81,21.08,35.35,59.61
61.49,61.49,23.36,30.75,59.68
71.94,71.94,26.07,22.77,65.53
72.21,72.21,21.33,25.46,70.07
71.78,71.78,15.39,27.19,74.62
75.78,75.78,10.30,26.12,75.73
74.46,74.46,11.38,26.75,76.77
73.98,73.98,16.42,24.98,75.37
71.06,71.06,19.46,27.33,74.67
74.01,74.01,15.52,26.75,73.74
72.40,72.40,15.51,25.90,73.88
68.26,68.26,22.10,27.96,72.86
68.84,68.84,22.92,16.67,72.57
72.32,72.32,27.37,20.31,71.88
74.07,74.07,31.34,23.20,70.88
73.47,73.47,30.48,19.88,71.09
62.96,62.96,32.92,20.57,69.72
61.63,61.63,37.42,25.75,68.92
61.37,61.37,40.41,25.87,68.83
62.83,62.83,38.71,27.71,66.32
62.53,62.53,32.14,29.23,65.19
68.62,68.62,31.03,25.03,63.61
72.79,72.79,37.77,24.97,65.84
72.71,72.71,43.60,30.60,64.58
63.50,63.50,34.48,26.75,65.39
61.64,61.64,37.77,28.39,69.67
61.85,61.85,37.67,25.88,70.45
66.56,66.56,34.82,29.31,69.30
74.55,74.55,32.64,26.99,68.62
74.76,74.76,30.99,25.68,68.55
73.04,73.04,36.01,26.04,68.50
73.31,73.31,35.07,29.82,66.65
74.93,74.93,38.05,24.20,62.69
73.50,73.50,38.50,28.17,60.18
73.90,73.90,35.71,23.31,60.95
74.42,74.42,36.60,27.70,66.72
74.94,74.94,37.01,24.80,66.53
72.06,72.06,33.89,24.68,66.34
69.03,69.03,38.54,24.34,67.19
70.28,70.28,30.79,23.67,66.77
72.11,72.11,43.03,28.93,65.91
71.92,71.92,37.43,26.95,64.88
75.67,75.67,36.95,23.30,65.55
73.68,73.68,37.10,23.68,63.33
70.91,70.91,38.27,29.46,57.29
80.70,80.70,36.40,27.07,56.54
74.77,74.77,34.20,27.19,59.30
75.84,75.84,31.75,24.76,64.66
76.67,76.67,29.21,26.80,68.32
77.31,77.31,35.53,32.12,71.14
75.72,75.72,30.68,28.09,74.49
75.47,75.47,35.13,26.01,74.71
75.70,75.70,32.58,25.72,73.70
76.97,76.97,37.03,24.61,73.87
79.14,79.14,29.41,26.79,73.06
75.13,75.13,31.85,26.40,72.26
73.40,73.40,32.25,26.49,72.13
74.16,74.16,35.16,25.00,72.67
74.61,74.61,36.76,29.29,71.90
71.70,71.70,26.08,19.62,70.75
74.56,74.56,35.20,27.26,70.32
74.29,74.29,40.04,30.37,69.55
71.02,71.02,34.66,25.14,69.00
59.52,59.52,38.76,24.14,66.58
59.25,59.25,44.23,30.20,66.99
60.07,60.07,38.38,24.31,66.72
57.80,57.80,43.48,31.02,66.74
57.81,57.81,47.01,34.22,65.48
59.57,59.57,41.96,33.48,62.96
63.60,63.60,39.28,31.58,62.64
69.49,69.49,38.17,30.31,64.62
71.68,71.68,42.40,34.57,62.63
73.16,73.16,37.51,33.49,61.61
73.20,73.20,36.39,30.79,61.71
76.45,76.45,36.35,30.84,60.91
74.96,74.96,39.65,30.87,61.44
73.90,73.90,40.38,29.69,61.28
75.17,75.17,41.56,28.47,60.75
73.96,73.96,34.41,23.85,61.06
72.02,72.02,42.50,29.64,59.97
74.48,74.48,40.08,26.05,60.14
72.61,72.61,40.64,24.63,58.83
70.93,70.93,38.36,24.66,60.49
70.54,70.54,37.11,22.60,60.99
70.05,70.05,41.28,25.27,60.59
71.37,71.37,41.32,26.57,60.72
67.44,67.44,44.25,27.93,60.23
62.14,62.14,46.82,30.62,60.13
59.44,59.44,46.99,28.16,59.79
59.55,59.55,49.35,32.94,59.61
60.82,60.82,47.10,30.81,59.86
65.27,65.27,47.69,31.86,57.70
62.34,62.34,47.53,32.71,57.07
60.22,60.22,43.36,29.30,60.00
51.68,51.68,34.57,29.62,66.83
51.89,51.89,30.91,32.14,74.29
54.64,54.64,19.02,25.02,76.84
54.72,54.72,22.10,27.21,77.41
50.31,50.31,22.51,29.29,76.47
51.88,51.88,23.87,25.75,74.11
53.22,53.22,25.82,28.90,74.51
52.85,52.85,31.46,28.94,73.26
50.28,50.28,32.78,23.14,74.12
51.08,51.08,36.43,21.83,71.36
50.21,50.21,37.62,20.10,72.21
55.71,55.71,38.71,19.41,71.12
54.59,54.59,43.02,26.42,70.86
50.54,50.54,42.72,24.94,70.69
52.65,52.65,44.43,25.25,68.95
47.69,47.69,46.89,27.09,68.62
50.02,50.02,44.59,28.72,66.11
57.34,57.34,36.30,21.42,66.52
63.09,63.09,39.92,25.92,66.52
64.80,64.80,32.49,30.55,65.45
70.91,70.91,20.77,32.83,66.28
71.03,71.03,25.20,38.15,64.54
74.72,74.72,26.48,32.36,61.30
75.37,75.37,23.11,31.56,63.18
75.93,75.93,22.18,33.68,62.64
75.69,75.69,28.09,42.07,62.30
73.56,73.56,27.90,37.44,60.65
72.13,72.13,26.53,30.11,59.26
75.78,75.78,34.25,35.54,57.99
75.98,75.98,34.71,31.93,58.56
75.05,75.05,35.36,34.38,58.14
72.38,72.38,38.77,32.01,55.67
70.95,70.95,37.62,32.47,58.26
74.26,74.26,38.38,30.39,55.73
73.54,73.54,43.22,36.30,56.22
73.67,73.67,43.96,34.39,56.41
68.11,68.11,43.03,35.60,57.13
65.24,65.24,45.12,34.49,56.93
63.57,63.57,46.87,33.10,57.10
61.73,61.73,45.78,30.23,58.12
63.90,63.90,45.80,33.41,56.77
65.19,65.19,43.57,36.75,56.02
65.49,65.49,44.04,38.11,54.13
64.07,64.07,44.07,34.27,51.20
62.07,62.07,42.79,35.36,50.86
67.63,67.63,28.64,34.34,62.08
69.43,69.43,26.84,35.28,70.49
73.69,73.69,24.09,20.67,71.46
74.03,74.03,23.72,31.54,75.00
75.45,75.45,25.91,35.47,71.96
75.61,75.61,26.29,30.73,74.31
76.93,76.93,37.64,32.54,71.87
76.66,76.66,32.51,31.63,73.09
76.53,76.53,35.34,29.39,70.98
79.40,79.40,31.96,29.29,72.48
76.41,76.41,35.92,32.91,70.30
77.97,77.97,29.57,33.60,72.15
74.18,74.18,31.41,34.73,70.54
76.52,76.52,32.26,31.79,69.58
71.48,71.48,28.64,30.38,68.16
70.76,70.76,32.90,28.69,69.40
68.58,68.58,32.12,28.99,68.84
63.37,63.37,32.70,27.37,65.43
65.28,65.28,39.14,30.89,63.87
61.89,61.89,37.43,31.33,64.70
60.40,60.40,39.07,28.17,62.69
63.68,63.68,35.99,28.98,63.01
61.97,61.97,28.23,30.11,63.27
63.75,63.75,23.80,30.40,62.48
67.37,67.37,28.49,23.82,63.39
78.81,78.81,25.86,25.05,65.13
77.44,77.44,25.03,30.20,66.68
76.41,76.41,23.64,29.74,66.74
75.42,75.42,26.35,31.08,66.79
75.92,75.92,29.92,25.92,63.53
75.30,75.30,32.85,32.28,61.55
75.70,75.70,31.79,34.03,63.61
76.35,76.35,30.56,34.36,62.22
75.88,75.88,35.35,34.39,61.37
75.59,75.59,32.42,33.19,60.27
75.71,75.71,35.34,34.13,63.91
74.65,74.65,38.78,33.27,61.77
71.98,71.98,40.21,33.61,61.48
66.69,66.69,35.71,32.04,61.43
64.82,64.82,37.33,31.46,59.17
63.38,63.38,40.93,34.45,61.06
59.75,59.75,45.18,35.28,61.54
65.87,65.87,44.61,26.25,61.03
66.02,66.02,44.74,26.31,60.32
67.00,67.00,40.38,31.82,60.88
65.44,65.44,43.70,35.46,61.67
60.65,60.65,37.37,34.37,60.66
70.69,70.69,28.14,30.78,59.73
76.90,76.90,27.12,27.36,64.20
73.92,73.92,25.00,33.52,75.05
69.65,69.65,27.27,29.88,73.31
58.95,58.95,24.53,34.23,70.69
56.28,56.28,27.04,23.80,73.17
61.60,61.60,29.46,31.66,70.01
57.20,57.20,26.46,33.62,70.27
53.78,53.78,26.43,26.58,70.36
48.03,48.03,28.64,28.92,69.24
48.57,48.57,26.33,29.90,68.92
57.89,57.89,32.05,30.24,65.97
69.67,69.67,29.38,32.49,67.25
69.21,69.21,27.43,32.34,66.22
62.25,62.25,26.88,20.25,64.50
63.69,63.69,29.62,30.86,64.52
65.85,65.85,35.24,25.98,64.70
68.12,68.12,33.92,25.62,63.80
71.54,71.54,38.30,24.93,64.02
74.43,74.43,33.82,24.58,63.43
74.53,74.53,36.80,24.47,64.03
74.23,74.23,42.94,23.58,60.39
76.02,76.02,43.81,22.14,62.47
75.65,75.65,39.26,19.98,66.14
73.22,73.22,44.36,19.12,68.07
68.54,68.54,49.18,27.48,68.24
70.86,70.86,43.36,25.07,67.21
71.34,71.34,46.24,20.00,67.88
71.82,71.82,43.69,20.87,64.98
73.85,73.85,45.14,24.41,63.44
75.03,75.03,37.79,21.63,62.91
73.47,73.47,42.42,23.85,67.03
74.55,74.55,40.91,23.94,68.06
73.68,73.68,40.09,21.31,69.02
72.45,72.45,43.28,24.13,71.23
65.80,65.80,42.16,21.29,69.65
51.24,51.24,48.21,22.33,70.01
55.81,55.81,45.40,20.00,69.87
55.80,55.80,53.79,27.45,69.45
53.26,53.26,49.20,25.14,66.90
59.68,59.68,50.02,22.71,63.62
59.04,59.04,42.08,20.63,61.89
58.67,58.67,37.08,21.99,62.08
68.63,68.63,33.21,21.38,63.96
75.03,75.03,29.92,21.68,66.04
76.83,76.83,29.94,19.40,66.70
79.46,79.46,32.23,31.22,70.08
79.33,79.33,31.15,29.23,69.48
77.26,77.26,31.51,24.48,69.23
78.06,78.06,31.65,25.76,69.78
79.16,79.16,28.86,26.53,69.62
78.69,78.69,32.50,31.78,68.23
76.10,76.10,37.38,31.19,68.00
77.16,77.16,32.90,31.22,66.87
79.80,79.80,35.07,34.07,65.52
78.87,78.87,34.48,25.77,65.11
76.66,76.66,32.98,30.83,63.89
81.33,81.33,31.30,27.50,63.17
76.22,76.22,30.05,30.54,60.74
74.76,74.76,36.33,32.78,59.48
74.58,74.58,35.93,21.82,62.13
73.46,73.46,38.56,25.16,59.54
71.34,71.34,40.37,27.66,60.34
68.83,68.83,46.08,24.85,61.88
64.50,64.50,44.82,31.83,61.09
64.74,64.74,47.66,33.03,59.17
68.34,68.34,43.15,30.00,59.45
66.47,66.47,40.21,23.99,55.83
74.00,74.00,41.61,28.68,56.96
72.83,72.83,43.97,29.19,60.27
73.65,73.65,34.05,27.59,64.20
73.44,73.44,29.32,30.49,66.55
74.80,74.80,33.21,26.16,65.52
77.87,77.87,29.30,22.36,64.58
80.33,80.33,35.03,29.70,65.66
79.54,79.54,24.01,24.35,65.84
77.89,77.89,28.52,27.47,64.53
79.25,79.25,23.75,21.40,64.44
80.20,80.20,28.72,28.28,66.83
77.20,77.20,26.05,25.64,66.25
70.46,70.46,26.18,28.26,64.76
64.91,64.91,23.28,23.95,66.64
59.23,59.23,19.26,19.46,62.93
64.82,64.82,18.80,21.00,66.38
69.86,69.86,16.75,20.75,66.62
70.30,70.30,16.17,24.37,64.99
68.28,68.28,18.08,24.50,65.85
63.96,63.96,21.01,23.40,66.86
61.99,61.99,20.90,26.96,65.93
62.71,62.71,17.85,23.08,66.47
62.15,62.15,16.66,20.92,69.09
59.42,59.42,16.45,17.70,69.63
55.78,55.78,17.11,27.75,74.98
53.76,53.76,18.18,26.37,74.47
57.23,57.23,18.97,33.77,72.51
61.60,61.60,21.73,26.27,72.38
58.26,58.26,25.59,28.71,72.95
52.43,52.43,27.59,28.67,72.03
59.92,59.92,27.03,22.03,71.30
64.46,64.46,23.08,26.66,69.48
71.52,71.52,21.34,24.61,71.83
75.95,75.95,24.48,29.67,70.43
74.88,74.88,27.68,30.12,69.92
73.66,73.66,29.14,31.38,71.17
70.78,70.78,26.89,33.25,70.82
67.83,67.83,26.42,29.13,71.80
61.62,61.62,26.99,27.12,71.92
57.61,57.61,26.82,26.26,71.75
57.88,57.88,26.85,30.53,71.34
59.97,59.97,22.14,27.36,72.75
69.22,69.22,20.94,29.84,71.03
73.83,73.83,24.91,32.37,71.87
77.12,77.12,25.51,24.99,72.44
78.99,78.99,26.63,21.19,72.07
79.20,79.20,25.18,26.78,72.20
78.28,78.28,29.87,29.15,70.45
78.07,78.07,28.30,21.53,72.42
76.99,76.99,27.97,23.02,70.30
77.25,77.25,28.84,23.89,73.44
79.01,79.01,28.11,24.96,71.74
78.65,78.65,30.36,28.95,73.08
76.81,76.81,31.07,23.22,71.90
77.81,77.81,31.68,24.93,73.13
76.85,76.85,32.76,27.27,71.74
77.44,77.44,32.07,24.78,71.27
82.33,82.33,29.43,24.40,72.66
79.65,79.65,28.72,31.27,68.32
76.09,76.09,28.36,28.60,69.96
73.31,73.31,27.07,29.99,68.96
73.12,73.12,26.90,25.14,70.54
71.48,71.48,26.77,26.47,68.67
71.56,71.56,28.75,21.72,70.95
69.13,69.13,32.04,21.71,68.63
71.78,71.78,30.68,14.43,70.28
71.98,71.98,26.96,23.35,70.29
70.53,70.53,22.95,17.04,72.14
72.88,72.88,25.08,21.89,72.63
75.94,75.94,25.79,25.56,70.68
77.13,77.13,24.17,25.57,70.93
77.19,77.19,20.10,21.55,70.58
75.71,75.71,19.44,17.32,72.27
73.91,73.91,21.15,21.95,72.82
73.65,73.65,23.76,21.97,71.22
74.41,74.41,20.26,21.19,72.21
76.04,76.04,20.22,26.20,69.98
76.36,76.36,22.89,18.97,70.16
73.43,73.43,20.98,27.60,70.30
73.00,73.00,19.54,22.17,70.26
70.28,70.28,17.98,24.25,71.05
73.83,73.83,16.77,27.15,70.72
73.88,73.88,14.72,21.44,68.66
67.86,67.86,15.60,20.42,69.79
65.57,65.57,17.37,22.93,69.30
65.41,65.41,20.10,21.18,69.04
69.89,69.89,21.38,23.77,66.46
69.26,69.26,21.71,20.02,68.33
70.36,70.36,21.58,22.50,68.54
73.51,73.51,19.33,21.35,68.37
76.95,76.95,20.85,22.26,68.58
75.11,75.11,24.55,22.07,66.81
74.96,74.96,28.78,19.62,66.34
74.23,74.23,29.83,21.33,68.92
73.60,73.60,33.50,18.86,69.98
72.79,72.79,33.03,25.67,69.03
72.69,72.69,30.62,26.74,67.95
74.17,74.17,32.01,18.79,66.20
76.93,76.93,28.12,24.58,66.79
74.38,74.38,27.33,23.96,65.33
76.28,76.28,30.17,18.75,65.05
74.59,74.59,31.90,20.91,65.93
71.71,71.71,33.52,19.53,64.41
72.70,72.70,30.12,21.80,62.41
73.45,73.45,30.18,17.83,62.82
71.18,71.18,28.97,18.45,63.52
71.45,71.45,31.60,18.40,62.37
72.45,72.45,31.62,14.24,61.97
75.55,75.55,31.25,13.43,59.65
73.49,73.49,31.33,20.48,58.03
70.78,70.78,32.59,17.24,58.40
68.49,68.49,32.45,17.05,60.91
70.03,70.03,30.44,20.96,61.66
71.91,71.91,31.61,21.54,60.37
76.40,76.40,31.74,24.11,62.95
74.39,74.39,31.42,20.27,59.79
74.64,74.64,30.60,19.93,59.89
77.29,77.29,30.52,18.56,60.19
76.38,76.38,32.07,25.74,60.33
70.28,70.28,29.67,25.65,62.48
70.16,70.16,26.26,28.65,61.28
71.86,71.86,26.38,22.89,60.47
72.61,72.61,27.10,24.37,60.82
74.69,74.69,28.45,25.35,59.77
75.89,75.89,31.98,30.42,63.10
76.34,76.34,29.39,27.78,64.58
76.40,76.40,31.18,25.96,61.66
74.24,74.24,33.35,25.15,60.50
72.28,72.28,37.50,23.45,57.51
70.41,70.41,36.95,27.71,59.01
69.30,69.30,36.01,24.95,59.29
69.97,69.97,37.57,27.32,57.35
69.84,69.84,39.59,23.16,58.19
67.49,67.49,39.76,25.10,58.36
62.69,62.69,36.68,23.23,60.94
64.20,64.20,33.62,32.20,60.14
69.27,69.27,31.44,27.08,60.09
70.01,70.01,32.06,26.72,63.87
72.10,72.10,30.60,27.70,71.09
72.25,72.25,26.58,22.37,73.17
71.71,71.71,27.81,24.27,74.22
72.89,72.89,28.87,22.38,70.82
69.79,69.79,24.14,24.78,69.41
71.63,71.63,21.22,25.36,69.05
72.38,72.38,22.74,28.42,69.14
70.40,70.40,27.39,27.27,68.55
71.02,71.02,31.50,22.32,66.94
71.12,71.12,32.31,24.64,67.76
72.58,72.58,33.13,28.57,67.77
71.16,71.16,33.39,31.84,68.53
67.80,67.80,32.96,29.43,66.46
66.29,66.29,33.83,28.98,68.51
65.04,65.04,34.32,27.42,66.71
61.57,61.57,34.30,19.73,63.86
57.92,57.92,35.23,22.74,65.89
54.12,54.12,37.34,23.08,66.66
54.51,54.51,37.38,20.57,67.13
51.03,51.03,33.13,24.58,66.52
60.51,60.51,29.30,24.34,67.14
65.85,65.85,26.16,24.18,65.25
76.36,76.36,22.34,26.28,66.03
75.86,75.86,21.97,27.93,67.08
76.41,76.41,22.29,25.43,66.11
77.04,77.04,24.77,27.09,65.79
72.19,72.19,25.24,26.15,64.77
74.24,74.24,24.42,27.85,65.70
71.18,71.18,26.17,31.55,64.97
72.99,72.99,26.27,27.30,67.70
76.81,76.81,25.92,24.83,67.46
76.57,76.57,27.64,34.19,67.01
75.27,75.27,28.24,26.91,67.09
75.25,75.25,28.01,31.62,65.94
73.79,73.79,25.26,28.95,66.84
72.66,72.66,24.59,24.95,67.50
74.84,74.84,22.93,27.20,63.60
73.19,73.19,21.73,31.66,62.96
66.24,66.24,22.78,27.11,59.75
62.83,62.83,24.42,29.81,58.60
62.34,62.34,27.40,27.94,60.74
60.64,60.64,31.83,27.84,60.24
60.48,60.48,32.55,29.49,59.67
59.65,59.65,33.05,33.17,60.35
61.11,61.11,33.93,32.85,61.32
55.20,55.20,33.52,38.54,62.95
56.94,56.94,33.53,36.01,63.33
57.64,57.64,34.91,35.50,62.69
56.70,56.70,35.04,33.11,64.59
53.64,53.64,37.44,33.59,65.38
52.34,52.34,38.38,24.79,65.00
54.40,54.40,39.89,28.57,65.48
57.89,57.89,40.12,31.76,63.87
55.83,55.83,36.73,28.88,65.61
48.78,48.78,40.87,25.43,65.36
45.72,45.72,38.90,22.22,63.23
45.88,45.88,38.77,22.89,65.17
47.57,47.57,40.15,30.06,65.14
43.42,43.42,38.76,26.32,64.97
47.73,47.73,37.38,23.49,67.72
46.14,46.14,36.78,18.33,68.94
46.36,46.36,33.54,26.01,68.54
50.93,50.93,29.82,25.85,68.54
54.75,54.75,25.98,27.14,69.03
60.52,60.52,21.41,27.81,69.92
69.17,69.17,16.19,22.75,69.54
74.54,74.54,16.95,21.56,69.18
74.20,74.20,17.37,19.77,70.30
80.15,80.15,21.89,25.57,71.46
77.32,77.32,22.78,26.08,69.11
79.02,79.02,23.02,32.80,72.26
78.69,78.69,25.49,34.21,73.13
76.88,76.88,23.34,34.93,73.70
78.12,78.12,24.91,40.08,69.02
73.16,73.16,27.78,41.90,53.38
78.57,78.57,26.83,31.58,52.30
73.46,73.46,28.93,26.15,52.96
67.26,67.26,30.43,27.73,46.15
63.00,63.00,30.72,33.25,43.82
59.51,59.51,33.70,29.46,40.83
65.08,65.08,35.81,35.80,36.21
68.52,68.52,40.69,37.77,38.17
67.73,67.73,43.25,38.29,33.79
66.06,66.06,44.52,37.23,31.50
62.52,62.52,44.55,36.58,34.51
55.61,55.61,45.85,33.12,30.61
57.47,57.47,46.71,31.82,29.11
64.24,64.24,48.29,29.91,29.73
61.29,61.29,46.82,29.23,31.83
54.12,54.12,43.15,27.74,33.49
54.50,54.50,45.64,30.81,32.72
50.05,50.05,45.51,30.70,31.14
55.55,55.55,44.03,30.86,26.46
54.72,54.72,43.39,28.96,22.58
53.21,53.21,44.19,29.75,26.56
52.49,52.49,44.38,29.56,25.31
53.92,53.92,45.59,27.36,23.02
52.21,52.21,49.39,26.46,23.14
46.31,46.31,46.02,23.54,20.14
46.00,46.00,43.51,24.52,21.98
48.47,48.47,43.09,27.27,22.02
47.00,47.00,40.69,27.07,20.76
45.74,45.74,40.56,22.07,16.62
44.67,44.67,42.63,20.97,18.31
34.42,34.42,44.58,28.26,17.81
43.59,43.59,47.15,27.00,16.05
42.31,42.31,46.36,25.57,17.09
38.15,38.15,43.54,22.92,16.26
42.02,42.02,38.35,25.22,14.01
45.56,45.56,43.90,29.23,19.48
48.03,48.03,42.36,25.35,19.07
48.30,48.30,44.31,23.86,15.59
44.57,44.57,43.63,21.69,15.21
43.94,43.94,45.47,26.66,17.03
49.83,49.83,46.41,24.82,17.37
50.54,50.54,46.14,29.21,20.70
47.81,47.81,43.82,29.25,17.94
50.40,50.40,44.39,27.51,16.06
48.53,48.53,45.22,26.71,15.74
48.97,48.97,43.96,26.83,14.58
42.15,42.15,41.09,26.92,18.49
41.45,41.45,43.30,24.22,21.23
42.36,42.36,43.97,24.76,21.04
33.89,33.89,39.86,24.08,23.08
33.62,33.62,37.68,23.97,19.54
32.53,32.53,36.30,19.35,16.74
29.59,29.59,37.78,20.20,17.72
28.96,28.96,36.83,16.23,17.03
28.34,28.34,34.78,13.93,16.42
32.56,32.56,36.93,14.88,16.47
31.04,31.04,35.34,16.46,12.98
30.56,30.56,37.65,19.86,12.89
29.72,29.72,30.81,12.16,10.36
18.27,18.27,31.92,13.05,7.97
22.66,22.66,28.83,7.98,5.18
23.24,23.24,27.75,11.85,5.79
18.10,18.10,25.61,14.74,5.07
22.53,22.53,32.40,13.79,8.67
26.76,26.76,36.46,14.84,13.69
22.12,22.12,32.77,12.34,13.53
20.81,20.81,29.40,16.67,14.24
21.74,21.74,28.49,15.77,14.21
19.80,19.80,27.66,15.66,11.10
19.19,19.19,26.30,13.72,7.75
20.43,20.43,30.03,12.50,4.58
16.26,16.26,28.10,11.47,4.61
17.67,17.67,26.49,12.29,8.57
18.60,18.60,25.88,13.10,9.13
17.04,17.04,25.19,9.62,5.31
15.00,15.00,24.27,8.02,8.83
16.56,16.56,26.17,10.72,11.95
13.76,13.76,23.89,5.56,10.55
11.67,11.67,21.67,5.87,7.44
10.87,10.87,19.72,8.16,3.49
14.19,14.19,23.29,11.35,4.83
22.96,22.96,25.42,14.29,12.01
31.06,31.06,28.37,16.85,27.45
59.79,59.79,41.32,31.51,43.57
74.41,74.41,44.01,38.31,48.88
75.24,75.24,38.06,35.45,50.05
72.31,72.31,30.39,27.89,52.56
68.17,68.17,25.50,30.91,61.52
70.01,70.01,25.16,18.14,70.89
71.97,71.97,27.20,19.92,75.30
73.01,73.01,27.02,27.47,77.67
72.29,72.29,27.60,25.88,75.62
73.75,73.75,24.80,19.67,74.77
72.28,72.28,23.60,21.53,71.54
74.56,74.56,20.16,24.01,72.99
71.81,71.81,25.34,19.49,71.65
68.86,68.86,22.01,25.03,71.21
72.91,72.91,24.26,35.47,71.77
72.26,72.26,27.79,29.49,72.89
71.03,71.03,28.74,28.34,72.51
71.50,71.50,30.25,33.52,71.45
73.96,73.96,32.22,32.62,69.81
77.16,77.16,31.59,30.22,69.81
75.86,75.86,31.39,23.24,68.46
69.27,69.27,27.94,22.85,68.03
62.30,62.30,27.71,28.22,65.79
67.14,67.14,29.36,26.85,67.27
74.83,74.83,23.99,28.89,66.67
75.04,75.04,22.32,24.37,66.42
71.97,71.97,20.19,22.42,69.42
69.47,69.47,19.77,18.51,68.32
72.71,72.71,22.12,22.43,68.70
71.65,71.65,26.58,25.63,68.98
72.03,72.03,26.51,26.97,69.30
71.42,71.42,30.24,29.02,70.76
71.26,71.26,31.08,31.31,71.17
73.09,73.09,32.30,18.89,69.92
73.97,73.97,30.65,26.02,68.87
70.71,70.71,27.38,28.44,66.96
72.40,72.40,28.47,31.40,67.19
70.34,70.34,30.19,28.93,69.73
72.43,72.43,30.33,33.55,69.20
72.53,72.53,24.55,32.33,68.05
72.42,72.42,29.09,21.08,70.08
72.20,72.20,30.75,22.76,68.13
72.21,72.21,31.99,27.00,68.72
68.01,68.01,30.41,21.89,68.99
65.70,65.70,27.32,30.15,69.91
64.85,64.85,27.45,27.20,69.50
72.83,72.83,25.05,30.18,68.56
75.90,75.90,22.94,26.26,69.21
76.24,76.24,19.99,17.31,68.96
69.21,69.21,22.89,18.10,71.21
70.49,70.49,26.79,11.75,78.13
73.22,73.22,29.58,14.40,77.56
71.97,71.97,30.66,19.48,78.22
72.38,72.38,32.84,16.82,74.72
72.60,72.60,35.93,21.09,75.82
71.97,71.97,36.17,19.55,72.87
73.64,73.64,35.27,17.35,73.43
70.14,70.14,34.19,22.31,72.62
70.21,70.21,31.00,17.52,73.11
72.54,72.54,35.35,23.46,72.13
71.25,71.25,39.91,18.98,73.64
72.54,72.54,34.53,21.96,71.46
71.07,71.07,29.60,23.52,69.36
72.38,72.38,33.58,23.78,71.29
71.40,71.40,36.64,18.76,68.05
66.74,66.74,37.67,27.07,68.31
60.31,60.31,32.38,27.69,71.62
60.34,60.34,35.08,29.42,68.32
67.34,67.34,24.98,24.87,72.64
74.83,74.83,31.46,33.02,71.57
75.65,75.65,26.67,28.47,70.69
75.66,75.66,23.92,20.76,69.96
73.24,73.24,33.76,22.21,69.66
73.28,73.28,29.99,29.75,70.21
71.15,71.15,34.71,29.46,70.60
71.28,71.28,30.17,28.18,72.01
68.97,68.97,31.85,24.42,69.90
71.33,71.33,34.34,29.23,70.22
69.75,69.75,31.40,22.74,68.46
69.52,69.52,30.79,17.36,72.53
69.60,69.60,31.36,22.81,70.21
68.94,68.94,33.02,23.40,69.43
69.52,69.52,31.37,25.28,70.06
70.82,70.82,28.24,26.90,69.41
75.08,75.08,27.52,24.09,70.21
76.71,76.71,28.24,23.19,71.05
77.43,77.43,30.64,25.52,71.29
76.79,76.79,31.30,22.69,72.32
78.42,78.42,32.33,24.43,71.16
77.18,77.18,30.77,15.46,71.50
71.82,71.82,34.49,15.62,72.48
68.12,68.12,36.57,18.79,72.66
67.47,67.47,32.62,14.27,71.41
65.31,65.31,42.89,16.51,72.37
64.24,64.24,36.80,23.07,72.25
60.83,60.83,26.79,10.32,70.32
68.82,68.82,26.20,5.23,73.84
79.18,79.18,30.07,11.76,77.79
74.74,74.74,26.03,5.14,80.83
73.55,73.55,28.43,5.73,78.84
75.22,75.22,27.70,9.46,79.49
77.31,77.31,29.99,12.53,76.69
79.00,79.00,25.63,20.99,77.28
75.75,75.75,24.77,18.95,76.04
74.74,74.74,26.82,20.86,74.81
77.33,77.33,27.91,23.80,75.20
78.64,78.64,27.70,27.65,75.93
76.50,76.50,26.46,25.49,75.22
75.10,75.10,23.09,25.45,72.84
77.33,77.33,24.30,23.29,73.16
77.28,77.28,24.83,25.56,71.24
77.71,77.71,26.76,27.81,71.79
83.20,83.20,29.82,28.30,71.03
78.37,78.37,27.71,23.87,68.92
75.70,75.70,28.20,26.13,69.00
75.18,75.18,21.64,29.34,72.70
75.67,75.67,21.52,25.06,67.87
76.25,76.25,24.20,26.56,70.70
74.04,74.04,23.23,31.37,72.75
73.33,73.33,20.93,26.87,71.47
74.67,74.67,23.31,22.09,71.55
73.96,73.96,21.67,20.93,70.72
73.41,73.41,24.63,19.35,70.28
73.35,73.35,26.62,17.96,69.31
76.23,76.23,22.98,14.56,68.62
76.57,76.57,23.53,20.27,69.54
78.94,78.94,22.78,24.87,69.34
79.27,79.27,24.94,21.26,68.43
76.67,76.67,24.99,23.60,66.88
74.73,74.73,29.46,20.08,66.21
73.84,73.84,35.45,13.96,66.35
73.82,73.82,28.42,13.99,66.56
73.46,73.46,27.15,16.03,67.95
73.37,73.37,30.89,16.68,67.23
73.12,73.12,34.31,10.51,67.25
72.78,72.78,36.97,16.08,67.87
71.14,71.14,36.02,11.41,69.29
71.38,71.38,35.32,12.47,71.17
71.47,71.47,31.97,13.43,70.47
71.56,71.56,38.01,15.69,70.07
74.62,74.62,35.25,12.64,72.30
73.42,73.42,30.24,17.95,74.00
70.70,70.70,32.05,17.17,78.49
71.24,71.24,36.08,17.34,75.97
68.99,68.99,34.20,19.40,78.41
70.71,70.71,32.27,17.24,75.30
69.99,69.99,32.35,15.91,74.35
70.29,70.29,28.90,13.73,72.59
65.46,65.46,33.78,16.44,71.48
71.93,71.93,33.83,16.49,73.45
64.51,64.51,32.31,20.13,71.90
63.28,63.28,32.72,17.60,74.32
61.18,61.18,34.09,23.12,73.99
57.73,57.73,35.89,27.11,73.97
52.42,52.42,37.64,30.52,75.06
54.50,54.50,38.53,30.21,74.84
57.20,57.20,37.41,25.41,72.64
59.81,59.81,37.76,26.77,74.20
59.02,59.02,43.05,31.84,72.83
57.23,57.23,41.72,30.07,70.59
54.67,54.67,42.92,29.67,69.47
50.14,50.14,40.33,22.76,68.15
51.63,51.63,41.24,22.33,67.92
52.05,52.05,38.67,21.45,66.49
54.71,54.71,34.99,20.56,65.82
63.72,63.72,38.28,15.58,69.15
66.98,66.98,35.80,7.15,69.45
68.75,68.75,26.29,0.22,70.04
67.00,67.00,20.65,-0.00,70.97
70.88,70.88,16.16,-0.00,72.70
72.76,72.76,17.54,4.13,71.71
75.99,75.99,25.63,2.19,71.00
71.45,71.45,28.69,7.40,71.67
61.63,61.63,28.57,22.78,70.42
54.82,54.82,29.16,17.94,71.53
58.41,58.41,31.95,21.01,71.28
63.79,63.79,27.94,22.69,70.13
69.80,69.80,26.00,32.08,71.93
72.86,72.86,34.42,21.33,68.10
74.42,74.42,34.70,14.24,66.95
74.73,74.73,34.12,16.71,68.39
76.02,76.02,41.39,20.99,67.83
76.25,76.25,37.14,32.52,66.46
68.73,68.73,43.86,17.85,66.59
69.42,69.42,39.19,18.42,64.23
68.51,68.51,43.17,20.57,64.44
67.97,67.97,40.83,24.80,63.49
68.14,68.14,37.53,22.55,64.14
68.47,68.47,30.34,17.52,67.91
70.07,70.07,26.40,18.11,74.01
72.16,72.16,23.09,23.57,76.68
74.03,74.03,22.18,10.79,74.93
73.04,73.04,24.52,12.64,73.14
75.32,75.32,27.24,7.31,74.74
72.90,72.90,27.02,8.17,74.98
69.71,69.71,27.53,17.81,73.99
69.23,69.23,26.55,14.48,74.11
64.92,64.92,26.16,13.36,73.35
67.24,67.24,25.70,14.36,74.23
70.84,70.84,25.42,19.33,74.90
74.66,74.66,24.34,17.66,74.37
72.81,72.81,24.66,19.08,72.61
69.46,69.46,22.71,25.10,74.06
65.60,65.60,26.38,26.69,71.08
67.93,67.93,27.96,23.73,72.51
67.12,67.12,24.60,10.33,71.86
56.27,56.27,16.73,17.83,70.49
57.22,57.22,18.51,21.12,70.30
63.05,63.05,23.28,22.34,71.72
67.82,67.82,19.26,21.57,72.25
70.11,70.11,17.03,13.04,70.93
70.69,70.69,19.29,15.77,71.67
68.75,68.75,19.39,20.01,70.79
70.17,70.17,23.58,21.03,70.79
71.41,71.41,22.28,14.08,69.87
71.47,71.47,29.40,20.44,68.61
68.77,68.77,25.91,22.10,69.01
64.03,64.03,26.00,11.81,69.67
60.23,60.23,26.15,7.63,69.88
58.77,58.77,28.71,24.49,68.92
57.78,57.78,30.68,20.41,70.54
64.64,64.64,27.72,23.95,70.55
71.08,71.08,26.16,14.97,69.26
73.44,73.44,29.94,23.33,70.60
74.26,74.26,27.81,20.57,69.99
74.14,74.14,29.76,23.68,69.14
74.11,74.11,23.51,21.30,69.08
74.25,74.25,22.29,22.00,71.37
73.84,73.84,23.95,27.73,69.63
74.55,74.55,21.13,22.51,68.43
73.08,73.08,17.10,25.04,69.53
72.70,72.70,19.23,30.61,67.24
71.71,71.71,19.22,20.42,68.24
72.22,72.22,20.73,16.56,73.22
72.87,72.87,21.15,18.17,75.66
71.80,71.80,20.75,23.61,77.77
75.47,75.47,22.10,22.69,75.15
74.73,74.73,22.78,21.42,76.60
74.68,74.68,26.56,14.93,74.73
70.48,70.48,27.57,18.21,74.19
74.28,74.28,27.12,13.74,72.47
75.32,75.32,25.16,24.73,73.59
75.68,75.68,24.89,27.32,75.10
71.84,71.84,22.41,15.17,71.94
73.71,73.71,23.05,25.91,71.90
76.18,76.18,27.82,21.88,72.00
75.82,75.82,27.10,18.09,72.20
76.35,76.35,22.97,28.85,70.52
75.37,75.37,24.03,28.32,71.77
74.10,74.10,22.68,30.00,70.93
73.39,73.39,22.26,21.80,70.01
73.57,73.57,23.82,38.52,71.50
72.73,72.73,25.04,29.63,70.87
69.82,69.82,25.55,23.17,73.21
67.90,67.90,23.97,22.73,70.94
65.16,65.16,19.65,24.78,70.87
67.98,67.98,18.88,31.59,70.29
74.44,74.44,19.25,16.55,71.75
75.48,75.48,24.72,20.32,70.49
75.82,75.82,30.45,25.82,71.21
69.41,69.41,27.05,9.12,70.93
60.34,60.34,23.51,21.67,70.45
55.36,55.36,22.84,26.85,69.86
56.14,56.14,23.95,20.34,71.51
66.08,66.08,30.12,26.08,71.38
62.71,62.71,27.80,19.55,69.47
66.57,66.57,21.27,25.96,68.00
75.57,75.57,20.89,23.04,67.85
76.23,76.23,21.44,22.56,67.86
81.67,81.67,25.35,18.43,71.28
76.20,76.20,23.32,19.82,68.92
81.44,81.44,19.36,28.38,66.05
76.78,76.78,10.88,28.48,65.76
76.08,76.08,15.64,20.77,66.50
77.83,77.83,18.35,26.59,67.24
77.95,77.95,19.24,21.39,68.00
78.52,78.52,21.83,25.39,69.21
79.10,79.10,22.24,22.06,69.38
78.53,78.53,20.69,31.78,68.02
77.44,77.44,17.50,22.19,70.50
75.22,75.22,13.77,26.21,72.55
70.59,70.59,12.47,23.66,78.74
71.79,71.79,15.32,25.65,77.32
75.58,75.58,15.31,21.03,75.46
77.95,77.95,20.76,23.25,73.46
76.71,76.71,21.54,24.36,73.18
75.84,75.84,20.91,26.43,73.91
79.33,79.33,22.80,22.51,74.37
78.66,78.66,24.64,28.77,73.60
75.56,75.56,26.53,27.59,74.04
73.41,73.41,25.93,26.18,73.45
74.38,74.38,28.99,25.55,71.92
76.19,76.19,31.52,28.48,71.26
78.21,78.21,33.77,23.58,70.84
78.94,78.94,38.04,29.00,71.09
75.26,75.26,39.56,29.19,70.84
76.49,76.49,37.48,24.75,68.12
77.37,77.37,41.07,24.22,69.37
74.87,74.87,29.98,18.68,69.94
76.50,76.50,28.55,18.71,68.41
78.00,78.00,30.42,22.79,70.56
77.04,77.04,30.45,26.10,68.48
75.11,75.11,37.23,25.98,67.18
76.56,76.56,35.49,24.08,67.88
74.06,74.06,32.11,19.53,66.10
75.77,75.77,30.97,14.16,64.45
76.50,76.50,26.33,5.69,64.47
76.55,76.55,24.88,11.65,66.85
76.09,76.09,29.72,21.90,63.72
76.86,76.86,22.33,12.36,65.37
75.50,75.50,24.32,11.59,66.94
76.88,76.88,29.38,16.86,66.98
73.83,73.83,23.92,15.04,66.44
73.58,73.58,23.35,9.61,67.04
73.78,73.78,28.83,8.16,63.49
71.18,71.18,30.23,15.14,64.05
68.70,68.70,33.03,11.21,63.99
71.24,71.24,36.81,20.76,68.61
68.24,68.24,37.99,15.97,69.30
64.62,64.62,40.11,13.80,70.56
60.27,60.27,40.46,21.85,70.93
59.34,59.34,39.49,17.39,69.85
61.63,61.63,38.75,8.42,70.02
63.40,63.40,37.24,17.23,68.26
68.77,68.77,37.90,16.47,70.72
76.73,76.73,38.00,19.97,72.79
77.24,77.24,30.38,14.58,74.63
79.23,79.23,30.37,10.26,74.10
77.55,77.55,31.32,12.60,73.60
79.22,79.22,34.88,15.93,74.50
82.05,82.05,35.02,13.69,73.47
79.79,79.79,35.67,14.29,73.06
82.32,82.32,39.45,17.81,72.48
81.51,81.51,31.92,17.70,75.00
82.29,82.29,36.62,17.83,74.60
79.68,79.68,32.88,13.70,73.62
82.21,82.21,32.88,23.21,73.93
84.61,84.61,35.44,24.65,72.58
81.38,81.38,41.35,24.14,68.98
81.29,81.29,39.51,25.77,69.32
79.64,79.64,43.59,24.49,71.93
81.89,81.89,38.25,21.97,70.97
81.27,81.27,38.42,17.06,70.76
81.29,81.29,36.84,16.47,68.16
80.45,80.45,34.16,12.19,68.75
75.47,75.47,33.79,13.43,68.56
70.83,70.83,33.43,8.70,68.52
69.26,69.26,35.06,6.91,67.53
63.65,63.65,33.67,18.32,67.11
64.52,64.52,39.02,21.95,68.23
62.03,62.03,36.24,20.52,67.23
64.52,64.52,38.63,27.74,68.66
59.97,59.97,36.14,26.84,67.73
61.94,61.94,36.99,21.53,66.32
63.17,63.17,39.02,31.12,64.93
61.11,61.11,40.38,34.91,68.62
62.04,62.04,41.43,29.71,65.10
59.75,59.75,44.75,28.24,63.86
60.14,60.14,43.86,29.66,65.32
62.25,62.25,44.93,31.67,64.77
59.50,59.50,44.33,32.71,66.01
60.45,60.45,43.62,30.30,64.73
58.34,58.34,44.44,27.15,63.11
60.27,60.27,45.58,18.64,63.74
57.09,57.09,44.78,26.32,62.09
57.06,57.06,44.30,21.79,62.32
54.34,54.34,44.11,20.48,64.13
52.05,52.05,44.63,25.10,63.53
53.69,53.69,43.60,27.15,65.09
57.82,57.82,43.53,29.83,62.95
62.89,62.89,34.31,19.79,60.57
71.88,71.88,33.23,11.47,58.92
75.86,75.86,33.95,2.63,68.01
75.18,75.18,30.96,2.44,70.94
77.64,77.64,29.96,0.64,71.66
75.28,75.28,32.75,3.94,69.33
75.23,75.23,32.23,5.31,70.23
75.92,75.92,28.80,4.42,69.40
74.01,74.01,27.77,15.74,71.71
72.23,72.23,25.87,9.52,69.64
71.28,71.28,27.06,14.14,69.97
70.96,70.96,23.53,10.89,69.77
69.12,69.12,23.79,9.55,68.89
72.56,72.56,25.41,15.34,70.65
74.13,74.13,29.95,12.29,69.88
74.10,74.10,32.97,13.69,69.06
73.16,73.16,33.02,15.09,67.95
71.54,71.54,32.76,19.48,67.63
73.05,73.05,33.77,25.79,67.25
72.33,72.33,33.87,29.95,66.79
71.56,71.56,31.80,25.87,67.94
72.50,72.50,32.00,23.09,65.55
71.40,71.40,30.30,21.74,64.75
72.22,72.22,30.39,27.74,69.76
73.26,73.26,31.13,21.79,69.63
74.77,74.77,30.67,20.91,70.04
73.81,73.81,29.97,22.55,70.87
68.76,68.76,28.08,18.97,69.33
64.88,64.88,25.79,14.32,70.96
66.05,66.05,23.15,9.45,69.86
70.02,70.02,29.14,13.89,70.59
71.34,71.34,31.33,18.24,71.59
70.57,70.57,32.93,16.64,71.38
68.75,68.75,37.27,18.05,71.20
68.27,68.27,26.49,8.50,68.90
72.78,72.78,26.22,10.92,69.72
72.49,72.49,32.02,11.90,69.82
73.29,73.29,34.99,20.31,69.83
75.01,75.01,36.34,22.05,69.00
75.18,75.18,39.13,20.61,70.26
73.58,73.58,34.74,16.24,70.99
75.99,75.99,39.00,16.61,67.68
74.38,74.38,38.75,13.95,68.47
71.43,71.43,41.79,21.11,65.54
69.18,69.18,38.76,14.57,64.99
70.02,70.02,33.52,17.02,68.69
74.39,74.39,29.71,10.47,73.23
73.62,73.62,25.80,8.54,74.36
76.08,76.08,36.26,18.51,72.40
76.57,76.57,30.13,16.65,71.06
77.03,77.03,41.24,18.76,70.44
76.70,76.70,38.99,13.90,69.76
76.06,76.06,36.93,18.17,69.78
75.87,75.87,39.94,20.30,69.24
75.42,75.42,40.79,23.34,68.93
72.29,72.29,42.14,21.70,70.00
70.59,70.59,38.96,18.57,71.21
64.73,64.73,34.60,12.32,72.31
62.48,62.48,41.74,18.98,71.70
61.47,61.47,35.52,21.75,70.14
60.33,60.33,39.14,21.60,70.01
57.26,57.26,41.87,19.38,71.71
61.21,61.21,40.73,19.45,72.58
61.78,61.78,42.65,20.49,73.51
62.33,62.33,34.92,18.51,71.89
60.01,60.01,39.87,23.16,69.37
54.07,54.07,37.87,16.30,69.84
56.60,56.60,39.16,23.98,67.91
63.25,63.25,26.57,23.22,66.42
75.35,75.35,26.96,18.52,65.94
83.43,83.43,29.19,12.16,67.94
79.06,79.06,28.33,15.46,66.79
80.58,80.58,29.02,14.35,66.69
83.35,83.35,30.52,24.68,67.24
82.27,82.27,35.96,18.58,65.32
81.90,81.90,35.74,23.60,65.63
81.90,81.90,36.25,19.66,64.54
81.97,81.97,33.11,18.61,64.83
80.60,80.60,41.72,17.00,65.02
78.12,78.12,35.17,19.67,64.01
79.66,79.66,36.30,18.01,66.38
76.90,76.90,46.77,23.89,65.21
75.82,75.82,45.04,22.38,65.34
70.97,70.97,43.87,19.03,65.27
70.15,70.15,41.34,20.81,68.06
69.78,69.78,36.99,17.21,68.68
68.34,68.34,40.78,16.44,68.98
66.89,66.89,36.65,14.94,67.13
69.50,69.50,38.67,18.41,67.63
66.93,66.93,36.84,15.14,66.58
67.08,67.08,35.89,16.54,67.33
69.70,69.70,23.96,12.67,67.86
76.17,76.17,28.59,6.36,70.25
77.53,77.53,33.54,7.24,70.41
81.40,81.40,31.21,4.57,72.67
77.24,77.24,28.70,0.32,73.17
81.12,81.12,25.83,5.05,72.06
79.83,79.83,27.03,9.65,71.17
78.98,78.98,20.56,7.51,69.34
78.35,78.35,23.94,14.87,69.84
80.01,80.01,26.20,6.34,66.94
82.06,82.06,27.00,15.59,69.76
82.54,82.54,30.64,13.61,71.24
82.51,82.51,29.55,11.02,71.62
83.78,83.78,27.79,17.82,71.41
82.54,82.54,27.92,14.33,71.04
79.22,79.22,28.35,12.70,69.52
78.63,78.63,29.53,17.24,68.22
80.01,80.01,31.74,22.27,68.40
78.25,78.25,39.32,21.17,65.37
77.12,77.12,36.81,14.55,66.49
79.28,79.28,38.77,15.95,68.06
77.68,77.68,42.10,17.62,66.84
77.93,77.93,40.18,13.22,65.10
77.69,77.69,41.48,13.84,65.86
78.33,78.33,39.99,17.91,65.40
80.35,80.35,40.86,18.91,65.56
80.14,80.14,46.29,19.16,66.43
78.91,78.91,39.80,15.73,66.68
78.62,78.62,39.20,18.30,64.31
81.22,81.22,44.71,18.31,67.35
77.19,77.19,39.30,18.06,66.80
80.12,80.12,44.56,18.02,66.79
78.73,78.73,47.35,21.87,67.78
72.68,72.68,39.69,18.13,66.74
72.79,72.79,36.43,13.26,66.67
72.03,72.03,39.34,14.22,67.27
70.12,70.12,39.67,17.91,69.25
71.69,71.69,40.96,17.70,68.25
72.14,72.14,40.38,15.62,68.23
70.81,70.81,37.86,16.45,66.66
73.21,73.21,36.46,16.50,67.57
78.13,78.13,37.05,23.92,69.95
78.52,78.52,40.56,16.26,71.33
72.92,72.92,41.05,14.28,70.47
75.79,75.79,37.94,20.52,69.29
77.62,77.62,36.76,16.22,68.89
75.26,75.26,34.34,16.45,70.39
71.93,71.93,33.07,12.49,70.13
76.57,76.57,35.30,6.75,73.92
71.38,71.38,33.43,2.78,74.27
76.52,76.52,33.63,5.78,74.50
79.79,79.79,32.38,8.55,74.44
78.53,78.53,32.24,10.25,74.86
72.73,72.73,31.31,7.33,72.35
69.41,69.41,28.90,9.47,70.81
60.40,60.40,26.02,8.53,69.64
61.92,61.92,25.81,11.22,69.87
66.27,66.27,35.32,14.81,71.44
66.36,66.36,43.77,12.63,71.99
69.42,69.42,37.15,13.21,72.19
69.02,69.02,31.52,7.66,71.41
68.51,68.51,36.69,10.98,70.46
70.28,70.28,30.31,4.74,71.52
75.77,75.77,26.63,0.74,71.76
77.00,77.00,30.97,2.44,71.35
76.01,76.01,33.55,5.95,69.34
81.45,81.45,35.04,15.74,68.79
79.75,79.75,39.17,18.83,69.26
78.19,78.19,42.34,9.88,67.07
78.72,78.72,40.58,6.65,68.82
75.15,75.15,31.91,6.44,69.82
71.95,71.95,27.63,1.42,69.96
76.00,76.00,32.90,6.01,70.63
76.30,76.30,29.76,12.40,72.08
75.92,75.92,35.62,2.38,71.59
76.08,76.08,26.62,7.32,72.04
76.07,76.07,26.05,3.93,72.68
73.30,73.30,21.11,4.83,72.34
68.83,68.83,25.52,4.09,71.16
66.49,66.49,24.28,10.66,71.03
69.26,69.26,29.19,9.10,72.32
72.65,72.65,27.73,17.14,71.25
76.41,76.41,29.43,9.51,70.01
77.06,77.06,30.30,17.84,70.07
78.85,78.85,32.06,10.05,70.54
79.96,79.96,31.11,13.59,69.51
79.86,79.86,33.64,19.29,68.63
82.18,82.18,36.47,16.80,68.82
81.27,81.27,32.61,19.67,67.62
81.13,81.13,33.45,14.39,64.12
80.75,80.75,36.52,17.51,64.18
79.02,79.02,41.22,20.31,64.87
79.17,79.17,39.18,15.99,64.36
80.26,80.26,35.75,11.00,65.47
81.76,81.76,40.36,11.75,66.51
80.05,80.05,42.89,15.05,65.46
75.89,75.89,45.41,27.93,65.28
74.44,74.44,43.63,17.47,63.17
75.97,75.97,41.55,20.39,62.16
78.04,78.04,43.61,24.65,61.63
77.98,77.98,43.08,24.12,63.68
78.73,78.73,45.72,26.49,64.54
78.11,78.11,39.97,22.01,63.54
76.96,76.96,36.48,4.38,64.20
73.66,73.66,33.91,10.74,61.95
77.63,77.63,33.35,3.95,62.09
79.58,79.58,28.34,22.71,65.85
78.55,78.55,35.28,15.02,63.93
82.21,82.21,26.93,9.32,64.06
79.73,79.73,21.71,10.55,66.50
78.54,78.54,22.95,7.83,64.62
78.17,78.17,29.06,20.80,66.48
77.43,77.43,35.73,24.76,62.66
77.95,77.95,43.24,14.37,61.90
79.31,79.31,33.57,8.23,64.17
75.98,75.98,38.24,3.72,67.18
76.06,76.06,38.24,7.63,70.36
74.84,74.84,41.85,3.70,70.03
78.08,78.08,38.22,11.65,70.85
78.04,78.04,32.48,22.37,71.07
76.06,76.06,35.44,21.86,69.42
73.62,73.62,43.45,9.07,70.27
74.86,74.86,43.17,6.28,68.92
76.48,76.48,39.53,5.90,67.61
74.34,74.34,36.47,5.28,66.61
76.78,76.78,39.88,3.64,68.71
77.89,77.89,41.44,14.46,66.60
78.24,78.24,45.82,25.99,66.80
76.44,76.44,40.75,14.63,66.65
75.26,75.26,43.18,3.39,64.81
77.81,77.81,37.74,7.19,66.18
77.27,77.27,33.44,6.26,66.81
78.52,78.52,34.77,8.15,68.34
79.16,79.16,45.08,10.19,67.94
75.73,75.73,33.10,5.75,67.19
77.01,77.01,31.90,5.17,70.28
75.14,75.14,41.83,7.79,68.24
76.69,76.69,37.76,11.91,68.03
77.36,77.36,39.80,13.93,68.56
78.20,78.20,38.72,7.26,69.01
74.06,74.06,36.33,5.31,63.35
76.33,76.33,43.17,7.16,66.83
75.71,75.71,34.59,9.28,66.19
73.23,73.23,33.68,20.76,64.90
73.97,73.97,36.43,20.22,66.41
75.44,75.44,42.93,9.91,68.29
72.27,72.27,38.10,10.77,67.78
76.48,76.48,42.68,8.01,66.69
78.17,78.17,40.46,2.91,70.17
76.91,76.91,41.63,3.82,70.87
76.49,76.49,39.31,6.16,70.35
74.39,74.39,40.54,20.89,69.75
75.07,75.07,38.96,7.22,68.88
68.28,68.28,39.54,19.12,67.42
70.41,70.41,38.14,25.94,66.65
76.00,76.00,36.76,16.67,65.97
78.68,78.68,37.22,9.95,66.99
80.61,80.61,39.09,23.35,66.80
78.12,78.12,39.34,23.53,67.41
74.01,74.01,43.34,15.23,65.56
71.95,71.95,39.86,15.88,68.17
68.96,68.96,39.31,24.39,68.79
71.23,71.23,39.39,21.62,66.98
72.30,72.30,42.30,14.50,63.86
71.05,71.05,37.03,11.68,65.35
72.83,72.83,36.72,14.09,65.98
70.05,70.05,35.81,17.81,67.34
67.14,67.14,36.82,20.48,69.20
65.17,65.17,35.33,18.01,69.89
65.11,65.11,33.94,17.30,70.88
63.93,63.93,35.89,15.85,68.34
61.47,61.47,38.98,17.90,70.76
63.35,63.35,35.48,13.09,69.53
65.05,65.05,35.64,19.74,67.87
62.58,62.58,34.30,13.87,67.46
64.94,64.94,31.58,14.37,68.07
64.80,64.80,31.00,11.83,67.90
63.39,63.39,31.08,14.74,70.68
59.59,59.59,33.40,16.99,70.37
56.12,56.12,33.44,23.48,68.83
54.32,54.32,32.87,26.76,68.80
52.97,52.97,33.61,22.49,67.31
56.39,56.39,31.84,16.13,69.35
55.66,55.66,34.25,23.62,70.95
53.55,53.55,28.04,20.47,70.51
49.97,49.97,30.15,19.03,74.52
50.44,50.44,32.41,18.77,75.77
47.43,47.43,31.53,22.68,74.23
46.50,46.50,33.04,30.77,72.05
46.43,46.43,36.63,27.99,71.06
43.73,43.73,41.91,23.42,69.27
49.15,49.15,39.60,20.01,69.69
55.77,55.77,40.05,22.62,66.60
67.95,67.95,34.41,19.20,67.28
72.94,72.94,35.14,13.71,64.42
73.93,73.93,28.03,9.76,62.70
73.40,73.40,21.97,6.48,63.50
71.96,71.96,23.42,8.76,65.46
70.76,70.76,20.27,4.30,69.71
72.50,72.50,28.94,5.71,69.70
73.95,73.95,31.51,5.34,71.18
73.93,73.93,32.44,2.45,68.60
73.52,73.52,29.82,0.09,70.06
74.62,74.62,36.04,1.08,67.75
75.00,75.00,37.95,1.82,69.52
73.94,73.94,34.54,5.08,65.61
70.49,70.49,45.31,12.94,65.08
69.33,69.33,31.50,17.89,65.98
71.26,71.26,34.46,15.79,65.17
72.11,72.11,34.25,6.66,65.01
75.38,75.38,27.67,1.89,67.38
73.22,73.22,28.68,12.99,66.94
75.07,75.07,38.22,19.96,65.77
74.10,74.10,30.70,21.25,65.89
73.64,73.64,28.85,18.52,67.64
72.49,72.49,34.02,15.83,64.06
69.64,69.64,34.96,12.03,64.81
69.35,69.35,32.81,6.45,66.83
64.67,64.67,33.68,-0.00,67.14
57.84,57.84,33.50,4.77,67.99
57.80,57.80,33.92,7.55,67.43
57.71,57.71,34.95,3.00,67.52
53.35,53.35,34.45,5.87,67.17
52.13,52.13,35.49,12.33,67.33
50.98,50.98,33.46,12.81,66.70
50.06,50.06,34.18,10.23,66.09
50.29,50.29,34.07,12.38,65.69
47.60,47.60,33.20,18.34,67.49
45.33,45.33,30.81,17.65,66.07
48.80,48.80,26.29,13.17,69.72
49.96,49.96,26.66,16.05,74.61
47.04,47.04,31.43,18.26,76.26
46.92,46.92,29.74,6.96,75.17
43.32,43.32,39.52,13.44,75.62
43.58,43.58,41.53,12.69,73.23
42.54,42.54,45.00,15.29,71.68
45.61,45.61,43.01,10.08,71.19
40.65,40.65,42.65,11.66,69.57
42.69,42.69,42.26,7.34,68.74
49.28,49.28,39.48,9.69,68.32
57.27,57.27,41.54,5.69,70.46
64.24,64.24,43.71,7.14,68.76
75.35,75.35,38.46,6.07,66.00
76.02,76.02,30.60,6.89,66.06
76.15,76.15,33.53,11.34,64.98
73.16,73.16,31.28,15.22,65.92
72.67,72.67,29.44,10.78,65.68
75.74,75.74,39.87,7.30,66.24
77.41,77.41,43.87,11.38,64.37
76.24,76.24,38.73,10.00,64.92
75.46,75.46,40.18,5.58,63.59
74.29,74.29,38.90,6.51,62.87
73.83,73.83,37.11,8.04,64.03
74.06,74.06,29.89,15.97,66.22
70.92,70.92,27.02,15.60,68.46
74.16,74.16,29.45,12.77,67.16
76.48,76.48,32.84,4.50,68.24
75.85,75.85,34.44,0.55,66.99
76.01,76.01,27.37,1.76,65.71
77.24,77.24,28.10,7.55,65.12
76.25,76.25,28.91,7.56,63.77
74.17,74.17,30.86,0.16,63.69
67.91,67.91,31.59,0.93,64.41
72.86,72.86,27.17,4.55,62.76
71.79,71.79,23.67,15.43,61.00
71.42,71.42,27.22,18.47,62.75
70.48,70.48,23.44,13.41,60.77
70.08,70.08,20.44,8.41,61.15
70.75,70.75,17.24,6.39,62.22
70.89,70.89,14.19,3.54,62.36
76.90,76.90,23.03,1.48,66.45
79.11,79.11,37.17,2.80,65.32
79.59,79.59,36.04,7.34,66.52
79.18,79.18,30.42,10.59,67.49
81.03,81.03,32.05,11.55,66.20
80.03,80.03,24.95,36.39,63.87
80.58,80.58,16.55,43.05,58.35
78.55,78.55,19.23,51.80,65.21
75.89,75.89,5.35,74.62,73.07
77.05,77.05,7.77,82.52,71.58
79.34,79.34,12.36,82.25,72.24
77.42,77.42,19.64,81.64,72.31
77.19,77.19,23.77,82.05,73.48
73.69,73.69,22.72,82.64,69.85
72.95,72.95,25.36,81.92,69.35
69.14,69.14,21.71,79.81,74.88
71.08,71.08,22.03,82.06,70.00
69.19,69.19,19.63,81.80,70.46
74.28,74.28,20.14,81.03,70.80
81.07,81.07,16.32,80.93,67.83
79.92,79.92,17.60,79.26,71.66
75.85,75.85,18.64,78.88,72.42
79.85,79.85,12.71,79.99,70.91
75.89,75.89,4.13,80.01,72.62
78.94,78.94,0.24,80.09,70.13
78.04,78.04,0.77,80.12,71.40
77.42,77.42,0.76,77.66,73.02
79.20,79.20,1.89,78.86,73.49
79.57,79.57,1.17,79.24,73.86
81.17,81.17,3.15,78.78,73.26
79.05,79.05,5.30,78.45,72.23
76.28,76.28,2.83,78.47,72.70
74.22,74.22,9.28,77.51,74.24
73.04,73.04,10.49,79.80,68.57
73.45,73.45,14.68,78.98,71.31
77.98,77.98,18.44,78.43,73.06
73.94,73.94,21.08,78.71,71.70
67.97,67.97,22.24,77.80,73.85
64.64,64.64,21.41,77.45,72.37
63.44,63.44,21.08,78.55,72.12
64.52,64.52,26.95,77.69,72.42
69.18,69.18,26.44,78.78,71.33
76.45,76.45,18.45,78.90,71.10
75.23,75.23,12.24,76.13,72.67
79.43,79.43,9.40,87.54,72.47
79.66,79.66,6.08,83.88,68.02
75.95,75.95,5.24,85.47,70.08
78.48,78.48,1.51,83.03,68.91
78.93,78.93,7.30,84.39,70.21
79.03,79.03,13.11,84.05,72.47
79.46,79.46,10.90,82.16,70.43
82.60,82.60,11.78,84.71,72.01
82.15,82.15,3.06,82.45,74.63
81.83,81.83,0.42,83.87,76.69
79.44,79.44,0.95,84.30,76.62
74.37,74.37,1.76,81.15,77.07
78.48,78.48,5.47,83.03,75.21
79.79,79.79,15.15,84.26,75.27
76.02,76.02,23.80,82.46,74.72
71.26,71.26,24.47,84.67,73.72
69.74,69.74,23.04,82.16,73.86
64.08,64.08,23.33,85.06,72.52
68.42,68.42,27.65,81.88,72.37
70.09,70.09,28.91,82.43,69.84
72.49,72.49,21.21,85.03,69.67
77.71,77.71,18.48,81.88,69.17
77.16,77.16,18.09,84.64,69.03
79.85,79.85,20.34,81.45,66.88
76.98,76.98,18.00,83.07,67.20
78.22,78.22,18.97,83.15,68.67
78.19,78.19,20.39,81.31,69.70
80.60,80.60,21.74,84.10,70.93
81.43,81.43,21.89,80.01,70.91
80.80,80.80,20.11,83.41,71.31
78.95,78.95,20.01,80.35,69.35
79.97,79.97,17.08,80.45,68.98
79.04,79.04,13.45,83.30,68.36
76.71,76.71,18.12,80.57,70.31
83.28,83.28,20.36,83.52,68.46
78.98,78.98,28.71,80.58,67.51
75.32,75.32,37.72,81.01,66.24
74.91,74.91,38.43,82.02,66.29
68.51,68.51,33.31,79.79,68.00
66.67,66.67,25.41,83.42,69.64
72.10,72.10,24.49,80.63,69.69
67.11,67.11,35.06,82.86,67.54
71.06,71.06,39.03,80.51,65.35
78.01,78.01,37.02,79.44,68.84
79.50,79.50,27.28,81.77,70.71
82.69,82.69,6.30,77.88,71.57
81.08,81.08,10.02,82.02,72.07
75.43,75.43,19.48,83.07,75.98
66.59,66.59,24.60,79.51,73.12
66.25,66.25,22.28,84.33,75.16
74.90,74.90,20.69,84.68,74.55
78.15,78.15,17.60,81.91,73.13
79.49,79.49,16.69,83.88,72.86
80.33,80.33,17.75,85.88,73.88
80.00,80.00,18.37,82.25,74.32
79.72,79.72,22.66,85.38,73.94
78.94,78.94,17.21,84.49,77.34
78.92,78.92,17.77,81.38,78.00
78.42,78.42,17.90,84.28,77.95
79.12,79.12,18.90,83.77,76.10
80.60,80.60,18.22,80.76,75.98
79.65,79.65,14.90,83.38,76.19
80.55,80.55,20.53,82.57,76.65
79.75,79.75,18.59,79.46,77.40
77.47,77.47,16.78,82.95,75.27
76.92,76.92,14.33,84.14,75.32
79.19,79.19,11.98,80.66,71.37
77.94,77.94,14.90,83.99,73.45
77.47,77.47,19.62,82.23,74.12
76.20,76.20,24.26,80.21,74.24
74.97,74.97,25.90,83.85,72.08
79.57,79.57,24.02,83.76,72.60
75.60,75.60,13.50,80.16,70.82
76.26,76.26,4.56,83.94,73.53
78.94,78.94,0.11,82.33,74.98
80.93,80.93,4.49,78.79,73.04
80.44,80.44,8.12,81.64,71.06
79.46,79.46,8.38,80.83,74.25
80.11,80.11,6.41,78.80,71.50
79.39,79.39,7.97,82.07,72.22
76.93,76.93,10.27,81.67,72.90
72.80,72.80,17.85,79.74,70.85
72.65,72.65,21.35,82.65,70.56
72.03,72.03,21.30,82.08,69.55
73.81,73.81,20.97,79.44,68.31
74.26,74.26,18.56,83.39,69.35
74.57,74.57,18.39,82.18,68.96
73.12,73.12,21.40,81.26,68.68
74.77,74.77,17.46,83.61,68.35
75.31,75.31,17.58,81.40,66.17
74.46,74.46,19.79,80.61,67.44
73.22,73.22,17.10,83.18,68.10
73.24,73.24,21.53,80.39,69.07
72.47,72.47,20.71,82.35,68.48
73.46,73.46,26.64,83.47,70.46
73.65,73.65,26.14,81.64,70.65
70.25,70.25,24.20,79.96,70.49
72.65,72.65,22.40,82.35,70.98
74.67,74.67,23.95,79.51,69.32
76.53,76.53,23.67,81.24,71.97
75.09,75.09,26.83,82.06,73.27
72.68,72.68,29.31,80.63,75.19
74.76,74.76,24.65,79.53,73.60
73.58,73.58,24.56,81.32,72.12
70.78,70.78,22.08,78.49,72.08
71.03,71.03,20.04,81.11,72.72
71.65,71.65,25.05,81.61,71.72
70.74,70.74,29.30,79.02,71.66
70.65,70.65,27.71,81.45,69.51
69.47,69.47,23.10,81.49,68.89
69.95,69.95,22.78,78.33,73.51
64.81,64.81,24.23,80.73,73.65
63.68,63.68,24.96,81.18,74.18
64.33,64.33,27.31,77.83,73.31
62.57,62.57,26.06,80.74,71.39
62.85,62.85,26.20,80.79,72.77
58.44,58.44,27.21,78.06,72.01
60.09,60.09,29.37,81.51,72.34
58.39,58.39,30.49,81.44,68.97
58.49,58.49,29.69,78.31,69.92
59.52,59.52,26.87,80.63,67.72
57.72,57.72,26.40,80.04,66.60
57.38,57.38,29.97,78.51,65.82
56.33,56.33,30.24,80.62,65.17
59.09,59.09,24.19,80.16,66.29
65.46,65.46,21.64,76.83,67.93
71.24,71.24,25.24,80.35,67.35
74.94,74.94,22.19,80.20,67.58
75.41,75.41,23.40,76.97,69.42
79.50,79.50,29.51,80.34,69.99
77.99,77.99,31.65,77.11,70.70
75.05,75.05,28.96,77.66,70.69
69.96,69.96,23.43,79.13,69.80
67.41,67.41,25.70,78.34,70.65
65.14,65.14,21.50,76.28,70.06
67.05,67.05,16.48,79.76,68.78
69.46,69.46,7.42,79.67,68.67
75.22,75.22,9.03,76.78,66.35
75.93,75.93,11.40,78.33,66.76
74.64,74.64,20.00,75.99,66.88
75.49,75.49,25.13,78.77,67.63
71.11,71.11,27.67,79.04,69.16
64.19,64.19,26.94,76.00,67.55
62.44,62.44,25.73,77.89,69.21
62.38,62.38,25.32,78.59,68.34
63.51,63.51,24.40,75.46,68.82
66.86,66.86,24.74,65.93,65.55
72.15,72.15,28.46,46.74,67.95
77.25,77.25,27.08,41.76,71.58
79.38,79.38,23.84,39.95,70.57
78.64,78.64,23.92,39.80,73.52
78.62,78.62,30.01,38.07,70.48
78.86,78.86,31.17,36.15,72.16
77.26,77.26,25.83,33.57,72.94
74.77,74.77,24.24,36.10,72.18
69.86,69.86,28.19,34.02,74.23
72.92,72.92,31.81,35.07,72.19
71.89,71.89,33.76,34.93,74.61
71.69,71.69,33.83,29.54,71.90
74.72,74.72,28.73,40.92,70.87
78.47,78.47,22.64,42.05,69.10
74.89,74.89,25.31,33.62,70.13
75.86,75.86,25.46,21.29,73.08
72.78,72.78,25.31,14.08,71.59
73.76,73.76,26.02,28.55,72.23
75.92,75.92,25.64,21.76,71.98
77.32,77.32,20.43,20.80,73.14
77.26,77.26,19.87,22.81,69.91
76.49,76.49,31.40,10.19,71.20
75.95,75.95,35.64,20.55,73.33
74.62,74.62,27.16,9.42,70.96
75.88,75.88,21.80,26.25,70.48
79.29,79.29,16.82,16.84,69.93
78.43,78.43,18.17,23.37,70.29
80.84,80.84,21.22,9.87,70.54
77.85,77.85,26.38,25.81,70.11
77.11,77.11,32.90,21.95,68.75
77.04,77.04,33.66,25.13,69.23
71.53,71.53,37.35,12.36,68.84
72.53,72.53,39.86,24.79,67.27
73.38,73.38,32.44,20.08,70.85
77.11,77.11,33.88,24.44,70.16
77.22,77.22,42.96,33.16,69.95
78.02,78.02,36.89,29.25,70.08
74.12,74.12,41.51,28.29,68.06
73.35,73.35,37.62,26.82,70.54
71.65,71.65,27.62,25.84,69.18
72.72,72.72,30.90,23.69,69.73
72.95,72.95,37.34,18.30,70.79
73.29,73.29,38.50,22.71,67.68
72.82,72.82,37.28,34.57,68.04
67.93,67.93,27.94,29.84,68.14
68.83,68.83,32.92,35.08,70.63
75.08,75.08,27.45,10.23,75.25
75.26,75.26,30.50,18.18,71.71
77.89,77.89,33.43,20.86,71.84
76.61,76.61,29.57,27.08,73.99
76.58,76.58,31.70,28.08,73.23
76.30,76.30,24.64,6.17,75.56
75.85,75.85,22.83,12.65,74.56
74.30,74.30,24.57,20.28,72.61
74.37,74.37,22.26,20.55,73.61
68.92,68.92,26.42,14.85,69.31
74.31,74.31,22.59,20.10,71.75
76.73,76.73,22.68,14.53,69.92
72.78,72.78,23.07,36.75,69.92
72.80,72.80,34.19,29.42,70.24
71.57,71.57,35.90,21.62,71.49
71.58,71.58,29.64,18.54,67.58
68.13,68.13,27.46,24.45,70.57
60.05,60.05,27.31,15.23,71.02
57.98,57.98,27.64,26.42,71.71
57.18,57.18,29.08,26.66,71.67
62.35,62.35,32.49,26.67,70.70
63.87,63.87,33.47,18.32,70.11
71.07,71.07,27.40,21.50,70.00
73.58,73.58,26.61,18.89,69.28
72.88,72.88,26.76,16.18,68.25
73.17,73.17,28.42,17.80,67.62
71.50,71.50,28.90,25.71,68.70
73.09,73.09,29.19,36.58,70.60
73.65,73.65,40.27,31.91,67.69
74.05,74.05,33.70,29.14,67.64
72.62,72.62,27.86,31.84,67.19
73.32,73.32,31.59,34.07,66.74
77.23,77.23,38.62,28.53,67.28
78.29,78.29,35.18,18.59,67.64
77.41,77.41,29.13,25.20,67.77
77.37,77.37,28.26,32.10,66.96
77.86,77.86,19.77,14.60,66.81
79.43,79.43,24.92,20.69,68.49
75.31,75.31,28.83,17.46,68.81
70.52,70.52,29.38,22.70,68.26
72.04,72.04,36.33,20.55,69.71
69.10,69.10,36.76,18.19,70.53
64.75,64.75,32.11,14.17,69.42
62.67,62.67,31.66,11.00,67.43
67.83,67.83,27.60,20.67,69.56
74.63,74.63,25.28,19.68,71.26
78.39,78.39,32.20,24.03,73.49
81.31,81.31,28.60,23.35,75.63
80.88,80.88,27.48,20.99,74.61
81.91,81.91,38.49,32.11,71.04
82.56,82.56,31.27,27.12,70.79
82.54,82.54,36.77,22.92,72.32
80.48,80.48,42.56,24.96,73.36
79.74,79.74,40.89,22.87,71.86
81.00,81.00,34.88,21.66,70.13
80.45,80.45,32.65,35.79,72.12
80.24,80.24,29.11,28.23,72.48
81.52,81.52,30.00,23.06,70.28
82.62,82.62,38.37,27.83,67.22
77.40,77.40,39.08,36.04,70.27
75.39,75.39,45.40,36.00,70.98
76.37,76.37,40.41,31.71,70.37
78.27,78.27,43.12,18.92,69.07
79.86,79.86,39.48,16.29,68.04
75.62,75.62,37.55,14.18,67.12
67.38,67.38,33.36,17.06,69.44
74.55,74.55,34.37,15.88,69.28
77.34,77.34,27.74,12.48,68.48
78.15,78.15,33.64,27.37,71.58
74.94,74.94,40.02,39.21,69.62
72.97,72.97,44.34,25.87,67.07
70.96,70.96,41.21,28.29,65.01
73.45,73.45,33.53,36.05,62.72
76.22,76.22,35.79,20.29,65.59
75.15,75.15,33.53,24.87,67.46
73.01,73.01,31.72,24.01,66.66
75.38,75.38,34.22,28.35,65.48
77.74,77.74,37.47,35.38,64.88
76.89,76.89,41.14,21.77,63.66
74.77,74.77,39.08,22.80,60.72
74.84,74.84,35.67,14.22,64.12
76.25,76.25,36.21,15.10,61.98
74.67,74.67,35.60,12.40,66.59
75.03,75.03,38.19,22.35,66.30
74.74,74.74,46.81,19.23,66.15
71.60,71.60,45.91,22.66,66.69
71.51,71.51,40.18,18.61,67.60
70.46,70.46,36.09,18.28,67.43
75.53,75.53,36.07,16.78,67.77
77.34,77.34,39.39,8.05,67.34
76.58,76.58,35.76,10.12,66.61
79.27,79.27,36.44,10.74,66.39
80.68,80.68,39.93,10.92,63.72
82.62,82.62,33.82,23.93,61.91
81.58,81.58,39.12,21.68,55.57
82.97,82.97,34.41,30.70,60.09
83.45,83.45,36.83,19.71,61.72
81.94,81.94,34.12,9.32,61.32
81.02,81.02,37.25,11.08,60.53
83.28,83.28,45.96,18.56,62.61
84.18,84.18,43.67,28.03,60.28
82.45,82.45,43.12,34.70,59.47
80.90,80.90,35.95,21.31,60.82
82.81,82.81,38.22,17.72,58.86
83.96,83.96,32.77,18.09,59.14
81.99,81.99,33.49,15.29,61.41
78.52,78.52,33.63,17.54,61.33
80.12,80.12,34.39,21.06,62.68
76.79,76.79,37.40,17.39,58.84
74.48,74.48,33.24,16.59,56.83
71.33,71.33,43.39,21.08,52.85
73.09,73.09,38.36,19.19,49.10
67.37,67.37,41.47,19.96,45.42
64.54,64.54,41.99,14.03,44.59
65.12,65.12,41.19,14.66,44.45
64.30,64.30,41.34,22.51,46.91
64.16,64.16,46.75,30.94,51.78
69.21,69.21,42.26,34.51,55.28
66.25,66.25,41.07,39.25,52.85
63.05,63.05,44.84,37.13,54.75
64.36,64.36,49.70,25.80,51.11
61.10,61.10,50.84,16.00,42.90
57.67,57.67,53.54,17.65,40.96
57.24,57.24,51.60,24.25,41.11
60.41,60.41,54.06,27.45,41.74
56.77,56.77,50.62,25.66,42.66
53.55,53.55,53.66,27.79,43.79
54.47,54.47,54.02,29.33,42.34
55.53,55.53,53.47,28.19,42.45
57.31,57.31,49.87,26.73,40.50
55.60,55.60,50.61,29.41,44.74
51.97,51.97,47.08,26.62,41.59
52.84,52.84,46.93,29.61,50.23
52.85,52.85,41.16,30.45,61.16
49.30,49.30,34.81,29.26,64.58
51.41,51.41,30.46,38.48,63.52
55.60,55.60,21.22,50.93,64.25
61.96,61.96,18.08,71.95,67.00
78.41,78.41,20.99,82.73,70.99
78.12,78.12,8.17,86.31,72.06
78.83,78.83,0.71,84.02,72.47
79.48,79.48,1.75,83.48,72.08
80.03,80.03,7.48,84.42,70.11
71.48,71.48,11.13,85.25,71.16
64.67,64.67,10.48,82.98,70.62
60.77,60.77,11.63,83.19,70.96
59.95,59.95,14.87,85.38,71.43
61.29,61.29,14.73,83.71,69.41
64.83,64.83,18.43,82.54,70.84
68.94,68.94,11.88,82.73,70.52
70.38,70.38,3.11,81.63,70.60
73.65,73.65,5.07,84.65,67.02
75.10,75.10,12.72,83.36,66.59
75.20,75.20,23.02,82.73,68.51
75.93,75.93,22.81,83.35,67.39
74.29,74.29,26.81,83.27,66.88
75.60,75.60,26.80,83.05,67.86
71.17,71.17,25.37,82.43,64.54
70.17,70.17,21.56,81.56,65.46
73.85,73.85,18.38,82.40,67.76
76.22,76.22,15.69,85.11,67.83
74.46,74.46,12.80,81.08,70.36
75.88,75.88,13.27,81.94,68.75
78.25,78.25,14.95,81.36,70.99
78.36,78.36,20.83,82.61,71.19
77.14,77.14,23.27,83.54,70.48
74.62,74.62,23.20,81.26,70.40
77.73,77.73,21.95,80.16,70.39
75.07,75.07,18.61,80.36,70.86
73.02,73.02,17.94,81.10,70.15
74.69,74.69,22.19,82.90,70.87
73.09,73.09,19.23,80.69,70.34
75.15,75.15,17.31,80.18,70.80
74.05,74.05,18.17,79.67,70.47
75.01,75.01,18.87,81.82,69.02
77.47,77.47,17.10,82.12,70.64
80.34,80.34,16.83,79.99,69.26
79.41,79.41,15.73,79.47,69.56
78.90,78.90,15.91,78.76,69.74
78.57,78.57,11.25,80.11,70.03
77.04,77.04,6.97,81.88,70.45
77.86,77.86,4.20,79.35,70.58
77.15,77.15,3.70,78.95,73.67
76.70,76.70,2.93,81.18,73.89
72.35,72.35,5.00,79.19,71.74
76.11,76.11,9.83,80.74,68.33
76.38,76.38,13.00,79.58,68.98
75.14,75.14,16.51,79.29,68.46
74.56,74.56,18.56,81.28,69.04
74.28,74.28,14.60,79.72,69.34
71.49,71.49,13.48,78.12,70.07
74.63,74.63,14.61,78.49,70.18
73.88,73.88,17.42,78.89,69.77
77.53,77.53,23.14,80.59,68.91
78.69,78.69,25.69,78.32,65.09
77.94,77.94,25.06,77.86,66.35
79.70,79.70,21.94,78.17,68.11
78.04,78.04,21.07,78.77,69.07
78.30,78.30,21.37,80.37,68.68
80.24,80.24,21.85,78.56,69.74
75.49,75.49,22.91,78.10,67.36
67.24,67.24,19.95,76.97,66.49
72.29,72.29,22.51,77.57,67.44
73.15,73.15,24.81,79.52,65.50
72.23,72.23,24.36,77.60,65.69
73.05,73.05,18.57,77.73,65.26
78.48,78.48,14.96,77.41,66.34
84.21,84.21,14.72,73.10,69.91
82.87,82.87,15.40,77.11,70.42
83.02,83.02,15.83,78.30,69.47
80.05,80.05,14.14,77.08,69.72
81.95,81.95,11.59,75.56,68.42
82.83,82.83,11.14,75.57,69.02
82.87,82.87,11.80,77.93,67.64
83.88,83.88,14.27,76.55,67.09
83.47,83.47,22.93,76.42,67.87
81.48,81.48,23.86,76.89,68.96
77.30,77.30,27.12,78.21,69.08
76.93,76.93,31.30,75.09,67.69
72.39,72.39,31.25,74.78,70.59
70.64,70.64,27.85,74.90,70.99
71.11,71.11,31.11,75.86,71.68
71.02,71.02,27.96,76.89,70.09
71.34,71.34,29.14,74.60,69.15
71.45,71.45,24.38,75.08,69.80
70.16,70.16,22.70,75.29,67.30
69.89,69.89,21.41,74.17,68.70
69.62,69.62,21.38,76.88,70.19
71.06,71.06,23.68,74.26,71.15
72.44,72.44,22.27,73.24,69.72
77.33,77.33,23.68,76.27,72.11
81.71,81.71,23.05,72.63,71.04
84.30,84.30,21.65,74.76,72.12
80.72,80.72,13.91,73.57,70.83
84.69,84.69,18.40,72.95,68.81
81.91,81.91,18.16,74.43,68.20
79.46,79.46,23.93,76.13,68.98
82.25,82.25,22.35,75.16,68.86
79.00,79.00,19.17,73.13,68.82
84.55,84.55,19.21,72.21,69.33
83.05,83.05,20.02,74.02,70.28
81.88,81.88,21.88,75.70,70.89
79.18,79.18,25.72,75.58,70.13
78.93,78.93,23.15,72.98,69.73
78.85,78.85,17.91,73.98,68.80
79.65,79.65,20.20,76.67,67.08
79.66,79.66,18.34,75.47,68.84
78.87,78.87,18.76,73.84,68.44
79.03,79.03,22.87,73.53,66.25
78.02,78.02,23.85,73.34,67.44
77.18,77.18,26.54,75.16,65.67
75.34,75.34,33.80,73.76,66.66
76.52,76.52,39.87,73.27,69.28
79.67,79.67,33.64,73.76,71.52
78.39,78.39,31.33,75.56,70.38
75.71,75.71,32.20,72.66,69.81
72.94,72.94,33.18,73.59,70.95
73.69,73.69,30.78,72.06,70.40
75.98,75.98,30.93,72.06,70.47
77.38,77.38,31.93,74.73,70.56
75.71,75.71,25.50,72.57,69.85
74.82,74.82,21.45,71.65,70.26
73.71,73.71,19.69,71.02,68.93
70.15,70.15,22.62,72.27,69.39
67.43,67.43,24.19,74.23,68.54
71.31,71.31,25.78,72.08,69.70
71.85,71.85,27.11,72.12,67.51
74.87,74.87,30.25,72.11,69.57
73.52,73.52,26.93,72.81,69.61
73.43,73.43,28.83,73.14,70.65
71.50,71.50,28.05,72.02,70.71
70.77,70.77,27.82,71.36,70.16
71.18,71.18,27.91,70.99,68.87
71.54,71.54,24.67,71.86,67.45
75.10,75.10,25.65,72.57,69.92
75.94,75.94,27.83,71.19,71.25
78.61,78.61,28.57,71.52,72.30
76.65,76.65,28.18,72.88,71.50
77.19,77.19,23.01,65.19,71.52
73.80,73.80,23.89,70.03,71.37
75.26,75.26,26.85,71.08,71.54
71.33,71.33,26.93,73.00,71.13
61.13,61.13,22.76,70.72,70.83
61.63,61.63,23.79,69.59,70.79
59.97,59.97,21.33,69.73,71.34
61.23,61.23,16.34,72.13,72.33
64.94,64.94,20.67,69.34,73.07
70.03,70.03,18.51,69.68,72.45
70.78,70.78,14.82,72.72,72.48
68.02,68.02,7.67,70.37,72.27
68.50,68.50,13.32,69.04,70.65
72.95,72.95,15.72,70.89,71.14
76.37,76.37,23.82,73.55,70.49
74.91,74.91,27.97,70.37,68.27
75.07,75.07,30.24,69.76,68.16
73.81,73.81,23.55,69.43,66.45
70.87,70.87,11.88,69.98,67.05
73.82,73.82,3.14,71.21,69.39
74.53,74.53,8.44,67.86,70.96
78.17,78.17,18.65,68.32,71.95
74.49,74.49,20.91,71.72,70.73
70.01,70.01,18.41,68.34,71.71
69.93,69.93,6.58,71.15,71.45
74.72,74.72,1.75,69.39,69.97
76.39,76.39,1.89,67.47,71.62
72.74,72.74,3.24,67.78,69.44
70.55,70.55,7.55,70.34,68.27
73.51,73.51,16.32,69.58,69.27
74.49,74.49,20.35,70.05,68.18
73.72,73.72,19.47,70.39,68.78
77.01,77.01,20.79,71.16,66.61
79.80,79.80,12.10,70.29,68.44
82.11,82.11,2.54,66.61,67.90
83.27,83.27,-0.00,66.64,65.06
83.41,83.41,-0.00,67.81,66.47
83.26,83.26,-0.00,68.58,66.13
83.85,83.85,-0.00,69.89,66.90
83.00,83.00,-0.00,71.51,64.46
82.66,82.66,-0.00,72.94,69.73
81.03,81.03,-0.00,85.26,65.15
80.54,80.54,-0.00,83.13,63.99
79.81,79.81,-0.00,84.62,63.51
80.57,80.57,-0.00,85.87,62.68
78.23,78.23,-0.00,83.50,61.21
74.71,74.71,1.11,84.96,63.21
71.23,71.23,11.07,84.01,64.04
66.57,66.57,17.50,82.87,65.09
68.02,68.02,19.42,85.92,66.64
66.15,66.15,13.55,83.09,65.75
64.73,64.73,11.84,82.68,66.43
65.18,65.18,6.91,83.06,64.37
67.08,67.08,4.66,85.32,61.88
77.87,77.87,2.86,82.57,62.50
81.78,81.78,0.01,84.40,64.11
81.40,81.40,-0.00,83.78,66.86
81.23,81.23,-0.00,81.40,66.74
83.85,83.85,-0.00,81.44,66.40
82.11,82.11,-0.00,84.22,68.68
76.00,76.00,0.09,81.60,66.73
76.55,76.55,2.41,81.19,67.67
81.74,81.74,7.45,84.09,67.24
83.65,83.65,6.16,81.63,68.44
81.77,81.77,3.65,81.46,69.13
78.73,78.73,0.24,83.32,69.31
75.04,75.04,-0.00,83.75,68.07
78.13,78.13,0.16,81.07,68.44
80.22,80.22,6.33,83.94,68.40
78.15,78.15,9.22,81.74,67.84
79.67,79.67,7.45,81.19,69.52
81.10,81.10,5.83,81.31,67.68
81.44,81.44,5.94,83.44,68.92
78.75,78.75,9.36,80.49,68.99
81.06,81.06,12.87,81.46,67.74
81.99,81.99,14.46,82.56,65.85
77.85,77.85,13.14,80.26,68.97
78.20,78.20,14.23,80.43,68.54
75.72,75.72,11.29,82.86,68.33
78.44,78.44,14.53,80.92,68.52
80.29,80.29,17.49,80.49,68.89
79.91,79.91,17.15,83.01,69.41
77.35,77.35,16.28,78.78,70.08
80.22,80.22,13.40,79.21,69.33
79.84,79.84,9.71,79.76,72.00
77.88,77.88,11.05,82.53,68.88
75.46,75.46,11.26,79.52,67.45
78.37,78.37,11.36,67.68,67.86
81.06,81.06,11.61,55.56,67.85
80.38,80.38,12.43,54.64,64.65
78.72,78.72,14.74,52.27,64.27
76.29,76.29,17.67,32.00,63.03
78.73,78.73,19.53,36.30,64.02
79.97,79.97,19.74,43.76,67.06
75.22,75.22,21.87,41.99,68.34
73.86,73.86,17.91,35.86,70.27
76.44,76.44,24.11,23.16,69.53
75.58,75.58,32.75,35.45,68.76
77.27,77.27,32.16,28.22,69.26
73.65,73.65,33.44,20.06,67.93
76.47,76.47,36.41,21.56,69.31
75.25,75.25,33.70,15.18,69.17
75.29,75.29,28.85,17.03,69.24
75.93,75.93,29.68,16.09,68.06
77.65,77.65,33.67,15.64,67.10
76.56,76.56,30.70,13.46,69.66
75.24,75.24,37.02,16.46,68.15
75.00,75.00,41.91,14.79,69.45
73.66,73.66,37.10,14.39,68.02
73.07,73.07,39.26,17.20,64.67
74.37,74.37,33.77,15.67,65.79
75.78,75.78,46.41,10.06,69.30
75.01,75.01,42.74,15.81,67.25
73.34,73.34,38.18,15.69,64.80
72.76,72.76,34.54,16.42,67.42
70.30,70.30,36.67,14.00,67.88
71.45,71.45,37.85,12.74,71.16
71.57,71.57,36.33,10.54,73.09
71.72,71.72,36.20,7.92,73.73
71.96,71.96,33.18,7.19,71.14
74.39,74.39,36.37,10.60,70.81
76.64,76.64,36.50,13.57,70.21
76.21,76.21,36.97,13.27,68.78
72.13,72.13,40.42,13.63,69.78
74.93,74.93,37.35,12.72,70.48
73.85,73.85,45.01,10.62,68.91
73.92,73.92,33.61,13.52,66.34
71.50,71.50,36.21,15.07,63.92
70.21,70.21,34.07,14.42,66.52
72.63,72.63,41.01,12.02,68.45
72.25,72.25,37.13,20.39,68.64
70.14,70.14,41.01,12.59,69.33
69.04,69.04,41.65,18.23,72.59
71.36,71.36,36.09,24.03,73.30
71.00,71.00,39.36,13.69,75.81
66.66,66.66,38.92,9.73,75.15
66.55,66.55,43.74,20.07,76.06
67.65,67.65,44.08,16.35,72.90
68.60,68.60,37.64,18.28,71.49
68.78,68.78,42.58,16.61,69.07
65.77,65.77,40.54,14.60,69.34
67.08,67.08,37.82,7.19,68.85
67.32,67.32,36.43,9.08,70.81
69.54,69.54,44.02,13.57,71.31
66.32,66.32,37.80,24.73,68.93
66.82,66.82,34.31,28.61,69.42
66.51,66.51,33.32,17.77,70.00
63.02,63.02,34.16,13.74,71.00
62.15,62.15,33.09,12.37,70.23
63.50,63.50,37.10,25.12,70.09
63.75,63.75,43.00,19.03,69.23
57.15,57.15,46.18,14.71,69.54
56.82,56.82,46.21,19.76,66.28
56.59,56.59,47.73,20.79,67.91
55.20,55.20,39.35,13.08,66.75
57.91,57.91,33.22,12.36,67.71
58.43,58.43,39.76,11.11,67.77
58.88,58.88,26.49,7.22,66.55
60.76,60.76,26.20,5.82,70.38
61.77,61.77,29.97,4.66,70.07
59.21,59.21,32.42,7.60,71.62
57.71,57.71,33.47,7.50,69.81
54.26,54.26,37.15,5.42,71.63
53.32,53.32,31.40,5.08,70.39
51.14,51.14,29.24,5.84,69.75
51.52,51.52,35.62,8.70,71.40
47.96,47.96,35.04,9.34,71.39
45.59,45.59,27.60,4.93,68.94
47.99,47.99,29.80,10.34,69.84
50.17,50.17,34.41,6.86,69.79
53.97,53.97,39.60,17.13,67.71
56.33,56.33,39.85,15.60,65.59
57.54,57.54,41.85,18.43,64.33
61.28,61.28,38.67,20.11,63.59
62.12,62.12,38.68,15.94,65.41
65.50,65.50,34.74,19.66,66.79
67.04,67.04,34.14,15.63,67.85
68.62,68.62,34.80,14.13,65.93
70.26,70.26,27.86,17.81,68.71
69.85,69.85,30.66,18.26,71.77
79.21,79.21,37.24,25.29,74.54
79.54,79.54,28.60,19.78,73.85
78.44,78.44,33.52,20.01,71.95
78.87,78.87,40.10,17.87,72.02
78.36,78.36,41.15,20.13,69.71
77.49,77.49,35.45,17.01,69.06
77.90,77.90,35.47,22.01,67.86
77.30,77.30,31.14,21.06,66.96
77.93,77.93,44.33,26.37,67.63
77.04,77.04,32.22,16.11,67.28
76.49,76.49,40.50,17.49,68.46
73.06,73.06,40.02,20.51,66.05
76.74,76.74,41.82,15.70,67.44
77.91,77.91,37.88,16.35,66.94
77.36,77.36,37.55,17.62,67.41
73.63,73.63,40.85,20.23,66.75
71.04,71.04,36.64,12.83,64.81
71.62,71.62,30.96,14.25,65.22
71.41,71.41,37.25,18.87,64.38
70.53,70.53,35.84,16.54,65.24
69.18,69.18,35.66,17.66,66.19
66.40,66.40,35.65,16.99,64.67
64.34,64.34,37.81,21.81,65.28
69.98,69.98,38.09,18.59,65.62
75.69,75.69,33.97,24.50,64.05
78.06,78.06,35.32,21.76,64.39
77.26,77.26,34.71,16.44,64.32
76.70,76.70,34.69,13.45,63.92
77.82,77.82,25.48,13.07,64.28
78.74,78.74,32.16,16.97,62.04
78.25,78.25,41.85,15.78,63.43
77.82,77.82,32.85,11.02,65.39
77.96,77.96,33.27,15.92,64.50
75.91,75.91,36.99,15.96,63.67
75.10,75.10,38.60,18.79,64.08
78.22,78.22,43.56,15.26,65.23
78.97,78.97,33.02,14.47,63.90
77.94,77.94,41.05,21.05,65.57
78.71,78.71,33.10,23.05,64.83
76.24,76.24,39.11,20.39,64.41
75.65,75.65,42.28,20.51,62.43
76.78,76.78,35.78,14.79,66.67
76.44,76.44,36.08,16.14,65.39
67.03,67.03,37.21,14.13,62.69
60.76,60.76,35.61,18.02,63.36
57.06,57.06,40.43,20.53,63.28
68.03,68.03,36.14,27.08,71.07
67.03,67.03,30.86,34.37,76.04
66.69,66.69,27.08,26.92,77.28
69.23,69.23,32.46,28.49,76.74
80.43,80.43,34.09,31.63,76.51
81.31,81.31,37.80,33.81,76.03
78.16,78.16,32.59,29.13,74.72
78.50,78.50,35.01,33.90,75.84
80.05,80.05,31.63,37.64,73.69
78.06,78.06,29.42,34.23,74.88
76.15,76.15,30.16,33.62,73.07
76.06,76.06,36.81,38.68,73.19
78.03,78.03,28.70,39.01,73.01
77.30,77.30,24.95,39.69,74.83
77.95,77.95,27.79,43.75,72.86
80.95,80.95,26.65,44.30,70.00
78.95,78.95,25.70,47.14,72.37
79.95,79.95,24.44,48.02,69.31
79.22,79.22,24.26,43.50,69.39
78.74,78.74,23.83,45.69,71.77
77.86,77.86,22.33,43.72,71.47
77.79,77.79,26.51,42.13,72.16
76.21,76.21,23.13,43.08,73.05
71.07,71.07,20.67,41.54,73.03
65.79,65.79,23.21,37.16,73.10
67.29,67.29,25.30,34.85,71.43
69.93,69.93,26.63,34.84,73.51
69.73,69.73,25.08,37.20,72.89
69.89,69.89,19.87,42.96,75.20
69.91,69.91,17.04,41.33,71.70
73.25,73.25,17.34,29.86,74.12
73.46,73.46,20.56,43.10,73.63
68.13,68.13,21.11,41.93,75.25
68.46,68.46,22.97,36.71,75.03
69.26,69.26,27.61,39.41,75.80
67.84,67.84,30.12,31.26,73.45
71.97,71.97,30.88,32.71,72.30
70.46,70.46,26.48,26.13,74.34
64.19,64.19,20.97,25.85,71.80
65.61,65.61,23.37,25.83,72.75
64.30,64.30,26.90,29.40,71.82
65.10,65.10,30.02,31.99,72.40
58.56,58.56,29.99,29.78,72.14
50.05,50.05,30.43,26.65,72.18
52.23,52.23,29.92,36.56,73.56
50.40,50.40,29.08,31.50,75.72
49.95,49.95,29.26,36.81,78.81
50.89,50.89,31.87,33.29,78.47
51.22,51.22,27.59,32.87,78.09
51.71,51.71,25.03,35.95,78.04
61.15,61.15,21.99,37.28,77.83
64.46,64.46,22.04,30.40,76.06
67.48,67.48,23.55,28.55,76.32
65.02,65.02,26.96,32.82,75.40
59.86,59.86,28.23,30.48,74.76
60.87,60.87,28.99,26.45,75.10
66.08,66.08,28.92,32.05,73.11
64.79,64.79,28.96,31.07,72.71
62.68,62.68,27.86,31.58,73.34
62.98,62.98,28.13,25.18,70.84
61.41,61.41,28.30,28.90,73.91
58.10,58.10,26.93,29.87,71.36
56.83,56.83,28.51,28.21,75.07
52.96,52.96,28.18,32.02,73.01
54.45,54.45,26.84,35.54,74.47
57.33,57.33,29.10,29.70,74.41
55.61,55.61,29.36,37.05,74.36
53.20,53.20,27.91,34.26,71.38
55.90,55.90,35.59,36.90,73.22
56.18,56.18,33.27,34.23,72.88
59.93,59.93,29.78,32.75,73.35
60.43,60.43,27.45,34.63,73.84
62.25,62.25,26.19,33.85,73.84
60.45,60.45,27.59,33.35,73.48
58.99,58.99,25.50,39.30,74.01
58.44,58.44,21.48,36.53,72.55
58.68,58.68,20.17,40.59,73.27
58.27,58.27,20.90,37.55,74.62
57.72,57.72,23.52,39.68,72.97
55.59,55.59,27.88,39.74,73.16
56.19,56.19,29.45,40.11,74.89
56.05,56.05,28.55,42.04,71.98
57.19,57.19,22.69,42.01,70.45
58.54,58.54,24.47,41.64,72.27
53.64,53.64,25.14,42.14,72.19
50.60,50.60,27.14,43.30,71.52
50.18,50.18,31.60,42.97,71.30
48.47,48.47,30.76,44.31,71.94
46.06,46.06,30.75,43.81,73.23
48.11,48.11,30.25,44.54,72.90
45.75,45.75,27.58,43.28,72.33
43.82,43.82,28.07,40.58,72.28
41.57,41.57,29.93,43.20,75.48
37.94,37.94,28.70,39.46,78.65
38.24,38.24,29.83,38.62,78.82
42.11,42.11,29.41,43.09,79.51
45.17,45.17,27.94,42.63,78.68
47.76,47.76,28.04,45.90,77.40
43.90,43.90,32.14,46.26,77.32
51.79,51.79,28.18,45.98,75.06
57.70,57.70,22.72,44.65,74.26
63.88,63.88,24.12,45.15,75.14
73.74,73.74,18.20,45.52,75.00
76.56,76.56,16.52,45.61,73.97
75.25,75.25,19.48,47.23,74.72
73.77,73.77,25.35,44.40,74.13
72.68,72.68,30.45,42.96,73.97
70.50,70.50,31.22,40.75,73.62
56.36,56.36,31.22,46.17,72.73
52.10,52.10,27.72,46.17,71.38
52.90,52.90,26.50,45.85,73.57
54.97,54.97,18.42,46.42,73.26
64.43,64.43,16.84,45.39,72.39
65.65,65.65,12.54,42.60,70.99
65.03,65.03,9.87,39.24,71.23
75.45,75.45,8.51,36.50,71.49
76.00,76.00,12.54,37.42,70.27
76.04,76.04,15.59,39.00,72.07
76.94,76.94,15.41,33.82,71.33
76.65,76.65,15.60,37.92,72.87
77.03,77.03,15.82,33.75,72.23
76.85,76.85,14.64,35.71,72.64
76.68,76.68,13.70,37.74,70.58
76.02,76.02,9.95,34.35,68.75
74.58,74.58,7.59,31.86,69.64
75.02,75.02,6.64,31.39,70.15
77.28,77.28,9.40,34.49,71.28
76.97,76.97,12.05,39.27,71.49
76.85,76.85,12.54,37.50,72.41
74.67,74.67,15.18,32.28,72.35
75.36,75.36,21.09,28.75,71.42
74.06,74.06,27.60,27.09,73.40
74.85,74.85,28.57,31.85,74.22
74.64,74.64,27.67,35.74,74.02
77.06,77.06,28.04,29.88,71.93
78.20,78.20,22.96,31.59,72.57
75.69,75.69,18.03,33.20,71.44
74.55,74.55,7.21,35.50,75.12
73.80,73.80,0.70,36.71,75.64
76.27,76.27,3.09,39.48,76.17
76.01,76.01,10.20,34.53,73.88
67.15,67.15,18.63,37.08,75.36
56.01,56.01,27.93,32.86,74.94
50.35,50.35,26.70,32.34,74.21
53.49,53.49,19.80,38.71,74.01
57.07,57.07,13.79,37.61,74.51
66.11,66.11,10.94,34.34,73.74
72.21,72.21,1.99,32.63,74.49
77.09,77.09,7.38,32.17,73.50
76.21,76.21,12.14,31.26,73.05
74.09,74.09,17.43,32.37,73.29
76.25,76.25,26.78,31.34,71.99
77.23,77.23,27.15,35.72,75.06
74.46,74.46,19.37,36.61,71.92
73.24,73.24,23.00,35.39,71.35
75.35,75.35,26.12,38.40,73.33
76.88,76.88,25.87,33.71,71.66
75.46,75.46,24.30,36.07,71.84
72.83,72.83,25.78,34.92,71.20
73.69,73.69,26.47,37.37,72.93
72.92,72.92,24.02,35.98,71.68
72.18,72.18,18.96,41.49,71.73
72.48,72.48,11.61,34.16,69.38
71.25,71.25,10.27,39.95,72.93
71.42,71.42,10.74,32.08,71.65
70.84,70.84,15.25,37.40,70.25
72.52,72.52,20.10,39.04,71.55
71.40,71.40,20.09,40.00,72.02
73.04,73.04,17.13,40.66,71.21
69.65,69.65,13.71,40.73,71.18
66.00,66.00,15.46,41.56,69.73
65.56,65.56,19.98,42.20,70.89
65.87,65.87,20.77,43.12,70.54
71.24,71.24,18.02,43.73,71.32
72.34,72.34,20.62,43.59,70.44
74.77,74.77,20.02,41.31,71.64
77.50,77.50,23.91,46.14,71.43
78.51,78.51,26.22,42.93,71.27
76.87,76.87,23.83,42.67,71.80
76.59,76.59,24.37,45.65,70.04
75.62,75.62,24.38,44.58,69.76
75.71,75.71,26.55,40.63,69.76
76.25,76.25,21.17,47.13,70.41
78.23,78.23,9.61,47.83,70.24
76.77,76.77,5.64,51.25,71.97
81.42,81.42,15.47,51.01,76.85
77.92,77.92,10.17,48.44,75.70
79.55,79.55,15.73,46.69,77.22
80.50,80.50,18.32,52.72,74.97
83.40,83.40,21.05,52.46,74.81
82.89,82.89,23.49,51.80,73.86
82.44,82.44,29.73,53.33,74.86
69.39,69.39,24.34,51.15,72.70
63.07,63.07,21.65,53.69,73.59
66.11,66.11,22.84,49.21,74.93
67.34,67.34,26.49,53.44,75.80
64.63,64.63,23.74,50.66,76.62
66.90,66.90,22.15,49.19,75.07
71.54,71.54,23.45,50.88,74.33
75.39,75.39,22.71,45.36,76.63
76.96,76.96,22.68,49.59,74.07
80.12,80.12,28.66,53.65,72.61
79.89,79.89,35.07,52.56,72.64
80.96,80.96,31.42,49.16,74.31
79.94,79.94,22.88,52.07,74.64
79.44,79.44,18.80,48.78,73.05
78.65,78.65,19.03,49.97,73.67
81.48,81.48,22.93,48.24,74.99
81.40,81.40,21.63,47.50,73.15
79.62,79.62,27.33,46.48,72.80
78.84,78.84,32.45,45.56,72.19
78.43,78.43,29.87,47.79,74.01
79.23,79.23,19.10,49.95,72.77
80.94,80.94,21.67,48.97,73.49
81.02,81.02,23.47,46.94,73.85
81.23,81.23,25.31,50.62,73.48
80.14,80.14,23.18,48.57,71.71
80.33,80.33,21.82,44.46,72.94
79.10,79.10,24.58,46.31,71.23
78.57,78.57,24.25,46.39,70.41
77.90,77.90,22.23,44.25,71.80
77.62,77.62,22.04,47.39,70.50
78.88,78.88,22.01,44.36,71.08
79.73,79.73,22.14,46.35,72.12
77.42,77.42,24.20,43.69,69.58
75.92,75.92,21.91,44.79,71.90
78.06,78.06,26.45,45.16,71.72
79.43,79.43,26.79,40.70,70.24
78.35,78.35,24.86,47.77,70.35
81.61,81.61,24.38,49.76,75.71
80.11,80.11,23.43,49.77,76.53
76.97,76.97,25.48,48.47,77.54
73.24,73.24,23.26,51.01,76.26
72.27,72.27,26.46,52.12,76.98
72.50,72.50,20.71,54.68,76.31
77.00,77.00,19.83,53.31,74.62
77.56,77.56,22.58,54.11,75.08
74.59,74.59,20.11,54.03,75.15
72.15,72.15,20.40,52.51,73.33
73.38,73.38,18.95,53.62,73.79
73.41,73.41,17.25,49.67,72.78
73.93,73.93,20.35,49.36,73.19
74.04,74.04,18.62,52.24,73.87
75.03,75.03,14.97,47.02,73.47
73.65,73.65,18.34,48.75,72.76
72.00,72.00,17.84,51.51,71.92
70.09,70.09,15.25,52.37,72.32
69.48,69.48,13.88,51.34,71.92
68.72,68.72,19.26,53.08,73.63
67.30,67.30,21.99,55.81,74.17
67.43,67.43,27.42,52.92,72.90
67.18,67.18,31.51,53.40,73.32
68.94,68.94,29.09,53.29,72.40
68.78,68.78,26.49,50.86,72.91
65.24,65.24,21.13,53.53,73.81
66.38,66.38,15.94,53.17,71.82
67.57,67.57,19.36,50.87,72.72
66.54,66.54,22.82,54.62,75.06
65.01,65.01,24.20,53.51,73.56
62.89,62.89,26.27,52.86,73.50
62.89,62.89,23.87,53.41,71.91
64.02,64.02,17.11,53.07,73.10
65.23,65.23,19.48,50.54,72.17
65.50,65.50,18.19,51.21,70.76
66.93,66.93,16.34,52.44,70.94
66.52,66.52,15.02,47.55,72.52
66.49,66.49,18.17,46.83,71.61
66.41,66.41,21.45,52.00,72.43
66.23,66.23,22.09,48.52,70.79
67.60,67.60,20.68,49.28,72.87
67.86,67.86,24.76,49.86,72.00
68.18,68.18,26.86,48.77,71.55
66.63,66.63,19.34,50.81,72.01
66.32,66.32,18.68,50.39,70.63
63.87,63.87,25.39,49.65,71.46
61.78,61.78,29.07,51.71,74.20
63.01,63.01,27.02,51.10,78.72
61.81,61.81,23.58,53.33,79.23
64.68,64.68,22.58,52.17,77.95
67.48,67.48,21.91,51.40,78.39
67.28,67.28,24.67,54.51,76.20
64.10,64.10,26.51,51.84,75.98
63.27,63.27,33.28,47.92,74.30
65.50,65.50,29.75,50.09,72.32
70.67,70.67,26.92,51.13,74.65
73.88,73.88,27.26,55.06,72.34
73.37,73.37,26.25,49.43,72.34
74.34,74.34,23.67,49.12,72.44
70.56,70.56,24.25,49.70,71.38
72.25,72.25,25.93,52.80,73.69
72.04,72.04,34.80,50.52,72.04
73.47,73.47,33.52,48.85,72.11
72.68,72.68,28.11,52.08,71.42
71.52,71.52,26.10,51.49,71.32
72.77,72.77,24.42,51.49,70.89
73.15,73.15,25.57,54.67,72.20
69.01,69.01,24.73,53.31,71.11
62.56,62.56,24.28,54.02,71.44
71.77,71.77,24.84,54.32,70.78
76.72,76.72,23.72,51.71,71.54
73.15,73.15,24.55,52.91,69.93
73.66,73.66,24.42,52.77,69.32
73.81,73.81,32.20,54.90,69.14
74.20,74.20,33.83,52.72,67.88
74.58,74.58,34.76,53.41,68.28
75.25,75.25,33.36,53.49,67.46
73.58,73.58,34.74,52.20,69.99
73.07,73.07,37.87,51.55,70.00
74.40,74.40,31.71,53.51,68.36
72.89,72.89,20.09,50.24,68.96
75.40,75.40,25.88,53.13,67.73
75.46,75.46,35.34,53.61,70.54
75.14,75.14,35.10,53.93,70.74
74.65,74.65,32.89,48.20,71.42
74.75,74.75,36.66,49.96,69.83
74.52,74.52,38.58,53.28,72.46
73.73,73.73,39.89,52.53,72.29
73.95,73.95,36.70,53.24,71.07
72.30,72.30,37.18,52.49,71.71
72.35,72.35,32.43,55.05,71.95
75.37,75.37,25.52,55.54,76.33
76.21,76.21,18.91,55.80,76.21
75.99,75.99,15.38,54.26,75.52
73.46,73.46,23.18,53.65,75.33
63.40,63.40,27.78,52.35,74.98
55.14,55.14,28.12,53.53,75.16
52.50,52.50,24.55,53.95,74.99
53.89,53.89,28.48,53.62,72.49
65.61,65.61,25.34,55.75,74.26
73.20,73.20,25.96,54.60,75.51
72.54,72.54,29.12,54.77,76.48
67.87,67.87,25.64,54.47,74.96
71.02,71.02,29.22,52.02,75.01
74.90,74.90,26.13,53.58,74.04
66.62,66.62,21.61,53.30,73.70
58.80,58.80,25.92,51.42,71.99
58.14,58.14,39.92,50.88,73.32
58.16,58.16,39.72,52.37,71.62
57.24,57.24,38.00,51.49,69.99
56.69,56.69,34.33,51.14,68.14
59.62,59.62,39.81,51.35,70.09
63.44,63.44,42.31,51.43,68.01
61.86,61.86,31.03,56.19,68.98
70.40,70.40,31.84,55.04,68.72
78.56,78.56,35.91,52.20,68.10
79.36,79.36,30.34,49.90,67.99
77.95,77.95,39.23,54.70,69.20
76.66,76.66,33.66,54.05,68.62
76.67,76.67,33.09,53.87,68.88
77.67,77.67,30.87,55.36,69.13
78.44,78.44,35.15,53.53,66.34
79.10,79.10,31.28,51.10,67.98
74.69,74.69,24.32,57.50,69.83
72.42,72.42,28.45,57.94,68.88
75.26,75.26,31.58,59.72,70.29
74.95,74.95,29.02,58.74,67.36
75.66,75.66,26.67,58.67,65.25
76.41,76.41,25.48,58.71,64.96
77.17,77.17,27.59,51.57,63.36
78.58,78.58,24.37,56.58,62.47
78.20,78.20,24.40,59.67,66.32
77.52,77.52,25.84,61.32,64.81
76.83,76.83,28.24,60.67,67.04
76.59,76.59,31.73,59.99,66.57
74.52,74.52,28.91,61.19,66.69
76.59,76.59,25.24,59.79,67.11
75.83,75.83,20.49,58.36,67.12
76.51,76.51,20.65,53.20,69.35
76.16,76.16,22.80,52.06,72.23
76.87,76.87,22.72,50.84,73.50
78.26,78.26,20.03,56.95,73.29
77.48,77.48,20.17,55.75,73.17
75.52,75.52,19.62,58.18,72.41
72.79,72.79,18.18,56.66,71.16
74.22,74.22,17.08,58.34,70.10
73.17,73.17,16.00,58.50,69.68
73.14,73.14,14.54,60.59,71.05
72.61,72.61,13.15,55.47,71.58
73.31,73.31,13.37,53.72,70.19
71.43,71.43,16.14,53.79,71.09
75.21,75.21,18.39,57.44,69.15
74.66,74.66,18.90,53.56,71.18
74.47,74.47,19.57,54.45,70.15
73.84,73.84,21.54,56.43,69.40
72.45,72.45,22.35,53.64,69.01
75.60,75.60,23.83,53.13,67.53
74.12,74.12,24.04,55.40,67.20
73.53,73.53,28.50,58.36,69.35
75.20,75.20,26.79,56.48,71.34
70.87,70.87,30.78,57.30,72.85
60.99,60.99,29.25,56.62,72.19
62.71,62.71,28.62,54.05,73.16
58.74,58.74,30.87,51.70,72.00
58.21,58.21,32.82,53.43,71.85
58.85,58.85,33.88,57.41,71.53
59.68,59.68,33.31,53.27,71.36
60.79,60.79,31.60,57.23,70.60
54.69,54.69,32.39,59.44,71.26
54.95,54.95,31.23,58.62,71.50
57.47,57.47,33.50,56.13,71.55
50.53,50.53,36.23,57.69,71.73
55.41,55.41,32.55,57.51,72.86
53.65,53.65,34.57,55.72,71.43
54.38,54.38,33.08,53.96,71.68
53.15,53.15,32.71,54.21,70.91
52.90,52.90,33.14,58.64,73.49
53.66,53.66,35.29,58.71,72.22
50.27,50.27,35.81,58.75,70.91
51.34,51.34,36.23,59.83,70.63
47.91,47.91,36.66,61.30,70.75
48.46,48.46,37.53,60.29,70.87
46.93,46.93,41.32,62.04,75.36
46.52,46.52,39.07,60.79,77.44
47.90,47.90,38.53,61.62,77.40
54.13,54.13,34.17,58.46,76.43
54.97,54.97,31.85,59.86,76.10
56.00,56.00,31.62,58.01,72.51
58.34,58.34,32.61,61.13,72.48
56.22,56.22,30.54,60.48,73.68
53.36,53.36,32.28,62.06,71.86
51.11,51.11,33.64,61.41,71.93
52.32,52.32,34.53,60.44,72.91
50.84,50.84,34.26,60.92,71.22
49.89,49.89,30.87,56.37,71.43
48.59,48.59,31.18,55.77,69.81
48.88,48.88,34.51,56.72,70.09
50.52,50.52,33.26,55.95,69.74
53.37,53.37,32.69,53.79,72.25
55.69,55.69,30.24,55.56,72.14
53.84,53.84,30.79,52.47,71.17
53.41,53.41,30.00,58.67,71.75
52.18,52.18,30.02,55.38,71.23
51.22,51.22,31.76,58.50,70.31
49.51,49.51,32.13,56.12,69.25
45.98,45.98,33.94,58.03,68.68
46.96,46.96,36.24,55.00,72.84
42.76,42.76,30.79,59.77,70.95
41.69,41.69,30.07,56.30,74.05
42.11,42.11,31.07,57.93,72.99
40.40,40.40,30.55,58.67,72.17
39.49,39.49,28.53,56.69,71.66
40.67,40.67,29.59,60.59,71.95
41.67,41.67,32.79,61.58,73.10
38.46,38.46,35.03,63.93,73.30
39.07,39.07,41.75,62.38,71.72
37.70,37.70,48.59,65.56,72.52
36.25,36.25,54.13,63.06,72.88
34.19,34.19,50.42,64.12,71.69
33.77,33.77,46.04,62.37,72.35
33.15,33.15,43.25,63.75,71.33
33.97,33.97,41.00,63.95,69.42
34.83,34.83,38.29,65.77,70.53
34.89,34.89,37.90,65.52,71.00
35.54,35.54,36.03,67.23,71.85
33.98,33.98,35.12,66.85,70.81
32.43,32.43,33.04,67.79,70.52
31.23,31.23,29.57,68.96,72.27
30.56,30.56,27.63,68.81,74.14
29.11,29.11,22.55,69.59,73.28
27.90,27.90,26.61,68.77,76.20
27.38,27.38,29.70,70.13,75.46
27.75,27.75,29.82,68.62,74.64
28.52,28.52,28.39,71.86,74.75
29.81,29.81,29.84,69.66,73.79
32.80,32.80,30.52,70.45,73.76
34.99,34.99,31.06,68.87,73.58
39.99,39.99,30.45,69.44,72.91
46.67,46.67,28.19,69.94,73.03
55.15,55.15,27.31,70.07,73.83
59.50,59.50,26.86,71.27,72.85
66.22,66.22,29.87,68.90,72.70
68.73,68.73,28.26,70.74,72.64
68.70,68.70,29.35,69.50,72.15
65.41,65.41,30.32,71.00,73.26
55.14,55.14,30.55,69.38,72.03
55.85,55.85,31.86,70.20,72.64
57.52,57.52,31.26,70.12,72.36
59.66,59.66,29.50,71.47,74.75
61.71,61.71,25.15,70.74,71.41
67.19,67.19,20.98,70.66,72.47
69.57,69.57,9.75,71.13,72.78
70.54,70.54,5.10,69.99,73.21
72.04,72.04,1.69,70.58,72.14
73.67,73.67,0.71,70.15,72.12
73.98,73.98,1.73,71.61,72.29
76.26,76.26,4.86,71.19,72.78
75.15,75.15,6.39,72.39,72.11
74.75,74.75,7.38,71.33,72.65
75.58,75.58,14.08,71.43,71.72
72.96,72.96,17.84,70.63,71.44
76.64,76.64,17.65,69.95,71.31
78.17,78.17,17.98,70.88,72.06
78.68,78.68,17.35,70.10,70.81
78.14,78.14,15.67,70.28,71.71
74.74,74.74,14.79,68.75,71.54
74.83,74.83,17.14,70.13,72.37
75.26,75.26,18.16,67.30,70.03
77.99,77.99,19.42,69.90,73.16
78.53,78.53,20.09,67.74,71.71
77.23,77.23,24.04,68.82,70.96
77.81,77.81,27.84,67.52,70.28
77.23,77.23,30.96,67.66,70.51
77.83,77.83,34.06,68.23,71.16
77.96,77.96,39.60,67.66,71.57
77.46,77.46,31.44,68.26,72.68
78.83,78.83,26.50,69.87,74.53
78.30,78.30,24.64,69.37,75.26
77.97,77.97,21.72,67.95,73.46
79.72,79.72,17.51,67.94,74.96
77.80,77.80,19.49,66.74,74.53
75.22,75.22,21.86,68.96,72.65
74.76,74.76,24.94,67.74,71.57
78.04,78.04,22.53,69.68,70.91
70.04,70.04,22.65,67.19,70.48
70.20,70.20,22.59,68.20,72.73
72.16,72.16,17.98,67.49,73.77
75.33,75.33,21.74,67.36,74.45
76.47,76.47,18.48,67.84,72.26
74.32,74.32,17.60,65.94,71.80
70.48,70.48,18.27,67.36,73.10
69.69,69.69,17.63,66.20,72.59
70.46,70.46,18.17,66.41,73.11
68.47,68.47,20.59,63.72,71.59
67.85,67.85,24.42,64.09,69.63
69.21,69.21,22.88,63.02,69.82
69.13,69.13,24.77,63.65,69.48
65.69,65.69,27.51,62.44,72.00
75.82,75.82,26.64,64.12,71.90
80.18,80.18,25.03,60.97,72.35
79.65,79.65,23.29,60.61,71.82
79.74,79.74,19.77,59.16,69.05
76.67,76.67,17.64,55.90,70.11
76.17,76.17,17.84,51.64,68.69
74.91,74.91,20.00,53.34,70.55
69.08,69.08,23.40,54.82,69.93
69.23,69.23,27.50,54.67,70.80
74.47,74.47,32.23,53.93,69.84
68.84,68.84,35.46,51.01,69.04
72.40,72.40,37.11,52.07,69.48
72.17,72.17,33.44,52.64,69.14
70.01,70.01,29.11,53.64,67.44
69.27,69.27,27.03,54.34,68.49
70.44,70.44,24.70,48.31,68.01
71.76,71.76,21.31,46.05,68.88
71.76,71.76,16.60,45.84,67.23
73.17,73.17,17.11,50.90,67.65
71.58,71.58,19.48,49.58,67.42
71.99,71.99,25.74,47.79,68.30
70.38,70.38,32.07,49.26,69.28
71.59,71.59,33.36,50.39,70.72
72.52,72.52,30.76,49.30,68.43
69.41,69.41,25.17,48.90,68.59
75.89,75.89,22.56,50.97,70.27
77.15,77.15,21.88,54.75,69.95
76.09,76.09,20.93,54.85,69.28
77.42,77.42,20.10,55.92,70.44
78.01,78.01,15.14,57.05,69.90
78.61,78.61,15.03,58.68,67.60
76.44,76.44,17.69,59.42,67.54
76.76,76.76,15.22,58.63,69.91
76.59,76.59,19.47,59.55,68.50
77.15,77.15,22.43,59.19,67.36
79.28,79.28,22.50,56.63,65.90
77.84,77.84,24.98,57.05,66.57
78.53,78.53,26.21,56.01,66.75
77.39,77.39,28.82,54.27,65.24
75.69,75.69,29.11,51.91,63.11
77.05,77.05,28.24,52.33,61.92
78.45,78.45,32.17,57.59,63.36
78.40,78.40,33.37,55.40,63.02
78.80,78.80,34.83,55.43,63.27
80.01,80.01,35.57,57.71,68.78
80.25,80.25,32.15,55.69,70.04
80.66,80.66,31.96,54.40,73.29
79.30,79.30,30.43,52.99,71.83
80.49,80.49,22.89,56.02,71.92
79.68,79.68,21.79,60.17,71.99
68.18,68.18,19.75,58.88,71.91
63.63,63.63,22.09,57.77,70.87
65.66,65.66,24.69,57.54,72.41
63.57,63.57,25.65,55.34,71.53
62.63,62.63,25.35,57.69,71.49
64.77,64.77,24.72,56.44,72.77
61.42,61.42,21.44,60.47,72.34
64.37,64.37,19.04,61.18,72.14
67.80,67.80,15.61,57.85,69.76
78.82,78.82,18.76,55.96,71.01
77.49,77.49,20.86,57.38,70.60
76.88,76.88,22.51,56.92,71.55
76.15,76.15,23.78,58.16,70.94
75.70,75.70,24.45,58.79,69.89
75.03,75.03,29.03,57.69,68.22
75.32,75.32,32.75,58.62,66.79
76.69,76.69,42.05,60.94,67.13
75.24,75.24,52.80,59.33,68.32
77.00,77.00,58.59,58.36,67.52
76.53,76.53,58.51,60.05,67.69
77.69,77.69,55.06,59.66,68.43
77.81,77.81,47.96,57.09,66.91
77.93,77.93,42.62,59.31,67.31
75.66,75.66,36.57,57.59,66.21
74.70,74.70,31.43,56.55,63.81
73.12,73.12,30.41,56.22,66.49
76.65,76.65,26.79,57.88,66.70
75.05,75.05,27.31,57.52,66.89
78.93,78.93,33.05,57.93,67.93
80.68,80.68,33.03,59.88,68.37
78.68,78.68,31.87,59.56,66.69
78.28,78.28,33.03,56.96,66.73
77.35,77.35,30.61,55.68,66.86
76.49,76.49,26.69,56.09,68.74
77.39,77.39,25.14,55.49,69.18
75.25,75.25,26.15,52.16,70.46
77.89,77.89,25.69,53.54,70.92
72.96,72.96,28.90,51.71,73.13
70.92,70.92,34.02,53.89,70.55
69.60,69.60,43.53,55.27,69.37
65.98,65.98,52.35,57.56,68.04
64.68,64.68,59.90,53.95,65.89
63.47,63.47,57.27,57.14,67.88
59.87,59.87,50.97,56.56,69.45
59.67,59.67,45.71,56.33,69.23
60.56,60.56,42.00,56.99,69.48
57.50,57.50,40.34,54.20,69.49
53.26,53.26,37.83,56.77,69.22
56.31,56.31,36.66,57.61,71.22
53.89,53.89,39.05,57.46,72.18
51.55,51.55,47.56,59.04,72.43
53.23,53.23,56.68,57.54,71.07
52.76,52.76,64.49,58.85,70.96
49.80,49.80,61.70,60.67,68.84
51.14,51.14,55.82,62.33,68.79
53.78,53.78,53.33,63.15,69.05
61.61,61.61,49.84,61.78,70.40
60.35,60.35,46.50,63.63,68.41
63.80,63.80,45.28,63.75,69.28
60.14,60.14,42.42,62.97,69.86
57.48,57.48,41.07,62.94,68.15
53.68,53.68,37.78,63.57,68.91
52.68,52.68,38.14,63.27,70.90
49.57,49.57,40.42,64.22,72.92
48.36,48.36,41.86,63.84,71.84
47.05,47.05,35.00,64.52,75.55
44.72,44.72,32.00,66.71,74.71
48.08,48.08,30.58,68.71,74.60
46.62,46.62,31.89,68.97,73.33
52.36,52.36,32.80,67.14,72.50
46.37,46.37,32.49,67.88,71.82
50.50,50.50,32.36,68.82,72.22
42.75,42.75,32.45,68.95,71.81
43.13,43.13,32.19,68.49,73.34
46.69,46.69,33.99,69.09,73.94
44.30,44.30,32.41,69.68,73.48
41.11,41.11,32.54,67.96,73.54
46.16,46.16,31.39,69.32,72.56
49.06,49.06,29.68,69.27,74.52
43.14,43.14,28.84,69.19,73.65
45.25,45.25,28.08,68.70,71.05
43.55,43.55,29.89,69.33,72.32
45.78,45.78,33.68,69.59,72.85
46.13,46.13,38.83,69.93,73.14
46.16,46.16,46.26,69.37,72.71
49.89,49.89,54.12,68.11,72.64
46.09,46.09,53.40,69.21,73.02
44.04,44.04,47.12,69.00,71.15
42.46,42.46,45.39,68.28,70.71
41.75,41.75,41.16,68.54,71.84
40.64,40.64,39.50,69.80,71.95
41.99,41.99,36.94,69.08,71.70
39.37,39.37,36.41,68.89,71.41
35.73,35.73,34.50,68.75,72.11
33.53,33.53,32.26,69.47,70.51
31.86,31.86,30.18,69.19,71.26
31.19,31.19,32.19,69.26,72.74
31.44,31.44,31.19,67.13,71.25
30.83,30.83,30.58,68.95,72.86
33.65,33.65,32.28,69.48,72.82
34.68,34.68,31.81,68.20,71.42
40.21,40.21,32.28,67.17,70.83
47.54,47.54,29.94,68.87,70.20
52.70,52.70,28.67,68.02,71.46
64.75,64.75,31.84,67.62,70.12
66.73,66.73,33.46,67.34,71.65
66.79,66.79,35.69,68.04,70.28
66.95,66.95,44.14,67.97,69.35
69.21,69.21,53.56,67.74,70.09
81.81,81.81,61.53,68.15,71.00
78.97,78.97,60.94,64.82,73.48
78.30,78.30,54.08,58.71,73.59
78.91,78.91,47.33,57.75,71.52
79.07,79.07,44.37,48.03,72.21
76.28,76.28,41.07,54.92,71.30
76.30,76.30,38.84,49.81,69.11
76.74,76.74,36.93,55.36,69.32
77.79,77.79,36.28,54.10,68.94
75.72,75.72,34.42,57.46,69.65
75.39,75.39,32.72,56.47,68.10
74.90,74.90,33.47,55.32,69.33
75.30,75.30,32.78,55.47,68.87
74.13,74.13,30.18,51.89,71.06
76.88,76.88,25.15,54.59,68.65
73.67,73.67,24.80,51.82,68.11
71.70,71.70,24.88,53.31,68.00
70.52,70.52,25.13,55.09,67.50
67.32,67.32,24.08,49.03,66.84
66.53,66.53,26.01,56.00,67.54
60.77,60.77,26.84,53.37,67.30
56.23,56.23,28.37,53.74,68.25
62.00,62.00,38.84,55.28,66.87
63.83,63.83,49.30,55.74,67.04
70.10,70.10,58.53,54.40,68.08
74.97,74.97,56.97,53.52,66.50
75.98,75.98,51.08,54.94,64.55
76.03,76.03,43.89,55.24,65.95
77.19,77.19,33.47,57.76,66.47
75.11,75.11,26.50,55.14,68.72
75.99,75.99,22.98,57.29,68.67
78.25,78.25,23.72,54.39,66.77
77.41,77.41,29.45,57.24,67.41
68.14,68.14,35.92,58.17,68.29
74.56,74.56,42.81,57.03,68.77
78.31,78.31,49.70,56.08,67.51
77.28,77.28,50.63,60.55,70.73
78.65,78.65,47.02,55.62,67.86
77.08,77.08,43.36,54.33,67.04
75.73,75.73,36.33,54.70,69.28
74.68,74.68,31.24,53.09,68.77
74.97,74.97,27.31,56.18,68.80
68.59,68.59,27.27,55.37,71.24
57.69,57.69,29.90,57.34,68.63
59.67,59.67,31.43,56.04,69.25
58.86,58.86,31.76,54.37,66.81
69.78,69.78,36.19,49.64,67.73
68.23,68.23,25.20,48.17,66.05
66.51,66.51,19.72,57.39,70.62
75.45,75.45,16.83,57.30,78.17
82.40,82.40,15.13,59.06,75.44
79.55,79.55,15.38,60.72,76.77
77.83,77.83,14.75,62.46,75.16
77.37,77.37,15.84,63.23,75.86
77.76,77.76,16.37,63.22,74.66
75.49,75.49,18.41,60.70,73.76
76.33,76.33,20.07,65.56,72.46
75.12,75.12,25.77,63.44,74.08
77.50,77.50,29.47,63.93,72.56
77.70,77.70,29.67,62.14,74.19
76.73,76.73,28.82,64.27,73.03
76.09,76.09,28.29,63.62,71.99
78.37,78.37,25.13,63.31,71.02
78.79,78.79,25.61,64.40,70.56
79.47,79.47,29.54,62.34,71.05
80.05,80.05,34.11,65.37,69.15
77.86,77.86,43.60,62.90,68.68
77.85,77.85,48.26,65.93,70.35
75.80,75.80,55.01,64.79,70.18
67.95,67.95,49.58,64.60,69.68
64.93,64.93,42.41,65.65,71.46
58.80,58.80,35.59,65.49,73.27
58.98,58.98,34.18,64.42,71.58
63.11,63.11,31.32,64.18,71.84
66.39,66.39,30.04,64.24,70.68
68.81,68.81,29.12,66.14,73.73
69.29,69.29,27.29,65.46,75.25
68.91,68.91,28.70,64.01,71.41
68.55,68.55,29.93,66.24,72.31
70.16,70.16,30.14,63.03,73.36
70.18,70.18,29.11,65.37,74.58
65.79,65.79,24.90,62.13,73.91
65.25,65.25,25.28,62.60,73.49
66.07,66.07,27.98,63.68,71.35
65.30,65.30,28.81,64.18,72.18
62.86,62.86,27.19,64.69,71.52
61.63,61.63,30.24,63.44,73.00
59.60,59.60,37.51,61.65,71.44
60.11,60.11,41.53,63.61,71.87
61.60,61.60,46.22,63.11,72.86
61.11,61.11,51.45,62.81,70.78
61.22,61.22,55.08,64.96,70.66
65.23,65.23,60.87,60.86,73.32
68.41,68.41,60.48,63.04,75.16
72.09,72.09,59.61,62.78,78.18
72.83,72.83,56.99,59.33,78.19
74.91,74.91,54.46,58.60,77.55
74.34,74.34,53.54,59.77,77.17
75.97,75.97,47.29,59.40,75.95
75.42,75.42,43.02,58.50,76.90
73.94,73.94,40.97,58.36,75.18
75.00,75.00,37.14,53.89,71.36
75.33,75.33,37.28,56.54,74.50
74.91,74.91,33.25,53.75,73.17
75.42,75.42,31.06,60.06,73.93
77.03,77.03,28.09,57.50,73.20
74.29,74.29,28.49,54.97,74.29
74.78,74.78,29.72,55.95,73.45
74.79,74.79,29.84,52.70,74.55
73.55,73.55,28.73,58.19,72.85
74.72,74.72,26.51,51.16,73.64
73.86,73.86,24.24,59.34,72.33
74.82,74.82,24.67,54.81,73.32
74.82,74.82,31.16,53.62,73.02
75.27,75.27,41.63,50.86,73.32
75.68,75.68,50.14,55.80,71.75
76.68,76.68,58.40,58.97,74.40
71.78,71.78,54.14,54.50,73.14
73.18,73.18,46.57,53.64,73.88
72.49,72.49,39.43,55.26,72.69
70.93,70.93,37.03,57.66,71.80
73.17,73.17,36.27,54.91,72.53
73.86,73.86,34.55,57.51,71.56
73.82,73.82,41.77,53.50,70.87
75.26,75.26,50.07,53.08,72.74
75.46,75.46,57.28,53.29,71.67
76.24,76.24,62.74,50.53,71.56
75.20,75.20,61.47,55.83,74.15
74.14,74.14,58.60,54.57,72.51
74.15,74.15,53.89,56.04,69.69
74.34,74.34,51.61,53.66,69.55
76.41,76.41,49.04,50.35,70.17
75.12,75.12,45.57,55.47,69.47
75.78,75.78,42.71,53.47,68.55
76.92,76.92,39.54,57.73,70.78
76.28,76.28,39.21,57.04,71.25
75.01,75.01,40.39,53.89,71.65
75.57,75.57,43.46,50.25,70.13
74.99,74.99,45.12,51.04,71.44
76.40,76.40,39.78,50.92,70.73
74.79,74.79,36.41,52.56,73.58
74.96,74.96,34.20,50.59,78.04
77.11,77.11,31.99,53.75,77.05
75.48,75.48,32.45,51.97,77.24
76.10,76.10,30.90,48.70,77.71
74.22,74.22,28.71,53.72,76.46
73.06,73.06,39.20,51.02,76.39
72.40,72.40,45.76,49.98,73.96
73.86,73.86,56.22,50.58,77.38
76.32,76.32,58.30,50.97,75.91
73.38,73.38,57.26,50.38,76.50
75.63,75.63,53.19,50.23,75.37
73.57,73.57,46.79,52.63,76.38
75.78,75.78,39.21,56.46,73.61
73.02,73.02,37.67,54.12,73.51
61.46,61.46,37.73,51.82,72.43
59.33,59.33,37.81,51.29,70.64
59.47,59.47,40.98,52.71,71.93
61.45,61.45,48.02,49.40,73.06
61.83,61.83,55.51,51.12,72.79
67.79,67.79,61.82,53.50,73.45
65.72,65.72,57.35,52.72,70.74
69.87,69.87,50.08,52.21,68.36
78.14,78.14,44.96,53.82,69.41
76.17,76.17,41.12,55.88,69.39
74.56,74.56,34.08,59.81,70.22
76.27,76.27,28.74,55.83,68.46
78.63,78.63,28.61,61.55,69.02
79.33,79.33,25.79,56.48,68.71
77.84,77.84,28.64,62.19,70.25
74.86,74.86,23.28,58.95,70.14
75.96,75.96,29.46,58.21,68.99
75.83,75.83,28.93,61.12,69.51
75.95,75.95,32.24,59.69,69.67
75.52,75.52,31.01,56.56,70.62
75.92,75.92,29.39,58.14,70.65
77.03,77.03,27.72,60.05,71.04
75.89,75.89,27.19,59.30,72.32
76.30,76.30,26.82,60.83,71.96
77.05,77.05,29.27,60.27,72.63
77.04,77.04,33.72,62.70,72.00
75.14,75.14,44.68,61.76,72.66
73.93,73.93,56.98,60.57,72.97
74.19,74.19,62.07,57.69,71.68
76.58,76.58,67.08,60.85,73.67
73.01,73.01,62.90,60.50,76.81
74.25,74.25,58.05,61.76,76.39
75.31,75.31,52.97,61.71,76.03
74.69,74.69,45.74,65.39,75.63
68.64,68.64,40.55,67.63,73.67
60.97,60.97,32.60,67.19,74.13
59.59,59.59,30.60,67.07,73.02
55.85,55.85,33.96,66.72,73.05
56.21,56.21,36.84,66.92,71.25
60.77,60.77,40.88,66.99,71.86
66.63,66.63,40.08,65.75,74.50
72.53,72.53,34.06,63.95,71.84
79.07,79.07,30.62,62.85,74.53
77.36,77.36,30.60,64.15,73.41
73.80,73.80,29.72,63.78,72.61
74.80,74.80,25.91,65.12,73.76
75.33,75.33,23.27,63.91,71.39
74.88,74.88,24.55,64.35,70.73
74.27,74.27,23.74,63.66,71.08
75.49,75.49,29.39,64.98,68.92
71.08,71.08,41.23,62.24,69.27
71.98,71.98,50.36,64.21,70.49
73.95,73.95,58.70,62.58,71.32
75.59,75.59,61.19,62.22,71.41
74.02,74.02,55.21,57.69,69.67
75.17,75.17,47.67,58.79,72.17
76.49,76.49,43.93,46.72,72.29
77.02,77.02,35.66,51.49,71.69
78.22,78.22,33.57,51.40,72.71
74.35,74.35,28.92,51.84,70.82
72.12,72.12,32.46,54.18,71.86
69.73,69.73,40.21,51.66,70.14
68.17,68.17,44.27,51.33,71.33
67.96,67.96,49.03,58.96,71.03
65.31,65.31,48.98,58.99,70.92
68.39,68.39,45.70,55.72,71.00
75.85,75.85,41.51,51.89,70.32
76.04,76.04,35.74,59.75,70.67
76.31,76.31,31.12,57.53,71.88
78.11,78.11,28.15,60.14,69.77
77.44,77.44,26.13,60.84,70.13
77.58,77.58,25.34,61.94,70.79
77.19,77.19,26.05,63.28,69.72
77.04,77.04,28.19,57.52,69.71
79.09,79.09,33.25,60.64,67.42
77.78,77.78,30.78,61.94,71.04
76.82,76.82,22.07,59.43,71.89
79.29,79.29,15.31,60.87,73.32
78.22,78.22,11.09,58.74,77.45
78.77,78.77,12.33,61.82,75.24
78.63,78.63,13.58,60.55,75.10
79.50,79.50,15.92,60.38,75.07
81.72,81.72,17.04,62.55,72.47
82.31,82.31,22.66,61.92,74.82
81.96,81.96,26.85,61.60,72.59
68.43,68.43,21.55,58.51,73.20
67.90,67.90,24.78,57.39,72.90
67.11,67.11,25.29,59.01,74.54
71.15,71.15,23.48,58.67,75.55
72.33,72.33,20.61,60.19,74.51
75.14,75.14,17.35,60.64,74.07
72.17,72.17,13.68,58.39,73.78
71.51,71.51,14.21,59.26,73.57
76.10,76.10,17.41,59.87,73.94
77.27,77.27,18.89,58.37,72.53
81.47,81.47,20.47,57.14,71.51
80.03,80.03,20.90,54.69,70.19
80.53,80.53,22.77,55.70,71.75
80.02,80.02,23.08,58.50,72.39
80.45,80.45,20.02,58.06,72.01
79.66,79.66,22.16,59.22,73.63
80.27,80.27,21.98,59.62,72.38
81.71,81.71,21.02,57.97,73.19
80.64,80.64,21.44,56.47,72.10
76.72,76.72,22.51,57.84,72.50
76.75,76.75,22.38,57.91,72.25
80.38,80.38,25.26,56.68,72.21
80.50,80.50,25.24,57.40,72.68
79.69,79.69,29.98,54.76,73.65
79.47,79.47,26.75,59.47,72.82
77.02,77.02,26.49,56.01,71.72
79.53,79.53,26.87,55.73,72.07
79.80,79.80,27.15,50.77,72.24
78.26,78.26,28.13,50.13,70.24
78.23,78.23,30.01,56.56,72.12
79.69,79.69,31.30,55.52,70.91
79.37,79.37,37.07,57.03,69.08
78.41,78.41,45.32,53.93,70.06
77.62,77.62,53.52,54.11,70.03
75.49,75.49,59.99,52.19,71.09
75.28,75.28,64.53,54.15,73.07
77.67,77.67,63.85,51.14,73.03
78.49,78.49,65.57,51.38,74.09
76.01,76.01,60.38,54.67,78.01
77.21,77.21,53.76,56.79,78.18
74.36,74.36,47.94,61.54,74.71
77.17,77.17,44.91,58.39,75.84
75.82,75.82,37.62,62.83,75.12
75.15,75.15,35.21,62.10,73.82
74.97,74.97,34.06,60.67,74.02
75.06,75.06,35.09,61.56,73.27
75.31,75.31,36.23,59.45,72.95
73.96,73.96,31.29,62.02,73.84
74.66,74.66,32.59,63.07,72.37
73.73,73.73,31.13,63.02,72.31
71.00,71.00,27.84,63.24,72.16
69.25,69.25,25.18,59.88,71.59
64.70,64.70,26.57,63.64,69.27
63.01,63.01,25.85,65.92,71.65
66.75,66.75,25.47,63.59,72.42
68.08,68.08,26.35,62.03,71.36
70.66,70.66,34.04,61.47,71.19
72.76,72.76,45.99,64.20,71.22
76.54,76.54,55.36,62.57,70.74
73.89,73.89,63.79,62.66,73.08
76.73,76.73,57.64,61.40,69.90
77.05,77.05,52.21,61.70,70.05
78.96,78.96,46.85,61.62,70.15
76.28,76.28,41.02,64.02,69.36
76.09,76.09,34.51,63.46,70.07
73.54,73.54,32.26,65.89,73.36
72.93,72.93,32.72,64.88,71.13
74.80,74.80,40.10,63.51,71.15
74.30,74.30,51.95,64.03,71.08
76.94,76.94,60.09,64.70,71.17
76.37,76.37,67.78,66.26,70.96
74.07,74.07,65.43,64.00,69.85
74.81,74.81,60.57,63.09,69.53
75.32,75.32,55.89,63.21,71.29
74.07,74.07,48.84,63.10,69.51
74.17,74.17,42.55,63.35,68.69
74.51,74.51,40.45,62.47,69.86
74.77,74.77,37.37,63.87,69.64
76.08,76.08,34.81,63.58,69.92
74.14,74.14,34.10,58.38,70.73
75.28,75.28,34.16,60.09,70.61
77.21,77.21,38.80,63.45,71.84
77.26,77.26,35.24,62.51,72.13
76.80,76.80,28.09,62.48,72.79
78.01,78.01,24.40,60.18,76.90
75.46,75.46,25.79,58.71,77.89
76.32,76.32,23.50,61.17,77.18
75.94,75.94,23.99,60.81,76.34
77.51,77.51,23.87,58.21,76.24
77.19,77.19,30.89,57.83,75.78
75.31,75.31,42.27,56.50,74.29
72.98,72.98,48.23,57.45,73.18
76.05,76.05,49.44,59.30,72.76
78.19,78.19,46.07,57.90,73.20
75.79,75.79,40.25,58.10,72.74
77.94,77.94,35.82,59.64,72.10
77.01,77.01,32.82,59.36,70.32
77.75,77.75,33.94,59.34,72.32
76.96,76.96,32.09,58.05,73.32
74.74,74.74,33.43,56.39,67.69
73.61,73.61,34.49,55.96,70.50
73.81,73.81,38.45,57.11,71.20
73.91,73.91,44.15,55.66,69.12
74.38,74.38,49.89,57.32,72.44
75.11,75.11,46.10,55.41,72.78
74.74,74.74,35.94,58.21,69.86
78.10,78.10,30.78,55.95,72.58
79.86,79.86,28.17,55.86,70.44
80.22,80.22,24.71,55.72,69.92
77.18,77.18,24.08,57.68,69.39
78.61,78.61,20.49,59.91,72.08
77.93,77.93,19.12,56.64,70.69
78.29,78.29,24.51,53.54,70.43
74.99,74.99,25.29,52.19,67.59
76.06,76.06,25.17,56.12,69.94
73.56,73.56,26.54,53.75,69.93
73.57,73.57,18.32,57.90,69.18
75.43,75.43,17.49,51.01,69.92
75.66,75.66,16.97,54.13,71.02
76.50,76.50,17.64,56.97,67.91
75.00,75.00,14.55,52.95,70.37
73.69,73.69,18.60,55.64,70.92
75.47,75.47,20.20,58.03,71.99
74.30,74.30,27.01,56.38,71.31
73.05,73.05,37.98,58.16,70.60
74.63,74.63,51.72,58.18,71.00
73.97,73.97,62.95,56.77,71.94
71.96,71.96,69.37,56.72,73.75
71.35,71.35,69.82,58.50,76.63
75.06,75.06,65.10,59.43,74.99
78.22,78.22,59.85,60.22,76.50
76.11,76.11,57.12,59.63,75.15
73.23,73.23,52.94,58.26,74.15
66.08,66.08,50.96,58.49,72.01
60.03,60.03,52.19,57.92,71.90
58.85,58.85,47.30,55.24,72.70
57.11,57.11,43.52,57.62,76.15
65.31,65.31,44.12,58.24,75.84
73.26,73.26,45.60,58.76,75.45
71.09,71.09,44.91,59.02,74.41
67.35,67.35,43.46,57.98,73.66
75.54,75.54,35.19,58.53,72.59
75.55,75.55,32.59,59.07,71.76
74.57,74.57,32.73,56.58,73.00
64.94,64.94,30.80,55.78,72.13
60.05,60.05,26.74,55.64,70.35
57.52,57.52,26.68,53.28,69.24
61.52,61.52,30.23,54.21,69.27
59.55,59.55,40.09,54.86,68.96
59.90,59.90,49.76,54.48,67.47
60.22,60.22,57.60,56.89,68.81
64.87,64.87,66.47,57.95,69.38
64.68,64.68,58.49,56.74,67.56
73.94,73.94,51.63,56.48,68.20
76.14,76.14,44.41,58.40,67.49
77.91,77.91,37.43,57.12,67.58
77.09,77.09,32.95,53.54,69.61
76.93,76.93,30.34,55.12,68.79
77.09,77.09,30.32,58.11,66.36
78.92,78.92,32.60,58.81,68.45
78.33,78.33,42.67,57.78,66.97
76.77,76.77,50.35,58.92,65.69
72.55,72.55,57.77,59.39,69.22
75.19,75.19,61.01,56.26,66.35
75.77,75.77,58.98,62.60,66.61
76.00,76.00,56.16,58.89,67.56
75.71,75.71,51.28,59.16,65.24
77.02,77.02,48.72,59.60,65.40
78.72,78.72,40.18,61.34,65.94
79.08,79.08,37.73,62.39,67.38
78.99,78.99,40.65,62.20,67.42
78.27,78.27,45.47,62.60,66.35
75.22,75.22,55.06,63.98,69.28
75.59,75.59,59.11,58.76,69.80
76.11,76.11,52.53,58.32,67.97
75.65,75.65,45.49,55.53,69.00
78.35,78.35,38.94,58.41,75.29
77.01,77.01,30.57,54.97,72.14
78.19,78.19,23.47,56.51,71.22
79.07,79.07,23.63,55.28,70.50
78.29,78.29,23.07,57.01,71.85
77.55,77.55,23.41,57.98,69.88
76.75,76.75,26.39,60.94,70.53
76.53,76.53,29.98,58.24,69.79
75.44,75.44,33.09,55.93,71.09
74.43,74.43,33.70,55.34,71.10
73.36,73.36,32.11,54.02,71.55
72.85,72.85,27.28,58.28,69.53
73.14,73.14,23.61,57.07,70.39
71.27,71.27,26.14,55.20,71.36
72.22,72.22,26.96,55.00,69.95
72.64,72.64,30.28,56.70,70.68
71.29,71.29,39.74,52.89,68.63
70.73,70.73,49.89,55.93,64.80
71.10,71.10,55.77,55.13,65.20
72.17,72.17,63.85,58.30,70.88
71.64,71.64,60.02,53.65,71.20
66.78,66.78,51.99,56.02,69.78
62.54,62.54,49.73,60.33,70.40
55.84,55.84,44.35,59.23,70.72
53.61,53.61,44.63,57.88,70.95
57.66,57.66,38.18,54.99,70.49
58.69,58.69,35.83,59.58,70.15
55.39,55.39,35.01,59.09,69.95
52.39,52.39,35.09,58.29,68.67
56.68,56.68,39.04,59.34,71.36
56.12,56.12,41.41,61.47,72.21
55.78,55.78,37.09,62.18,72.54
52.03,52.03,36.63,60.77,73.52
55.17,55.17,34.79,60.59,73.07
53.81,53.81,33.65,63.71,72.87
57.10,57.10,32.34,59.39,70.36
54.84,54.84,31.78,60.21,71.77
53.66,53.66,29.34,62.21,72.16
58.91,58.91,30.99,60.40,70.22
63.76,63.76,36.71,58.82,70.10
60.68,60.68,45.80,59.99,69.58
64.56,64.56,54.95,61.54,69.44
64.48,64.48,64.20,59.62,70.55
72.70,72.70,71.88,61.86,72.80
73.47,73.47,70.74,59.36,70.73
76.43,76.43,70.80,58.62,71.50
76.17,76.17,62.31,57.86,69.25
76.64,76.64,55.99,59.08,73.58
77.15,77.15,50.45,60.92,70.10
75.58,75.58,46.87,60.54,71.44
75.29,75.29,40.73,60.41,69.99
75.15,75.15,44.52,61.09,70.72
75.65,75.65,41.22,62.72,70.87
72.35,72.35,46.48,58.88,70.10
71.88,71.88,46.65,60.21,70.40
73.15,73.15,44.10,61.08,70.23
73.45,73.45,44.77,58.09,72.01
71.96,71.96,43.44,56.02,72.12
63.60,63.60,42.94,56.68,71.08
58.42,58.42,39.76,56.16,69.56
59.03,59.03,36.97,57.75,69.53
57.21,57.21,35.99,56.35,69.86
60.59,60.59,35.82,52.87,70.67
67.48,67.48,33.56,56.68,71.53
69.88,69.88,40.74,60.38,70.33
72.07,72.07,51.83,58.05,68.89
72.45,72.45,60.37,58.39,69.19
72.13,72.13,66.04,60.00,70.25
71.13,71.13,59.22,55.72,67.81
76.15,76.15,54.55,60.07,69.20
73.49,73.49,45.39,57.85,68.22
73.79,73.79,38.94,61.44,68.90
73.87,73.87,37.83,61.58,67.95
75.64,75.64,38.02,63.18,69.50
73.34,73.34,42.12,64.51,67.94
73.95,73.95,51.83,63.00,69.37
73.54,73.54,61.21,65.62,69.19
74.00,74.00,70.45,64.64,69.30
76.07,76.07,71.19,65.86,69.25
74.48,74.48,64.74,66.30,68.44
75.15,75.15,61.08,66.56,71.91
73.97,73.97,56.13,64.07,68.10
74.68,74.68,47.98,64.01,67.71
75.54,75.54,44.01,64.48,69.52
76.07,76.07,40.44,66.43,69.73
75.29,75.29,41.08,66.86,71.73
73.87,73.87,43.02,67.69,69.70
76.38,76.38,48.43,68.02,69.39
75.99,75.99,57.02,68.19,70.55
74.81,74.81,58.40,69.82,71.83
75.38,75.38,54.38,70.04,71.84
74.39,74.39,50.31,72.43,73.06
73.27,73.27,47.06,70.95,72.18
72.29,72.29,44.35,72.24,72.96
72.08,72.08,40.28,70.85,72.45
70.52,70.52,38.84,72.62,72.78
69.58,69.58,36.51,70.49,69.47
70.52,70.52,36.12,72.06,71.79
71.64,71.64,33.02,71.81,72.05
72.10,72.10,33.81,70.63,72.60
69.57,69.57,31.90,70.16,73.41
68.75,68.75,28.83,71.68,74.47
71.95,71.95,26.78,72.98,73.45
74.78,74.78,23.39,71.68,74.21
77.23,77.23,26.47,72.51,72.82
75.08,75.08,27.40,70.50,70.92
77.13,77.13,28.47,72.62,71.95
75.60,75.60,30.98,71.28,72.88
77.60,77.60,38.98,70.15,71.71
75.45,75.45,46.90,70.99,71.65
77.51,77.51,56.78,71.78,72.86
77.70,77.70,57.44,72.23,72.38
77.69,77.69,53.42,70.44,71.15
74.98,74.98,48.86,71.40,72.66
75.10,75.10,44.46,69.25,73.04
75.32,75.32,40.68,71.18,72.74
74.10,74.10,35.70,69.47,71.14
74.18,74.18,31.80,71.95,73.50
74.42,74.42,26.88,70.64,72.23
73.26,73.26,26.57,71.46,71.90
72.54,72.54,27.98,70.52,72.44
69.36,69.36,28.75,70.19,71.66
69.75,69.75,29.94,71.72,72.87
65.90,65.90,30.79,70.30,73.70
66.34,66.34,30.64,70.83,74.17
66.89,66.89,30.80,69.03,72.50
70.53,70.53,30.11,70.64,72.84
72.01,72.01,30.66,68.32,70.57
70.06,70.06,31.60,68.31,72.46
71.59,71.59,28.79,67.50,74.07
69.15,69.15,30.55,67.59,71.34
71.58,71.58,40.50,67.53,70.49
75.11,75.11,53.41,67.24,72.08
76.01,76.01,64.63,68.28,72.70
76.19,76.19,69.11,65.97,70.31
75.26,75.26,76.15,66.86,70.36
73.57,73.57,72.71,66.77,71.40
74.49,74.49,63.85,68.35,72.61
75.21,75.21,56.18,65.96,71.82
75.94,75.94,46.16,65.50,73.22
76.77,76.77,38.73,67.65,73.04
76.66,76.66,32.06,66.24,72.65
75.48,75.48,27.32,66.28,71.36
75.42,75.42,27.81,64.69,70.49
77.33,77.33,31.19,65.78,71.25
77.76,77.76,36.46,64.72,71.19
77.88,77.88,35.40,65.23,73.48
78.45,78.45,31.85,64.24,71.54
78.73,78.73,33.20,63.91,72.06
79.72,79.72,31.67,63.59,72.37
77.25,77.25,29.33,63.94,72.73
76.61,76.61,27.49,63.99,70.30
70.06,70.06,24.92,61.98,70.87
66.40,66.40,25.47,61.33,70.63
67.11,67.11,28.04,59.82,70.17
65.99,65.99,33.04,60.75,70.04
66.67,66.67,40.66,58.93,69.22
67.17,67.17,51.65,58.94,68.83
68.90,68.90,59.85,59.34,73.15
70.86,70.86,54.35,59.67,72.89
75.66,75.66,47.05,56.91,72.39
75.47,75.47,40.24,60.23,71.49
75.18,75.18,34.65,56.29,70.42
74.03,74.03,29.04,50.26,71.45
72.70,72.70,27.65,48.47,72.07
72.45,72.45,26.77,50.11,70.94
71.88,71.88,29.00,48.52,72.74
69.47,69.47,39.20,47.60,73.89
72.41,72.41,48.73,50.01,72.46
70.91,70.91,56.27,47.64,72.43
70.94,70.94,60.65,45.10,73.33
72.95,72.95,58.05,45.13,71.76
75.17,75.17,52.34,47.05,71.83
72.95,72.95,44.80,49.14,71.89
66.65,66.65,37.75,50.12,73.84
70.70,70.70,38.87,49.16,71.96
73.04,73.04,39.29,49.61,68.98
72.20,72.20,43.63,46.77,68.06
71.99,71.99,48.96,47.35,67.28
71.02,71.02,58.39,45.97,67.34
71.16,71.16,65.57,43.63,68.11
70.09,70.09,62.51,43.68,66.64
66.99,66.99,56.32,49.49,68.20
65.59,65.59,49.31,51.61,67.51
71.60,71.60,41.76,53.08,69.85
74.78,74.78,36.72,52.10,67.55
73.60,73.60,31.93,50.64,68.64
74.07,74.07,30.55,51.92,69.84
76.25,76.25,33.27,53.82,68.17
75.24,75.24,33.58,53.13,69.72
74.78,74.78,39.17,55.35,70.06
75.73,75.73,44.55,55.03,70.97
75.63,75.63,42.56,53.78,69.85
74.82,74.82,41.93,52.38,70.86
77.06,77.06,38.95,50.68,69.56
76.85,76.85,37.76,48.73,67.33
74.11,74.11,36.40,46.66,66.29
76.04,76.04,37.68,46.42,70.11
76.97,76.97,37.28,52.40,68.42
78.15,78.15,32.15,52.87,67.22
77.81,77.81,42.39,49.98,68.69
76.94,76.94,49.00,52.62,68.06
76.12,76.12,59.24,52.63,70.58
74.36,74.36,55.32,54.35,70.51
75.18,75.18,48.07,52.49,71.37
77.20,77.20,45.83,53.15,74.76
74.41,74.41,40.84,51.28,74.10
71.35,71.35,37.72,53.47,72.90
66.00,66.00,33.42,54.68,72.34
64.10,64.10,32.64,54.39,72.36
52.72,52.72,35.50,56.64,72.21
59.36,59.36,35.72,53.42,72.49
57.99,57.99,38.28,55.60,70.28
58.83,58.83,44.30,56.18,72.13
66.28,66.28,48.95,56.30,72.18
66.22,66.22,42.69,57.70,71.56
70.46,70.46,36.52,59.36,72.53
76.07,76.07,28.93,56.97,71.20
76.63,76.63,28.95,56.15,71.50
73.10,73.10,29.65,57.53,70.29
73.10,73.10,28.58,56.81,72.31
75.58,75.58,29.33,56.62,71.30
75.79,75.79,33.58,55.74,70.43
74.08,74.08,41.85,56.00,70.75
74.49,74.49,50.80,56.37,69.37
74.02,74.02,60.33,56.93,69.90
73.28,73.28,71.66,57.32,71.08
75.96,75.96,70.97,55.31,70.50
76.84,76.84,72.98,57.04,71.93
75.51,75.51,66.94,54.90,73.57
75.49,75.49,59.63,55.60,69.76
75.69,75.69,52.96,55.22,70.51
77.15,77.15,46.50,55.93,71.24
77.75,77.75,41.36,56.68,71.45
76.80,76.80,41.30,54.63,72.45
76.32,76.32,39.98,54.58,69.16
76.28,76.28,42.36,56.35,69.54
75.11,75.11,47.91,55.56,71.93
76.39,76.39,42.20,55.95,72.22
77.79,77.79,39.66,52.22,71.70
76.09,76.09,39.21,53.40,70.20
76.72,76.72,37.26,51.49,67.38
75.86,75.86,35.57,52.52,69.33
74.74,74.74,32.21,54.25,69.89
75.29,75.29,33.40,52.17,71.30
75.73,75.73,31.21,48.77,72.15
76.20,76.20,32.86,50.05,70.49
71.34,71.34,39.99,53.51,69.87
74.89,74.89,50.34,53.45,70.18
72.60,72.60,58.42,55.04,68.06
74.92,74.92,70.76,49.44,70.44
72.76,72.76,62.56,49.67,66.65
74.49,74.49,55.68,52.22,66.11
71.95,71.95,48.82,55.63,67.87
73.66,73.66,43.35,54.78,69.04
71.49,71.49,37.62,55.17,68.61
68.63,68.63,35.80,52.72,68.22
68.73,68.73,41.43,55.10,69.77
68.60,68.60,51.24,57.09,70.82
67.00,67.00,60.95,58.15,70.48
66.33,66.33,72.00,61.67,71.53
65.20,65.20,73.00,63.30,70.97
62.92,62.92,67.92,62.67,71.89
69.55,69.55,63.76,63.23,71.53
69.56,69.56,59.98,63.94,71.28
68.14,68.14,54.02,62.84,72.67
68.24,68.24,48.00,61.82,69.57
65.28,65.28,40.81,62.22,70.08
64.83,64.83,38.91,62.62,70.77
63.26,63.26,37.97,62.39,70.58
63.37,63.37,41.13,63.32,69.75
61.41,61.41,48.01,63.15,71.51
60.74,60.74,55.53,64.19,74.10
63.75,63.75,55.24,63.72,71.88
66.30,66.30,47.46,65.50,71.24
67.61,67.61,41.18,66.76,69.83
69.79,69.79,37.56,67.47,71.03
69.73,69.73,35.74,67.40,70.00
71.17,71.17,32.32,68.10,70.84
70.62,70.62,29.05,68.33,70.37
69.95,69.95,30.52,68.46,69.38
69.23,69.23,28.48,69.06,71.80
63.27,63.27,27.48,69.80,73.43
58.72,58.72,24.35,68.93,73.78
57.43,57.43,24.45,69.33,73.11
57.89,57.89,22.86,70.74,75.77
57.92,57.92,25.12,69.22,74.85
54.01,54.01,28.29,68.45,73.00
53.96,53.96,27.34,68.50,73.48
55.82,55.82,36.41,70.82,71.97
65.16,65.16,49.62,71.76,72.14
67.94,67.94,56.87,71.46,72.28
70.45,70.45,62.46,70.66,71.19
68.83,68.83,64.57,71.03,71.09
65.88,65.88,64.29,70.54,72.48
60.64,60.64,63.66,71.18,71.80
57.85,57.85,56.92,70.43,71.76
57.63,57.63,53.79,70.86,68.23
58.56,58.56,53.30,70.70,71.00
59.58,59.58,53.55,69.83,71.14
58.41,58.41,51.54,69.50,71.28
57.50,57.50,50.86,69.87,72.47
56.57,56.57,47.80,70.92,72.96
55.84,55.84,46.79,69.13,71.99
54.79,54.79,46.37,70.01,70.48
54.17,54.17,45.48,70.34,73.18
55.67,55.67,41.65,69.55,72.62
52.12,52.12,39.85,68.41,73.07
46.45,46.45,36.73,69.11,73.07
41.17,41.17,34.50,68.96,71.21
43.57,43.57,34.29,67.77,69.85
41.93,41.93,31.14,67.90,70.92
43.25,43.25,30.84,69.04,70.88
45.52,45.52,33.07,69.75,71.63
48.81,48.81,38.95,69.24,71.08
53.71,53.71,49.55,68.82,70.59
55.65,55.65,59.21,68.88,69.79
55.54,55.54,67.70,68.05,69.82
54.14,54.14,73.83,64.49,71.07
59.04,59.04,75.32,61.05,71.35
58.04,58.04,68.77,50.95,70.58
56.71,56.71,62.42,48.62,70.14
56.81,56.81,57.22,49.25,71.67
52.98,52.98,51.21,53.92,71.63
53.27,53.27,48.72,49.58,68.32
43.29,43.29,43.64,37.08,58.20
42.29,42.29,41.85,35.41,54.21
48.54,48.54,45.48,37.04,53.05
58.55,58.55,45.29,30.41,49.33
64.07,64.07,41.72,32.86,44.86
74.28,74.28,45.99,37.98,43.85
77.45,77.45,39.49,32.55,38.89
76.14,76.14,36.41,20.75,38.56
78.51,78.51,36.02,21.91,42.31
73.65,73.65,36.45,19.54,42.06
73.18,73.18,40.74,22.77,39.12
75.68,75.68,46.51,25.45,36.86
74.66,74.66,42.65,27.55,34.57
75.40,75.40,44.34,30.28,34.58
75.90,75.90,41.98,32.25,37.27
76.28,76.28,43.68,25.62,39.41
74.06,74.06,42.48,22.60,38.98
74.93,74.93,38.29,21.54,39.08
71.47,71.47,39.70,18.63,35.27
72.19,72.19,36.57,15.41,37.62
78.60,78.60,40.51,16.90,38.01
77.97,77.97,36.74,16.81,35.93
77.41,77.41,43.39,17.51,34.53
77.24,77.24,40.41,20.40,33.22
76.41,76.41,42.34,16.52,32.31
75.08,75.08,42.02,15.95,31.66
73.24,73.24,41.32,12.38,33.33
66.55,66.55,50.38,12.44,40.02
56.46,56.46,47.04,21.49,32.40
57.37,57.37,41.27,29.54,30.09
61.08,61.08,44.33,29.86,33.10
63.19,63.19,44.31,27.92,36.28
62.25,62.25,45.58,25.63,34.81
57.68,57.68,42.98,30.03,38.83
55.34,55.34,40.08,27.57,45.00
50.83,50.83,42.65,15.41,52.18
61.44,61.44,51.00,18.21,65.10
64.09,64.09,49.64,14.68,66.44
67.14,67.14,61.03,22.93,66.98
79.84,79.84,63.07,48.29,69.73
83.86,83.86,76.27,58.63,74.62
80.72,80.72,80.95,51.66,76.21
75.54,75.54,92.54,57.51,72.57
78.52,78.52,90.52,64.44,76.01
78.70,78.70,86.47,66.30,76.83
77.85,77.85,89.76,62.86,75.44
75.99,75.99,86.51,54.89,75.71
77.64,77.64,79.10,55.66,74.69
78.85,78.85,77.26,59.41,75.25
74.71,74.71,75.49,64.07,75.61
73.03,73.03,75.06,67.46,76.87
70.25,70.25,85.02,64.50,75.17
69.27,69.27,93.64,67.54,73.24
73.77,73.77,86.49,63.59,71.84
77.51,77.51,85.07,62.31,72.53
76.51,76.51,89.62,61.12,72.67
74.15,74.15,87.65,66.17,73.35
74.12,74.12,83.79,63.51,75.04
71.04,71.04,79.38,63.19,75.69
67.90,67.90,80.53,69.69,76.35
67.15,67.15,83.73,73.40,79.44
66.76,66.76,84.00,77.32,78.56
67.88,67.88,79.86,75.06,76.63
69.30,69.30,81.01,75.75,79.00
79.24,79.24,82.28,77.63,79.40
84.69,84.69,81.81,72.22,78.28
85.12,85.12,80.72,75.18,76.99
82.07,82.07,82.24,71.57,77.93
74.97,74.97,82.46,75.19,79.70
67.53,67.53,82.62,75.19,78.91
60.44,60.44,82.13,71.79,77.85
58.36,58.36,82.45,72.21,79.26
59.65,59.65,77.88,64.64,77.52
69.10,69.10,69.31,60.50,76.56
71.82,71.82,85.79,61.52,75.30
70.17,70.17,93.08,59.33,75.57
77.30,77.30,84.34,52.43,75.30
78.72,78.72,85.38,54.36,74.44
77.84,77.84,90.32,58.98,73.31
76.42,76.42,90.07,67.15,74.48
72.48,72.48,83.94,63.83,75.30
67.33,67.33,78.08,70.25,75.57
61.87,61.87,81.12,66.17,77.14
59.14,59.14,81.26,63.53,75.64
64.43,64.43,81.06,66.07,77.75
67.41,67.41,78.35,62.96,76.84
77.02,77.02,78.30,73.12,77.56
83.08,83.08,79.81,71.77,77.64
78.93,78.93,76.80,72.77,79.78
79.76,79.76,78.24,76.42,79.79
77.92,77.92,78.74,72.87,77.86
71.12,71.12,78.40,74.86,77.61
64.62,64.62,80.68,73.72,80.42
52.13,52.13,81.54,72.71,79.87
50.45,50.45,80.73,73.93,79.40
58.78,58.78,80.61,72.74,81.59
65.81,65.81,80.16,75.86,79.00
71.13,71.13,80.66,72.12,80.55
73.97,73.97,83.42,69.37,79.35
79.14,79.14,82.70,74.48,79.55
83.73,83.73,84.07,74.53,81.05
81.84,81.84,83.09,74.75,80.31
77.25,77.25,81.19,74.75,79.19
75.30,75.30,80.57,75.21,78.61
75.79,75.79,79.05,75.52,78.16
69.63,69.63,77.54,72.21,77.83
63.33,63.33,74.14,70.50,74.93
59.56,59.56,69.60,61.92,74.24
59.05,59.05,66.98,54.02,73.63
72.60,72.60,90.91,56.62,73.26
82.39,82.39,87.38,63.35,71.47
85.01,85.01,83.92,62.79,71.14
83.68,83.68,89.71,62.64,72.05
83.28,83.28,85.95,64.91,73.11
81.52,81.52,79.36,64.66,72.60
79.73,79.73,76.46,67.29,70.34
78.64,78.64,78.09,65.58,71.74
80.25,80.25,80.28,64.90,73.16
73.28,73.28,92.79,61.93,76.19
74.14,74.14,88.41,62.62,74.89
71.36,71.36,84.28,63.95,76.05
72.31,72.31,88.39,63.38,72.80
76.84,76.84,89.06,66.68,71.34
77.47,77.47,85.03,68.69,76.49
76.21,76.21,76.62,68.65,73.73
76.80,76.80,78.37,71.43,74.25
71.03,71.03,78.82,73.66,75.39
70.40,70.40,78.73,74.42,77.23
66.53,66.53,82.51,75.18,78.97
59.69,59.69,78.30,73.52,75.39
63.11,63.11,81.66,74.50,80.09
64.95,64.95,77.73,76.49,77.02
74.96,74.96,81.59,69.33,77.26
85.16,85.16,82.04,70.30,78.59
85.27,85.27,81.15,72.76,77.91
79.98,79.98,82.00,77.90,79.57
72.68,72.68,83.15,74.90,78.31
75.19,75.19,81.82,77.92,78.91
70.07,70.07,80.88,76.54,80.91
61.40,61.40,80.94,74.87,78.55
53.14,53.14,80.25,75.62,78.83
59.92,59.92,81.59,74.58,81.85
63.08,63.08,83.21,78.50,82.03
69.16,69.16,82.86,75.47,80.85
72.82,72.82,82.53,76.70,79.35
79.46,79.46,82.41,71.70,79.96
77.80,77.80,80.70,74.05,76.87
80.00,80.00,76.49,75.33,76.17
81.93,81.93,75.13,74.29,72.84
79.15,79.15,71.76,65.39,72.38
72.55,72.55,70.31,61.07,71.67
71.99,71.99,69.63,60.65,72.16
71.10,71.10,88.22,60.23,74.63
74.22,74.22,92.09,60.54,75.15
78.69,78.69,87.56,54.05,73.52
77.00,77.00,89.16,56.48,75.40
78.36,78.36,88.34,59.26,77.83
77.44,77.44,83.04,66.57,77.25
79.61,79.61,85.79,69.54,79.74
78.81,78.81,77.58,67.57,77.19
77.19,77.19,80.86,67.37,77.56
74.72,74.72,81.79,74.23,80.32
69.97,69.97,79.56,81.00,81.81
68.26,68.26,78.06,79.57,80.79
68.85,68.85,79.90,78.05,82.74
71.70,71.70,78.24,78.89,79.82
73.81,73.81,78.87,73.44,80.35
73.65,73.65,79.00,76.69,80.38
73.65,73.65,79.65,76.32,81.78
74.17,74.17,79.57,76.13,82.01
72.69,72.69,82.42,77.11,81.29
68.31,68.31,80.87,76.30,81.78
61.95,61.95,80.44,75.46,80.18
65.91,65.91,79.42,72.73,82.40
67.95,67.95,78.41,76.47,81.19
70.06,70.06,80.18,76.33,82.55
71.25,71.25,82.60,76.53,83.29
74.26,74.26,79.76,74.02,81.49
70.66,70.66,81.06,74.61,80.03
74.54,74.54,81.85,73.80,81.93
77.29,77.29,81.73,77.29,81.40
76.66,76.66,80.97,76.15,81.86
75.73,75.73,80.60,74.43,78.46
75.37,75.37,78.28,73.49,78.69
71.52,71.52,76.24,70.10,76.70
63.65,63.65,70.10,60.20,74.24
70.35,70.35,65.35,60.50,72.15
73.76,73.76,86.22,60.70,75.52
71.80,71.80,93.00,59.01,73.72
73.47,73.47,84.70,61.29,71.36
72.12,72.12,86.48,62.93,70.20
69.78,69.78,89.89,67.13,71.75
76.35,76.35,85.06,69.00,75.03
76.02,76.02,80.48,68.83,75.62
75.20,75.20,80.89,65.68,77.56
76.30,76.30,80.34,71.13,77.39
76.20,76.20,82.05,73.51,78.43
72.56,72.56,81.82,75.57,79.07
65.15,65.15,80.23,74.02,78.56
71.84,71.84,78.33,79.29,78.56
79.83,79.83,78.87,81.83,78.05
80.82,80.82,77.99,79.23,77.67
83.74,83.74,78.60,80.73,77.02
84.23,84.23,79.17,76.29,78.10
82.75,82.75,81.55,78.16,78.70
83.70,83.70,81.96,76.25,79.28
85.98,85.98,83.38,74.99,80.30
85.15,85.15,82.42,78.62,78.32
79.70,79.70,82.33,77.83,80.64
78.21,78.21,80.87,81.16,77.19
76.68,76.68,82.14,77.37,79.42
76.23,76.23,86.27,69.81,77.73
77.06,77.06,81.64,70.89,76.02
76.98,76.98,86.25,66.83,76.30
81.93,81.93,84.81,70.45,75.25
82.16,82.16,84.91,73.62,74.70
84.45,84.45,75.16,74.08,73.42
85.29,85.29,78.50,72.40,74.40
84.67,84.67,81.83,71.40,74.18
83.24,83.24,80.39,69.68,73.59
81.40,81.40,79.25,63.60,70.41
84.89,84.89,78.02,61.13,72.54
84.63,84.63,80.52,54.30,73.07
82.71,82.71,75.27,50.65,76.64
76.79,76.79,88.31,48.05,77.50
75.53,75.53,87.83,52.55,78.20
75.65,75.65,89.65,55.59,75.36
77.66,77.66,89.23,58.95,77.87
75.73,75.73,89.06,66.15,79.29
67.98,67.98,88.10,66.27,78.78
68.07,68.07,87.68,66.86,80.22
71.73,71.73,84.77,71.08,79.47
70.46,70.46,86.33,73.50,79.66
75.15,75.15,81.25,70.43,76.15
75.50,75.50,81.14,72.21,74.71
73.47,73.47,88.99,71.85,77.96
72.31,72.31,86.98,71.65,75.15
71.05,71.05,90.52,72.55,76.74
72.58,72.58,87.86,60.45,71.69
75.02,75.02,87.81,73.67,76.98
76.09,76.09,88.01,75.14,75.45
74.19,74.19,82.16,75.69,77.60
73.63,73.63,80.81,81.35,77.10
69.88,69.88,79.61,82.67,82.01
73.43,73.43,75.19,77.51,79.91
73.59,73.59,70.20,82.16,82.14
76.54,76.54,64.44,86.12,80.86
75.01,75.01,58.47,85.85,80.81
75.28,75.28,58.49,83.96,81.90
72.21,72.21,57.89,85.03,81.54
73.59,73.59,59.23,84.13,83.80
76.89,76.89,58.65,82.77,83.65
79.77,79.77,56.85,84.24,83.65
78.62,78.62,57.65,83.56,81.74
77.86,77.86,53.47,82.59,80.92
74.76,74.76,60.77,83.62,81.58
69.79,69.79,70.65,81.74,78.87
67.66,67.66,75.38,76.78,78.33
74.09,74.09,79.47,69.77,74.41
69.02,69.02,89.99,68.27,77.43
72.27,72.27,84.65,75.33,75.12
73.10,73.10,88.80,73.36,76.95
72.39,72.39,90.30,74.20,72.41
73.04,73.04,84.39,76.95,78.15
70.91,70.91,87.47,78.72,79.46
70.45,70.45,81.66,78.19,81.20
68.55,68.55,81.18,83.19,81.58
63.53,63.53,74.00,82.09,81.90
63.79,63.79,72.39,83.73,83.20
67.73,67.73,70.67,83.73,81.23
73.46,73.46,71.42,81.70,79.72
73.58,73.58,68.48,82.82,81.86
70.54,70.54,63.53,82.56,81.16
69.54,69.54,60.76,85.00,83.07
73.62,73.62,61.53,83.64,81.90
76.53,76.53,61.47,82.90,80.98
76.81,76.81,64.04,84.54,81.13
79.40,79.40,60.50,82.25,77.07
77.91,77.91,57.09,84.69,80.95
78.50,78.50,54.23,82.15,77.23
78.69,78.69,52.30,80.70,78.82
80.56,80.56,53.42,82.37,81.78
75.95,75.95,56.38,79.38,81.07
75.38,75.38,58.06,80.84,84.17
75.28,75.28,50.69,80.84,80.69
74.33,74.33,49.61,82.64,81.64
74.04,74.04,54.31,83.33,84.11
73.11,73.11,52.61,81.34,83.19
73.00,73.00,53.55,81.07,80.37
72.32,72.32,57.64,81.05,79.97
70.34,70.34,61.55,82.00,78.81
71.28,71.28,70.91,70.17,76.01
70.97,70.97,80.16,68.37,74.45
67.51,67.51,90.23,71.05,74.48
76.43,76.43,84.46,68.20,69.84
77.60,77.60,90.37,77.11,67.12
77.12,77.12,85.11,72.97,68.70
76.81,76.81,88.20,77.15,82.41
78.11,78.11,80.90,74.13,80.11
70.38,70.38,78.88,75.33,78.04
66.69,66.69,70.44,75.98,72.21
68.84,68.84,67.37,72.80,72.05
67.17,67.17,74.91,74.23,70.54
65.08,65.08,90.59,71.63,71.78
70.14,70.14,86.88,71.53,72.39
76.10,76.10,88.50,75.07,73.54
76.30,76.30,88.73,74.12,74.08
71.59,71.59,86.85,79.39,74.93
65.87,65.87,87.19,77.13,76.77
65.35,65.35,83.52,82.01,77.06
70.31,70.31,79.11,82.15,76.07
68.51,68.51,78.05,82.32,76.16
67.60,67.60,76.18,80.42,78.24
67.83,67.83,74.97,82.88,78.88
67.97,67.97,69.49,85.04,83.24
66.86,66.86,66.02,71.42,80.54
70.13,70.13,61.73,82.64,81.07
74.48,74.48,58.87,86.43,79.46
77.16,77.16,59.09,85.79,79.20
78.29,78.29,63.57,83.84,80.27
77.60,77.60,64.14,86.30,81.70
78.80,78.80,62.77,85.62,77.46
75.93,75.93,59.87,84.47,78.05
72.98,72.98,58.06,85.18,79.30
67.59,67.59,60.49,83.91,79.50
66.97,66.97,60.08,81.82,80.96
65.52,65.52,60.10,81.48,82.67
69.28,69.28,57.36,84.21,81.31
74.71,74.71,58.97,81.62,81.59
75.51,75.51,59.21,81.84,80.72
77.13,77.13,60.78,82.74,80.18
78.61,78.61,54.02,86.26,76.67
81.08,81.08,57.66,81.56,77.55
79.84,79.84,59.93,81.29,77.35
77.60,77.60,54.62,84.31,77.02
73.95,73.95,63.77,74.84,74.36
71.02,71.02,72.67,73.92,76.95
70.41,70.41,73.77,73.10,75.99
71.75,71.75,90.15,74.34,73.52
74.83,74.83,85.58,73.71,76.88
75.68,75.68,89.29,75.54,76.06
75.14,75.14,89.03,75.02,77.83
75.42,75.42,87.47,77.62,77.88
72.74,72.74,88.44,77.66,78.21
61.80,61.80,86.28,75.79,76.33
63.19,63.19,81.65,74.19,78.38
65.98,65.98,81.24,77.00,79.56
76.03,76.03,81.55,78.83,80.74
78.25,78.25,82.82,75.40,80.78
76.72,76.72,79.43,81.29,85.25
75.50,75.50,76.96,77.87,81.88
70.93,70.93,77.54,77.81,80.84
63.58,63.58,75.06,78.52,81.35
60.33,60.33,79.75,80.56,83.41
53.66,53.66,81.88,76.95,81.60
51.90,51.90,77.22,79.22,82.62
50.06,50.06,77.16,79.28,80.80
50.05,50.05,78.52,80.81,82.43
59.39,59.39,75.21,76.34,79.57
64.98,64.98,79.86,74.58,75.28
72.55,72.55,87.93,77.51,74.04
77.09,77.09,87.27,75.32,74.14
74.31,74.31,88.60,74.08,74.98
78.44,78.44,83.87,73.06,75.74
81.41,81.41,85.45,61.60,71.15
80.85,80.85,91.46,64.86,68.12
81.29,81.29,81.70,54.72,65.01
79.99,79.99,75.36,47.12,61.86
79.75,79.75,72.43,50.41,60.65
79.95,79.95,76.73,48.65,66.31
78.85,78.85,73.25,49.81,65.85
75.85,75.85,59.88,40.17,57.77
72.42,72.42,56.91,32.07,55.65
72.11,72.11,49.63,19.28,52.90
74.08,74.08,48.19,28.77,54.18
74.49,74.49,45.88,27.55,53.96
80.14,80.14,43.39,25.02,53.29
75.51,75.51,44.51,22.05,55.13
78.18,78.18,48.52,29.41,59.26
73.94,73.94,42.90,30.75,47.86
68.53,68.53,42.20,27.94,48.52
67.48,67.48,40.94,29.68,45.56
69.43,69.43,51.67,27.40,46.92
67.58,67.58,54.20,31.81,49.84
66.69,66.69,56.02,30.95,45.70
67.04,67.04,55.77,29.26,46.04
67.53,67.53,58.26,32.32,49.31
67.32,67.32,55.31,31.19,46.44
66.24,66.24,53.71,34.27,48.15
68.62,68.62,52.10,36.68,48.28
67.53,67.53,52.34,41.13,48.44
66.17,66.17,50.30,42.77,48.50
65.69,65.69,50.41,44.02,44.91
65.74,65.74,47.96,46.22,45.03
67.41,67.41,48.99,51.06,44.87
66.51,66.51,48.70,55.53,46.87
65.28,65.28,51.14,56.87,50.99
64.42,64.42,49.12,57.18,52.14
64.40,64.40,49.00,56.44,52.33
60.93,60.93,46.54,50.96,50.56
63.72,63.72,45.92,41.81,48.26
63.59,63.59,49.37,27.59,49.87
64.17,64.17,49.77,14.92,58.32
68.13,68.13,44.52,14.56,62.69
64.15,64.15,46.99,19.95,64.62
65.29,65.29,60.47,31.60,74.44
63.03,63.03,67.82,45.49,79.41
63.98,63.98,79.27,59.36,75.51
69.01,69.01,91.10,65.95,74.56
75.49,75.49,88.75,63.51,75.52
80.79,80.79,89.90,67.95,76.06
82.81,82.81,86.18,69.61,77.42
81.91,81.91,82.34,66.05,77.15
79.95,79.95,85.52,67.49,78.76
79.78,79.78,81.14,70.23,78.54
80.52,80.52,79.14,67.49,81.21
76.77,76.77,78.08,65.26,79.84
68.48,68.48,80.35,65.04,78.24
65.59,65.59,89.04,69.12,78.73
66.62,66.62,88.28,66.75,74.73
66.04,66.04,88.55,72.27,77.64
75.17,75.17,86.89,66.78,75.70
79.51,79.51,85.20,74.04,77.24
80.24,80.24,84.40,72.03,76.92
78.30,78.30,82.82,74.78,78.74
80.09,80.09,82.95,71.69,75.99
76.45,76.45,80.10,76.45,80.56
74.80,74.80,78.18,77.93,82.79
68.88,68.88,71.90,77.24,83.15
67.56,67.56,64.69,80.47,85.26
67.16,67.16,61.93,78.58,85.04
70.94,70.94,58.84,78.78,85.08
75.07,75.07,62.31,82.73,83.86
77.61,77.61,57.62,81.48,84.28
77.50,77.50,56.25,81.56,80.97
79.76,79.76,58.17,83.91,81.85
82.44,82.44,54.80,80.90,82.26
79.78,79.78,52.71,81.47,82.42
76.82,76.82,52.09,79.18,83.70
72.94,72.94,57.80,77.82,80.61
70.06,70.06,63.13,74.69,79.03
71.54,71.54,70.15,66.76,77.12
74.69,74.69,75.87,69.95,78.51
73.59,73.59,88.63,63.98,74.52
73.14,73.14,87.19,62.84,74.28
74.47,74.47,87.21,70.99,74.99
73.96,73.96,88.60,72.47,74.10
74.80,74.80,89.36,72.90,74.19
73.96,73.96,82.78,71.09,74.69
71.69,71.69,86.97,74.15,78.66
66.96,66.96,81.25,71.93,74.46
67.72,67.72,81.43,66.71,75.28
67.00,67.00,79.44,72.10,79.30
72.97,72.97,79.16,75.74,81.64
73.30,73.30,74.29,76.70,83.82
78.74,78.74,69.20,78.67,84.12
81.29,81.29,68.73,81.31,83.65
84.13,84.13,68.26,81.57,82.28
83.60,83.60,68.86,81.25,80.82
82.33,82.33,64.89,83.02,82.42
78.63,78.63,63.47,82.66,82.81
75.14,75.14,64.28,81.30,78.98
73.07,73.07,62.15,81.19,81.13
72.02,72.02,60.05,82.93,81.49
73.01,73.01,54.93,82.98,80.13
73.92,73.92,54.97,80.77,77.48
74.60,74.60,57.43,84.56,81.17
74.47,74.47,58.66,82.47,79.93
76.50,76.50,56.84,84.21,80.23
79.13,79.13,56.94,84.13,79.83
73.58,73.58,55.13,83.59,81.25
72.02,72.02,55.05,83.66,81.92
68.55,68.55,56.31,81.17,78.64
64.77,64.77,60.18,82.37,79.19
58.42,58.42,61.53,80.86,76.83
62.31,62.31,66.57,77.33,73.65
68.07,68.07,68.57,71.39,70.64
73.12,73.12,82.83,67.09,69.94
77.08,77.08,90.68,67.01,70.85
79.52,79.52,87.98,67.77,70.64
80.00,80.00,87.24,70.96,71.84
82.59,82.59,86.47,71.20,75.12
81.25,81.25,81.74,71.32,73.04
80.90,80.90,85.29,71.15,75.00
80.18,80.18,76.79,68.19,69.82
79.98,79.98,76.63,64.93,70.44
75.00,75.00,75.11,63.84,67.41
75.13,75.13,82.41,65.59,67.78
72.28,72.28,90.77,65.78,72.21
75.06,75.06,88.05,62.09,67.04
74.59,74.59,89.55,66.57,71.79
75.90,75.90,84.04,64.48,69.74
73.27,73.27,85.80,71.05,73.23
71.95,71.95,80.54,70.26,73.68
69.19,69.19,86.70,69.87,71.28
71.50,71.50,86.93,66.37,71.34
70.20,70.20,84.12,72.45,70.69
72.44,72.44,84.03,76.75,76.20
72.05,72.05,78.60,74.43,75.37
71.94,71.94,78.72,79.92,81.44
74.18,74.18,72.21,79.42,80.37
78.88,78.88,74.99,78.83,81.93
77.26,77.26,76.39,80.17,78.56
74.92,74.92,73.43,79.38,80.90
72.34,72.34,74.84,81.74,82.17
64.89,64.89,75.23,81.68,81.95
61.81,61.81,74.35,78.79,79.74
68.44,68.44,71.96,79.65,76.93
77.11,77.11,67.21,78.48,77.98
77.41,77.41,70.14,72.38,73.06
77.51,77.51,68.08,65.91,67.20
72.43,72.43,88.91,68.92,72.95
71.21,71.21,87.57,63.38,70.61
67.55,67.55,87.77,66.08,68.36
71.31,71.31,88.64,69.79,72.75
74.91,74.91,85.96,68.22,73.55
74.04,74.04,88.51,70.62,71.94
74.35,74.35,79.31,66.40,70.00
75.12,75.12,83.49,64.57,66.78
75.29,75.29,75.45,66.09,68.31
75.95,75.95,78.90,65.48,70.95
72.28,72.28,90.55,70.08,74.45
71.93,71.93,88.16,68.97,74.18
76.08,76.08,79.15,67.21,73.42
77.41,77.41,77.84,64.72,74.90
76.96,76.96,84.28,72.24,77.09
73.90,73.90,90.14,76.78,74.03
71.78,71.78,89.60,78.63,75.75
72.64,72.64,84.12,77.23,74.91
63.41,63.41,84.40,78.39,78.27
63.41,63.41,83.06,78.89,78.39
63.24,63.24,84.30,77.92,78.16
66.11,66.11,82.70,78.89,79.61
63.47,63.47,80.54,77.04,75.23
73.45,73.45,79.46,74.07,76.56
75.12,75.12,79.82,69.73,77.39
73.16,73.16,78.07,72.09,77.82
74.01,74.01,78.72,77.17,80.51
76.08,76.08,80.33,72.66,79.09
75.01,75.01,79.54,76.05,81.63
74.31,74.31,77.11,77.77,81.87
77.23,77.23,75.96,77.05,81.72
74.83,74.83,78.51,75.49,82.12
76.44,76.44,77.01,75.97,80.15
73.31,73.31,76.15,77.05,78.64
74.03,74.03,76.11,78.06,79.11
77.41,77.41,76.97,76.42,77.47
79.99,79.99,78.87,70.61,78.57
77.72,77.72,79.23,73.12,78.05
78.99,78.99,78.28,74.55,74.33
65.95,65.95,77.02,75.47,77.43
60.18,60.18,74.14,75.79,74.09
64.74,64.74,68.64,73.92,70.91
69.28,69.28,67.74,70.44,70.55
64.57,64.57,70.27,61.07,67.13
68.41,68.41,84.02,69.04,70.09
73.22,73.22,90.57,70.29,73.42
72.09,72.09,84.49,61.64,70.42
77.10,77.10,82.46,63.98,71.00
74.15,74.15,85.04,64.95,67.98
73.95,73.95,81.58,67.53,71.49
72.46,72.46,79.64,70.06,75.52
71.42,71.42,73.34,64.57,72.55
73.08,73.08,72.12,61.56,72.65
73.13,73.13,76.54,60.10,72.95
72.47,72.47,72.58,60.10,69.71
69.93,69.93,87.94,64.47,74.14
69.22,69.22,87.46,61.81,72.61
75.24,75.24,77.21,59.16,69.40
80.62,80.62,86.56,64.84,73.44
83.15,83.15,84.61,65.56,71.45
83.77,83.77,80.94,68.57,72.81
84.86,84.86,82.09,68.56,76.71
80.35,80.35,77.98,62.62,74.87
83.05,83.05,74.14,68.04,73.59
82.44,82.44,76.16,66.66,75.43
82.17,82.17,77.88,65.17,73.30
74.47,74.47,88.10,68.91,74.47
68.97,68.97,88.86,68.38,72.81
69.72,69.72,82.00,63.84,71.29
69.18,69.18,85.19,65.30,72.96
74.76,74.76,83.23,66.40,70.92
79.30,79.30,83.33,66.07,72.81
78.29,78.29,83.72,69.15,77.92
79.81,79.81,83.18,68.07,70.28
76.59,76.59,81.48,72.64,71.57
75.90,75.90,81.64,76.18,71.86
68.43,68.43,84.01,73.67,75.92
73.23,73.23,83.65,71.51,77.02
73.29,73.29,81.06,67.85,78.11
74.59,74.59,88.70,70.42,78.90
74.02,74.02,87.85,70.91,78.68
73.85,73.85,81.14,67.19,76.96
76.82,76.82,87.47,72.65,76.94
79.55,79.55,88.04,75.66,73.85
79.39,79.39,88.11,77.82,75.15
74.67,74.67,82.75,75.46,70.88
71.76,71.76,82.00,73.03,72.14
70.15,70.15,77.36,75.32,71.70
72.78,72.78,78.95,73.81,73.28
70.60,70.60,76.26,68.83,73.49
69.64,69.64,89.81,63.65,74.06
71.47,71.47,88.41,71.12,71.92
72.99,72.99,82.93,68.55,71.95
72.51,72.51,88.06,69.91,71.90
71.63,71.63,88.59,72.62,74.57
65.82,65.82,80.67,74.23,75.87
61.83,61.83,83.62,74.69,74.01
59.63,59.63,82.90,77.75,74.61
62.19,62.19,82.68,79.13,76.12
63.59,63.59,82.57,78.96,73.79
64.91,64.91,80.10,81.92,75.55
64.66,64.66,81.63,83.23,77.00
64.75,64.75,81.93,81.67,76.11
65.49,65.49,81.67,82.22,73.09
73.68,73.68,81.37,81.55,75.50
77.50,77.50,79.62,79.50,74.26
78.37,78.37,79.62,78.47,74.81
77.93,77.93,78.51,81.13,73.97
77.25,77.25,79.63,82.13,75.33
80.74,80.74,76.97,80.09,74.81
79.17,79.17,76.66,74.26,71.10
78.22,78.22,80.56,66.76,72.22
74.82,74.82,90.86,70.70,72.57
76.27,76.27,85.32,64.21,72.75
77.40,77.40,81.13,67.85,74.15
75.36,75.36,87.61,66.60,74.32
73.44,73.44,84.48,72.27,73.03
72.88,72.88,81.13,76.45,71.58
66.10,66.10,79.32,78.14,70.80
68.22,68.22,78.09,79.92,72.50
72.32,72.32,81.81,78.99,73.98
71.28,71.28,83.13,77.77,75.00
68.40,68.40,80.40,76.08,74.36
65.20,65.20,79.47,80.09,76.57
67.36,67.36,79.68,81.99,75.35
73.08,73.08,78.95,82.27,75.07
76.69,76.69,77.98,81.94,76.34
73.28,73.28,77.11,81.18,75.49
75.01,75.01,75.67,83.21,76.98
73.63,73.63,77.27,82.75,76.80
63.73,63.73,78.75,81.26,79.82
56.21,56.21,78.13,82.02,79.32
52.21,52.21,78.31,80.32,79.89
49.12,49.12,77.43,80.22,79.83
55.83,55.83,76.23,80.91,78.41
58.60,58.60,76.55,81.94,78.34
62.72,62.72,76.15,81.14,75.98
72.82,72.82,76.05,78.74,75.93
74.31,74.31,75.13,80.36,77.46
76.42,76.42,76.60,81.40,76.28
76.34,76.34,75.31,80.92,76.07
73.84,73.84,77.33,82.21,75.58
66.73,66.73,76.37,81.70,74.56
62.91,62.91,75.84,79.36,73.22
68.40,68.40,70.13,70.51,69.51
78.84,78.84,67.85,61.82,68.02
79.90,79.90,73.36,60.39,67.54
77.26,77.26,90.20,62.12,71.44
76.98,76.98,81.90,60.58,65.69
74.02,74.02,77.80,60.28,69.65
75.33,75.33,86.57,61.74,73.19
79.97,79.97,88.43,63.23,72.17
77.47,77.47,81.72,64.04,71.92
75.33,75.33,74.60,61.21,73.26
70.73,70.73,69.02,61.44,73.67
71.37,71.37,67.91,62.83,71.64
72.82,72.82,85.13,62.33,69.26
71.50,71.50,90.98,69.29,68.03
76.45,76.45,81.70,68.68,68.76
75.80,75.80,80.09,66.67,69.82
72.86,72.86,89.24,74.35,65.68
68.84,68.84,88.13,76.74,65.21
70.37,70.37,79.32,75.04,63.48
74.51,74.51,79.64,75.30,66.30
75.63,75.63,79.08,78.86,70.00
75.70,75.70,82.42,79.00,71.84
71.33,71.33,79.53,77.05,69.16
72.84,72.84,82.09,80.42,71.51
71.99,71.99,80.39,81.46,73.63
73.39,73.39,79.69,81.11,74.53
75.45,75.45,79.77,82.41,75.93
74.08,74.08,76.85,81.62,73.89
76.07,76.07,77.08,80.11,75.12
76.78,76.78,74.66,81.07,74.46
77.09,77.09,75.30,82.23,77.52
74.37,74.37,75.48,81.06,77.99
71.81,71.81,75.80,79.22,78.89
61.85,61.85,77.11,79.47,78.22
56.53,56.53,75.70,80.68,77.37
59.45,59.45,75.67,82.57,76.17
75.89,75.89,73.53,80.18,73.95
74.43,74.43,71.85,77.24,70.29
74.24,74.24,70.52,72.79,66.47
73.86,73.86,73.64,71.72,65.48
74.43,74.43,91.66,69.70,65.37
76.97,76.97,85.00,59.82,63.00
78.27,78.27,80.93,56.11,62.04
78.67,78.67,85.17,67.22,65.17
74.15,74.15,88.01,70.25,65.98
72.74,72.74,81.74,69.58,66.75
71.82,71.82,76.51,65.52,63.55
71.66,71.66,71.53,65.24,68.74
76.20,76.20,70.80,65.80,72.40
75.94,75.94,71.51,59.84,71.44
82.37,82.37,77.23,58.78,70.35
79.56,79.56,88.97,69.66,70.03
82.40,82.40,82.61,67.47,71.41
82.39,82.39,79.83,70.23,72.60
79.20,79.20,86.58,74.92,73.27
73.62,73.62,87.48,76.76,74.15
67.77,67.77,84.10,72.19,71.56
65.25,65.25,82.43,71.88,73.14
61.83,61.83,81.27,69.46,71.66
63.81,63.81,82.70,79.98,73.28
67.98,67.98,83.14,82.28,76.66
72.49,72.49,82.13,80.68,75.40
75.25,75.25,83.09,77.96,72.07
79.69,79.69,82.19,78.96,72.54
79.72,79.72,83.30,77.96,73.74
79.43,79.43,81.93,81.72,74.57
79.72,79.72,79.93,82.44,73.86
77.99,77.99,79.72,81.19,73.09
76.93,76.93,79.34,82.01,75.05
76.63,76.63,80.72,82.77,75.29
72.50,72.50,79.99,81.34,76.62
69.69,69.69,80.58,81.53,77.91
71.52,71.52,78.85,79.35,78.00
73.64,73.64,79.43,80.96,78.03
78.13,78.13,77.04,80.47,76.73
80.55,80.55,77.14,81.53,76.90
81.79,81.79,76.71,79.96,76.30
79.35,79.35,77.87,81.89,77.72
80.24,80.24,76.10,81.35,75.04
80.23,80.23,77.67,81.28,75.77
78.30,78.30,69.85,70.36,68.51
80.56,80.56,51.32,60.51,59.97
79.74,79.74,51.18,57.00,58.20
80.20,80.20,49.29,41.96,53.14
79.74,79.74,49.55,46.80,54.25
80.99,80.99,48.74,40.03,53.20
82.22,82.22,49.18,40.60,52.64
85.14,85.14,47.85,43.92,49.49
84.32,84.32,48.07,44.05,47.81
82.32,82.32,45.87,42.79,48.94
79.48,79.48,43.90,35.76,47.53
75.95,75.95,43.04,30.88,44.47
76.27,76.27,43.53,32.89,44.21
72.84,72.84,40.22,37.81,45.05
70.50,70.50,37.28,26.70,40.85
70.33,70.33,41.07,29.11,39.55
69.75,69.75,39.00,29.81,36.29
70.81,70.81,37.24,30.86,37.51
72.53,72.53,39.40,30.44,34.52
71.56,71.56,39.81,26.23,35.14
71.03,71.03,41.68,25.57,37.78
72.11,72.11,41.25,27.35,42.05
72.65,72.65,42.44,25.81,45.12
70.57,70.57,40.81,25.31,45.38
71.29,71.29,40.99,26.24,44.51
70.86,70.86,45.23,32.67,44.61
72.83,72.83,57.35,48.68,53.24
76.29,76.29,51.94,44.23,60.82
75.66,75.66,43.76,39.13,55.22
74.91,74.91,41.43,31.51,43.80
73.18,73.18,42.60,26.82,43.67
74.09,74.09,42.85,27.88,32.62
73.82,73.82,42.61,25.35,36.16
73.49,73.49,42.50,27.32,40.91
71.28,71.28,41.18,26.01,58.23
64.60,64.60,43.27,21.03,70.79
65.41,65.41,46.58,25.62,70.61
69.10,69.10,58.23,30.60,68.57
73.30,73.30,67.03,37.64,72.54
72.65,72.65,76.75,49.80,76.55
69.66,69.66,87.60,52.72,75.52
67.69,67.69,92.90,64.32,74.68
68.92,68.92,86.36,68.25,73.89
71.18,71.18,87.73,72.44,73.77
73.19,73.19,89.94,76.80,74.58
73.03,73.03,84.91,66.77,74.70
68.18,68.18,75.52,69.16,74.38
66.68,66.68,77.87,64.19,75.51
67.46,67.46,76.28,63.72,72.46
71.49,71.49,77.11,61.30,72.13
72.46,72.46,91.14,61.01,72.14
74.88,74.88,90.76,65.64,71.54
76.99,76.99,84.71,62.71,70.77
75.72,75.72,89.71,73.22,70.80
75.31,75.31,89.06,71.47,74.19
77.84,77.84,81.70,70.47,73.94
75.10,75.10,83.27,71.75,73.53
70.11,70.11,77.58,67.09,73.87
66.87,66.87,82.09,74.47,76.11
68.54,68.54,81.62,78.62,77.08
68.11,68.11,82.02,78.08,80.23
69.05,69.05,79.04,80.41,77.42
72.64,72.64,81.64,80.58,77.23
74.72,74.72,81.37,79.12,77.67
78.08,78.08,78.69,80.46,76.95
75.78,75.78,79.66,77.90,76.38
72.97,72.97,79.09,81.46,75.34
73.07,73.07,80.46,78.79,77.39
69.24,69.24,83.28,79.79,78.05
70.38,70.38,81.89,76.99,79.18
63.87,63.87,80.03,70.42,75.34
67.77,67.77,74.60,70.52,73.62
75.64,75.64,72.24,69.84,73.04
72.25,72.25,90.21,61.08,74.92
76.04,76.04,90.85,68.95,75.31
73.45,73.45,80.87,62.60,72.45
72.28,72.28,89.29,66.98,73.78
74.75,74.75,89.11,70.28,73.86
74.26,74.26,85.33,69.17,75.17
75.60,75.60,83.01,70.97,75.51
75.81,75.81,76.72,68.13,74.23
74.98,74.98,79.79,66.54,76.90
74.44,74.44,80.02,62.14,77.18
68.69,68.69,80.42,68.77,80.91
70.45,70.45,76.07,75.52,75.25
74.87,74.87,76.00,76.54,74.96
77.67,77.67,75.66,78.21,75.29
80.60,80.60,71.52,78.85,73.54
77.83,77.83,72.03,79.90,76.70
77.65,77.65,73.86,80.27,75.74
76.80,76.80,75.69,77.04,79.20
75.12,75.12,76.18,80.26,78.98
72.99,72.99,76.25,79.31,80.39
70.46,70.46,75.96,80.44,79.65
70.33,70.33,76.06,80.13,78.37
69.83,69.83,76.85,76.47,77.13
70.14,70.14,79.32,74.66,79.46
70.16,70.16,80.44,79.06,80.45
73.09,73.09,79.14,79.33,80.55
75.13,75.13,79.99,77.82,79.80
74.01,74.01,78.84,78.90,79.49
75.38,75.38,77.64,78.44,80.97
78.45,78.45,76.86,80.13,78.92
73.85,73.85,76.83,80.29,77.10
68.97,68.97,72.37,76.53,72.88
71.70,71.70,70.04,69.45,70.17
68.90,68.90,66.39,64.15,69.33
65.34,65.34,75.57,64.74,71.21
66.94,66.94,92.84,67.11,73.99
72.58,72.58,86.87,69.13,68.70
79.03,79.03,87.77,60.60,68.19
78.34,78.34,89.27,69.13,69.07
79.62,79.62,85.22,71.38,72.75
73.97,73.97,81.37,66.21,74.53
64.91,64.91,79.21,66.62,73.59
62.32,62.32,75.74,64.16,73.08
63.87,63.87,79.24,61.77,75.94
67.21,67.21,93.43,67.54,76.93
70.46,70.46,84.85,64.76,73.05
75.38,75.38,83.30,66.64,71.82
76.98,76.98,89.65,74.14,70.68
78.28,78.28,84.33,73.34,73.16
72.67,72.67,81.75,72.27,73.75
70.21,70.21,79.73,70.30,70.63
68.53,68.53,75.36,68.77,73.60
70.71,70.71,76.85,73.40,76.57
71.29,71.29,75.58,77.40,76.97
70.35,70.35,76.65,76.02,79.48
69.74,69.74,74.00,77.12,76.39
68.75,68.75,77.77,73.21,75.43
68.26,68.26,75.71,75.09,77.19
71.80,71.80,77.16,78.32,77.73
80.67,80.67,75.74,78.25,77.62
84.80,84.80,75.74,77.50,76.14
82.84,82.84,76.39,80.40,77.35
83.83,83.83,77.49,79.51,75.56
81.60,81.60,78.33,79.33,79.20
76.64,76.64,76.40,79.98,76.34
69.55,69.55,75.41,80.95,76.29
68.60,68.60,75.15,79.53,75.95
71.76,71.76,75.97,81.33,78.09
72.61,72.61,78.55,81.09,78.41
74.51,74.51,80.06,80.77,79.50
75.92,75.92,81.03,75.41,77.97
79.82,79.82,79.44,80.59,76.34
75.78,75.78,78.29,78.50,74.87
77.84,77.84,74.17,79.37,73.73
80.54,80.54,67.65,76.33,70.58
73.10,73.10,60.45,69.55,71.11
80.13,80.13,67.84,63.78,70.64
73.62,73.62,72.30,60.71,68.45
71.19,71.19,92.10,59.63,74.28
73.83,73.83,91.38,58.98,73.96
74.06,74.06,84.83,58.37,72.48
70.63,70.63,89.59,63.69,74.48
71.50,71.50,90.06,69.33,76.14
74.46,74.46,79.32,69.25,76.15
64.93,64.93,81.67,66.08,73.91
65.76,65.76,77.93,71.25,76.09
67.97,67.97,77.70,73.14,79.28
66.73,66.73,77.64,81.99,80.15
68.88,68.88,71.84,86.81,80.43
72.45,72.45,75.05,83.08,79.12
70.84,70.84,73.81,84.06,81.05
70.65,70.65,74.80,83.33,78.44
73.89,73.89,75.84,80.82,80.83
76.29,76.29,75.37,82.76,78.89
78.84,78.84,75.74,82.98,81.21
80.97,80.97,76.22,82.00,79.05
80.17,80.17,79.95,80.66,82.15
77.11,77.11,78.17,81.84,81.94
78.01,78.01,79.36,82.82,81.85
79.41,79.41,75.83,82.86,80.91
79.52,79.52,75.81,79.12,78.83
78.03,78.03,79.94,80.29,82.45
80.73,80.73,80.07,80.58,79.92
80.27,80.27,79.80,81.34,79.93
77.92,77.92,80.77,79.24,78.66
78.79,78.79,79.16,79.76,76.94
78.05,78.05,79.30,79.31,76.72
78.15,78.15,79.27,77.14,78.42
74.92,74.92,78.66,79.23,75.78
72.71,72.71,71.71,76.50,73.36
70.13,70.13,70.75,70.69,71.55
69.77,69.77,68.99,64.82,71.68
71.93,71.93,72.46,65.23,73.39
71.60,71.60,91.15,63.96,75.04
60.81,60.81,89.45,69.40,74.92
60.17,60.17,85.50,67.51,73.61
58.79,58.79,90.29,70.69,70.91
58.24,58.24,88.87,70.92,74.37
61.72,61.72,82.82,74.95,76.39
60.79,60.79,83.60,75.12,75.66
60.25,60.25,78.70,69.68,74.92
57.47,57.47,79.37,74.54,79.78
59.52,59.52,77.14,76.39,76.62
59.19,59.19,79.41,80.91,79.82
55.99,55.99,73.00,82.67,77.78
53.29,53.29,75.44,81.82,77.59
59.05,59.05,76.71,82.92,78.41
56.04,56.04,71.85,81.20,77.76
59.25,59.25,75.09,81.24,76.88
66.46,66.46,77.21,80.39,78.25
71.54,71.54,76.30,80.19,78.73
78.73,78.73,76.14,78.54,76.73
77.58,77.58,77.04,81.98,78.67
73.47,73.47,76.98,81.57,77.52
69.07,69.07,76.24,81.63,79.00
64.00,64.00,76.64,81.96,78.10
62.31,62.31,76.64,81.91,76.91
62.70,62.70,80.55,81.54,76.21
76.62,76.62,86.25,76.92,72.88
74.65,74.65,82.05,75.50,74.25
78.30,78.30,85.50,77.32,72.04
81.78,81.78,83.72,77.55,72.42
83.69,83.69,77.33,76.78,74.42
84.97,84.97,76.93,75.42,74.53
84.42,84.42,81.02,76.80,74.97
83.78,83.78,82.12,75.00,73.14
80.87,80.87,81.45,70.40,72.56
83.38,83.38,80.11,64.10,69.70
83.95,83.95,81.07,65.09,72.59
77.48,77.48,77.89,63.90,74.70
70.83,70.83,92.29,67.42,73.75
74.51,74.51,85.38,73.06,74.90
77.38,77.38,87.99,67.74,74.51
75.97,75.97,90.34,78.38,73.32
76.56,76.56,87.80,80.77,74.06
76.22,76.22,87.81,79.90,74.27
78.02,78.02,81.46,79.28,75.12
77.57,77.57,82.70,84.64,71.54
75.47,75.47,80.58,86.13,70.72
75.37,75.37,78.65,83.22,70.50
77.33,77.33,79.82,81.94,70.67
70.99,70.99,87.86,73.70,75.64
65.07,65.07,86.66,76.56,72.09
63.70,63.70,89.16,80.34,72.74
63.02,63.02,86.46,76.83,75.92
61.86,61.86,85.51,86.03,75.14
60.59,60.59,81.63,83.68,76.11
65.62,65.62,81.27,86.12,74.07
69.90,69.90,73.43,85.61,73.82
74.38,74.38,68.69,88.79,75.62
77.02,77.02,62.82,86.25,75.65
71.45,71.45,63.33,87.81,76.10
71.48,71.48,62.40,89.73,75.47
75.81,75.81,65.82,87.77,75.30
71.70,71.70,65.12,81.48,72.46
73.52,73.52,62.94,88.23,73.41
75.00,75.00,60.94,88.17,72.52
72.77,72.77,57.89,87.92,73.85
70.48,70.48,60.62,88.15,74.56
60.19,60.19,53.90,87.61,72.43
53.27,53.27,52.77,87.01,73.08
52.41,52.41,56.00,86.96,74.55
59.94,59.94,62.87,82.91,72.73
70.33,70.33,69.20,80.13,71.75
75.83,75.83,75.94,76.87,73.50
75.41,75.41,86.32,72.99,71.70
76.07,76.07,87.27,80.83,71.80
76.35,76.35,88.30,75.57,71.47
74.78,74.78,87.41,80.90,69.54
74.87,74.87,83.38,79.32,72.90
72.55,72.55,81.70,86.06,71.70
72.83,72.83,77.18,86.94,74.26
76.74,76.74,78.65,87.24,70.76
76.24,76.24,75.09,84.76,69.04
74.21,74.21,76.51,86.98,76.32
74.09,74.09,70.30,87.71,73.21
76.82,76.82,66.31,87.83,73.73
72.47,72.47,61.06,87.27,75.66
68.58,68.58,58.30,86.87,76.20
64.17,64.17,56.02,88.68,76.45
71.34,71.34,58.23,87.96,75.35
76.40,76.40,53.99,87.06,74.55
77.52,77.52,56.54,88.16,74.78
76.04,76.04,51.61,86.61,72.70
74.51,74.51,48.29,85.26,72.20
75.35,75.35,53.71,86.87,74.77
72.56,72.56,53.87,82.28,72.62
69.99,69.99,52.89,82.86,71.62
66.95,66.95,54.74,84.71,73.79
69.37,69.37,55.00,87.67,76.32
74.52,74.52,53.94,85.49,72.74
75.00,75.00,54.11,85.29,73.10
76.31,76.31,54.29,87.36,75.06
77.83,77.83,55.06,85.20,76.05
76.71,76.71,55.00,83.96,75.26
75.33,75.33,55.87,84.29,75.07
74.46,74.46,61.24,82.94,76.46
74.99,74.99,68.66,76.71,73.04
77.37,77.37,78.35,70.88,72.32
75.57,75.57,86.72,62.83,65.63
73.51,73.51,90.01,75.53,67.00
74.67,74.67,85.75,75.35,66.23
74.11,74.11,87.07,74.55,68.76
69.18,69.18,86.18,79.05,71.54
68.93,68.93,84.63,78.90,74.91
72.97,72.97,81.01,82.11,74.64
64.97,64.97,72.79,80.58,70.01
54.18,54.18,65.38,78.41,68.12
58.91,58.91,74.58,71.96,69.78
63.01,63.01,88.18,75.17,71.70
64.30,64.30,88.05,74.37,70.96
67.48,67.48,89.06,77.85,72.44
73.41,73.41,86.37,75.82,72.52
74.66,74.66,86.46,82.47,75.21
71.44,71.44,83.83,78.71,71.90
72.38,72.38,82.99,83.85,71.62
73.84,73.84,76.84,87.03,71.82
74.56,74.56,68.68,86.61,68.58
70.95,70.95,70.32,87.73,71.50
67.37,67.37,65.67,87.20,72.22
66.63,66.63,62.07,88.48,73.89
67.76,67.76,59.72,86.10,72.91
75.52,75.52,63.69,85.26,70.95
78.64,78.64,55.27,87.49,72.22
79.00,79.00,54.09,88.75,75.62
81.36,81.36,58.40,87.71,74.74
77.76,77.76,55.40,86.52,74.71
79.70,79.70,56.20,88.95,72.52
76.61,76.61,53.18,87.20,71.25
69.58,69.58,51.23,85.82,71.64
59.52,59.52,52.03,88.48,76.11
56.28,56.28,53.77,83.41,78.13
53.09,53.09,50.08,83.20,79.96
54.07,54.07,49.16,88.35,81.03
58.42,58.42,58.00,83.78,78.40
63.16,63.16,58.39,83.97,82.47
77.65,77.65,60.60,83.93,83.05
76.55,76.55,58.03,84.68,81.50
74.21,74.21,57.29,83.86,82.85
74.31,74.31,61.01,83.31,82.16
72.97,72.97,59.37,81.15,79.71
75.23,75.23,62.04,76.38,75.03
74.83,74.83,69.33,73.16,75.31
77.10,77.10,73.27,74.81,76.46
71.69,71.69,86.00,81.81,76.51
70.90,70.90,84.08,81.90,76.44
77.17,77.17,87.78,78.65,74.07
76.04,76.04,85.94,82.41,76.27
71.07,71.07,80.95,87.69,72.19
67.84,67.84,77.99,88.17,74.06
64.68,64.68,78.36,90.47,73.13
57.28,57.28,70.76,85.24,74.31
60.82,60.82,62.31,81.60,76.73
62.50,62.50,66.53,88.95,76.74
65.51,65.51,65.00,88.75,75.30
71.97,71.97,56.27,91.76,77.60
78.49,78.49,58.72,87.22,78.33
80.93,80.93,57.39,85.61,77.15
82.98,82.98,58.04,83.57,76.15
84.38,84.38,58.78,81.82,76.66
84.19,84.19,55.22,85.88,75.52
82.31,82.31,54.25,86.31,75.89
83.32,83.32,57.48,86.88,75.09
82.33,82.33,56.45,86.41,75.90
81.21,81.21,65.20,86.97,78.11
82.29,82.29,77.07,83.55,75.25
77.39,77.39,86.30,80.59,77.74
80.09,80.09,84.22,76.91,78.55
80.73,80.73,87.55,78.57,75.22
80.92,80.92,83.08,80.87,78.60
85.17,85.17,80.56,73.96,73.97
79.46,79.46,85.83,82.11,76.98
79.22,79.22,79.16,80.75,76.96
78.78,78.78,69.25,77.44,79.23
73.69,73.69,70.30,80.61,82.04
68.11,68.11,64.68,80.59,78.37
69.40,69.40,66.96,85.53,79.50
71.02,71.02,64.24,84.63,81.39
69.80,69.80,63.11,84.01,83.25
65.16,65.16,61.66,85.06,81.59
63.22,63.22,58.82,84.16,78.21
61.82,61.82,56.07,81.06,78.32
61.93,61.93,57.70,82.83,80.26
60.60,60.60,58.31,81.38,80.81
59.57,59.57,58.05,84.99,82.45
60.96,60.96,55.43,82.37,83.25
59.35,59.35,54.24,81.61,82.77
59.08,59.08,54.59,81.60,82.68
58.97,58.97,56.16,80.87,82.93
65.47,65.47,60.47,81.07,84.42
77.19,77.19,62.64,80.75,84.50
82.07,82.07,54.22,81.67,85.01
81.77,81.77,51.43,83.15,84.61
84.89,84.89,54.03,82.28,83.88
83.97,83.97,54.30,83.17,85.10
84.08,84.08,53.17,83.88,84.67
82.46,82.46,53.91,83.58,83.64
82.20,82.20,53.12,82.83,85.52
83.17,83.17,55.32,81.48,85.96
79.53,79.53,55.47,81.85,84.32
73.62,73.62,55.98,82.51,84.00
75.53,75.53,53.82,82.83,83.21
80.31,80.31,51.32,83.18,83.19
77.11,77.11,48.57,80.98,84.56
71.90,71.90,46.52,79.86,83.11
67.60,67.60,41.09,82.04,82.26
65.04,65.04,37.29,80.80,81.65
70.86,70.86,41.76,79.47,82.83
76.07,76.07,44.38,79.00,81.44
77.62,77.62,43.56,79.63,80.76
78.00,78.00,45.61,79.58,79.30
77.34,77.34,54.74,78.65,76.73
78.72,78.72,68.51,78.44,76.65
76.00,76.00,74.87,77.88,75.54
72.21,72.21,83.56,80.93,72.55
69.98,69.98,84.82,83.74,75.42
71.59,71.59,85.30,83.77,74.59
71.65,71.65,82.82,75.50,73.66
68.10,68.10,83.11,82.23,73.02
68.20,68.20,80.89,79.43,74.17
67.43,67.43,81.65,87.83,76.35
68.93,68.93,73.43,85.49,74.69
72.15,72.15,71.25,87.60,76.50
73.12,73.12,67.60,86.36,76.40
74.09,74.09,62.18,82.41,74.68
75.36,75.36,53.13,85.43,73.21
71.19,71.19,50.70,83.32,72.94
72.37,72.37,55.39,86.15,74.59
72.66,72.66,48.56,87.03,73.52
73.12,73.12,50.26,84.71,74.81
72.98,72.98,46.06,85.65,75.13
73.96,73.96,44.44,84.32,74.60
74.65,74.65,46.79,86.93,76.70
74.90,74.90,51.30,86.29,75.60
75.76,75.76,52.31,82.92,74.49
73.60,73.60,49.51,85.05,78.29
70.52,70.52,46.74,84.02,75.16
70.51,70.51,47.07,84.27,76.11
65.23,65.23,43.05,82.80,78.07
69.39,69.39,42.20,85.32,79.05
72.01,72.01,40.36,84.87,78.04
79.51,79.51,39.81,85.72,78.78
78.24,78.24,41.00,86.77,79.30
78.72,78.72,40.37,82.49,77.22
77.04,77.04,41.43,86.05,79.27
77.11,77.11,48.58,83.83,77.97
76.31,76.31,55.08,84.89,77.00
76.37,76.37,63.09,85.24,79.02
74.85,74.85,75.35,84.63,77.60
71.12,71.12,75.66,85.71,78.02
67.11,67.11,72.03,81.43,76.01
68.59,68.59,67.06,83.25,75.03
72.67,72.67,66.36,87.31,80.47
73.52,73.52,64.76,85.01,76.40
72.41,72.41,60.76,83.90,81.72
72.37,72.37,61.64,84.72,82.30
70.54,70.54,58.28,88.27,81.05
66.49,66.49,57.99,84.93,77.45
68.42,68.42,64.49,84.50,78.21
71.93,71.93,62.78,87.21,77.80
76.10,76.10,61.93,79.98,73.46
75.87,75.87,56.02,85.50,74.63
76.82,76.82,51.34,84.17,75.67
75.42,75.42,47.99,84.23,74.59
75.72,75.72,47.32,86.96,75.93
74.09,74.09,47.61,85.02,74.15
77.67,77.67,45.75,84.97,75.25
77.65,77.65,46.35,85.95,75.24
74.37,74.37,49.55,82.01,75.89
74.85,74.85,49.80,83.89,76.53
76.80,76.80,50.96,86.92,76.34
78.32,78.32,49.93,83.23,73.47
78.80,78.80,48.52,82.49,74.99
78.41,78.41,47.96,86.53,74.73
77.66,77.66,48.31,84.69,73.36
76.80,76.80,49.28,83.59,72.16
74.04,74.04,46.77,83.10,71.76
75.76,75.76,44.33,84.83,71.53
78.43,78.43,42.68,81.07,69.92
72.98,72.98,41.38,82.19,72.55
65.31,65.31,46.12,84.80,73.18
63.79,63.79,53.73,81.73,73.34
54.31,54.31,63.28,82.32,72.05
57.44,57.44,51.13,82.11,73.27
54.09,54.09,43.39,83.79,72.17
59.97,59.97,37.96,80.27,71.33
64.73,64.73,36.17,80.66,68.39
73.06,73.06,42.38,84.95,69.11
82.43,82.43,41.02,83.13,67.20
81.35,81.35,45.49,81.89,67.68
80.05,80.05,54.75,78.34,68.92
75.98,75.98,63.81,81.78,69.60
68.95,68.95,74.50,81.31,69.66
69.64,69.64,72.21,80.83,68.68
68.45,68.45,65.23,81.71,70.00
60.94,60.94,61.62,81.14,69.74
63.85,63.85,53.60,79.09,70.64
68.80,68.80,51.26,81.30,70.09
74.86,74.86,46.85,81.34,76.43
75.48,75.48,43.61,79.34,77.05
70.13,70.13,44.22,79.17,75.96
58.11,58.11,40.21,78.28,73.18
50.30,50.30,45.89,79.12,70.62
48.14,48.14,53.62,74.88,70.51
49.46,49.46,53.30,74.13,69.70
46.29,46.29,46.04,77.86,69.59
52.34,52.34,41.77,75.65,70.06
59.17,59.17,36.73,72.70,68.95
66.41,66.41,33.84,75.08,67.98
75.57,75.57,38.22,72.74,67.61
81.77,81.77,40.95,73.13,68.26
84.35,84.35,47.94,72.19,68.82
84.48,84.48,48.85,73.87,69.07
83.65,83.65,50.29,71.75,68.16
78.95,78.95,48.59,69.51,68.54
78.90,78.90,48.43,72.48,66.50
79.79,79.79,48.59,68.70,64.06
79.96,79.96,53.61,66.23,65.79
83.32,83.32,52.86,66.46,65.64
82.06,82.06,51.41,66.52,63.77
78.97,78.97,49.59,59.84,63.21
83.10,83.10,47.26,60.62,65.45
80.46,80.46,46.46,61.04,63.89
78.31,78.31,51.19,59.94,61.64
76.31,76.31,59.26,59.76,61.79
73.91,73.91,69.40,57.53,67.14
75.34,75.34,73.50,63.06,70.94
76.12,76.12,92.81,63.73,71.87
66.55,66.55,88.33,71.72,72.27
70.18,70.18,80.04,68.23,74.22
72.35,72.35,83.65,70.41,77.01
75.50,75.50,86.96,77.44,78.23
73.06,73.06,88.87,80.68,76.05
75.33,75.33,88.06,78.97,74.30
76.72,76.72,83.27,77.32,74.41
76.09,76.09,83.52,82.92,75.51
77.12,77.12,80.17,84.64,73.55
77.23,77.23,82.64,81.44,76.42
77.68,77.68,83.32,80.14,77.89
78.13,78.13,79.28,79.70,75.26
76.99,76.99,78.85,79.59,73.93
78.36,78.36,79.21,76.56,77.50
76.78,76.78,78.85,77.11,76.66
76.39,76.39,79.49,75.14,79.78
73.35,73.35,80.52,74.81,80.75
72.73,72.73,80.95,77.03,79.89
77.09,77.09,79.65,79.07,81.65
77.57,77.57,77.12,77.31,80.21
79.99,79.99,77.30,77.97,80.09
80.17,80.17,78.40,76.50,80.89
80.23,80.23,77.69,77.39,78.26
78.49,78.49,75.88,71.08,76.89
79.08,79.08,76.62,80.60,77.72
79.24,79.24,77.04,77.27,78.04
76.79,76.79,77.22,73.66,75.65
76.19,76.19,77.56,76.61,76.43
77.91,77.91,78.27,77.34,76.69
79.55,79.55,75.12,75.35,74.49
77.25,77.25,70.63,74.52,71.61
74.77,74.77,64.98,68.16,72.86
75.56,75.56,69.94,67.09,70.78
73.95,73.95,80.23,71.06,71.94
76.17,76.17,87.62,78.04,70.30
73.82,73.82,84.97,78.45,68.06
74.55,74.55,84.03,78.21,68.40
78.64,78.64,83.47,75.13,66.69
79.66,79.66,80.00,80.25,72.35
77.73,77.73,77.87,80.26,76.44
78.85,78.85,76.94,82.42,72.25
78.68,78.68,75.38,80.79,72.08
80.94,80.94,73.07,82.34,79.43
79.40,79.40,74.37,86.53,81.55
79.82,79.82,69.20,86.37,79.13
79.39,79.39,64.97,86.87,79.91
80.16,80.16,66.74,84.87,77.07
82.13,82.13,66.27,87.13,79.46
82.53,82.53,64.71,87.28,78.65
83.74,83.74,66.67,86.77,80.93
81.18,81.18,64.15,86.65,77.69
80.63,80.63,65.59,85.34,79.72
79.75,79.75,62.61,86.41,77.78
77.79,77.79,62.68,86.55,76.87
74.54,74.54,62.60,85.96,77.41
69.31,69.31,57.65,86.49,75.72
65.78,65.78,59.18,85.82,78.45
64.95,64.95,57.59,84.23,78.71
64.00,64.00,55.29,87.72,78.19
65.31,65.31,52.21,85.19,74.57
70.51,70.51,55.12,89.17,72.98
76.05,76.05,56.77,85.45,71.92
76.08,76.08,55.99,87.69,74.01
75.93,75.93,57.31,89.57,72.31
73.03,73.03,59.79,85.85,71.56
73.11,73.11,64.16,85.39,71.18
71.34,71.34,70.08,85.81,70.26
63.58,63.58,75.31,81.79,73.81
66.76,66.76,83.62,76.47,75.13
64.38,64.38,91.11,80.09,71.20
69.26,69.26,82.43,79.34,71.47
74.14,74.14,84.02,79.45,71.95
78.68,78.68,80.67,75.89,72.34
77.80,77.80,77.88,78.94,72.51
72.35,72.35,79.57,78.19,71.30
65.30,65.30,83.46,83.34,71.60
70.09,70.09,82.36,86.21,74.89
70.91,70.91,77.92,85.26,76.29
73.32,73.32,72.35,84.11,73.81
72.73,72.73,71.40,83.28,76.35
74.54,74.54,67.54,82.77,76.14
77.49,77.49,63.59,82.90,76.86
76.57,76.57,60.76,82.74,76.43
76.30,76.30,57.13,83.10,72.96
74.30,74.30,51.80,83.26,75.53
66.27,66.27,50.40,83.29,73.53
66.64,66.64,46.73,84.16,78.95
66.47,66.47,43.84,85.25,79.92
66.49,66.49,46.78,84.30,81.79
68.01,68.01,43.56,82.39,81.53
66.12,66.12,43.58,82.84,80.12
64.27,64.27,41.88,83.95,79.96
67.85,67.85,42.44,80.99,78.61
76.88,76.88,44.25,82.26,78.59
79.91,79.91,44.00,82.89,78.56
80.31,80.31,45.20,83.55,80.08
81.32,81.32,42.34,83.63,79.96
81.49,81.49,41.79,82.94,82.93
77.93,77.93,39.87,82.62,80.46
72.79,72.79,41.48,82.57,81.16
66.33,66.33,47.15,81.86,80.10
64.78,64.78,43.00,79.07,78.88
63.11,63.11,49.37,81.15,78.94
66.79,66.79,57.09,82.92,80.28
70.83,70.83,55.87,81.41,76.87
72.08,72.08,52.43,81.72,78.59
76.47,76.47,49.43,80.24,76.83
77.11,77.11,47.74,81.45,78.40
75.97,75.97,50.27,82.93,78.91
73.21,73.21,45.66,84.93,78.04
70.07,70.07,45.73,84.38,77.35
71.89,71.89,44.46,83.49,78.45
70.97,70.97,52.67,81.56,75.60
74.65,74.65,62.83,77.33,76.39
73.57,73.57,63.50,79.12,77.18
76.62,76.62,63.73,80.02,73.78
77.90,77.90,51.26,81.69,74.80
77.80,77.80,46.16,81.66,74.05
77.63,77.63,41.38,80.96,73.77
77.80,77.80,38.84,80.53,74.07
77.08,77.08,41.06,80.46,73.64
75.88,75.88,35.69,80.16,72.37
74.72,74.72,38.91,81.59,72.21
73.98,73.98,38.62,80.21,71.69
75.90,75.90,39.59,79.98,71.68
75.72,75.72,37.88,78.36,71.99
73.46,73.46,36.33,78.59,71.25
74.40,74.40,37.30,79.08,72.68
76.08,76.08,35.07,78.73,71.32
76.73,76.73,33.25,78.44,70.70
76.56,76.56,34.67,79.08,70.55
75.91,75.91,36.48,78.10,66.58
74.71,74.71,38.14,78.09,67.84
75.73,75.73,37.98,76.65,65.56
73.25,73.25,39.15,77.12,67.02
73.14,73.14,46.04,76.50,65.04
71.63,71.63,55.92,73.78,68.13
75.18,75.18,63.66,71.52,68.07
78.38,78.38,60.90,73.52,67.75
80.01,80.01,59.76,73.38,69.66
78.30,78.30,56.37,70.68,69.41
79.73,79.73,52.94,70.37,67.90
80.30,80.30,49.33,71.47,64.97
82.47,82.47,48.22,68.97,63.79
79.78,79.78,46.94,68.24,63.28
74.32,74.32,48.12,58.69,60.77
69.17,69.17,55.86,62.83,64.47
68.36,68.36,65.96,59.92,64.54
74.27,74.27,73.31,54.72,69.17
75.51,75.51,68.20,59.22,69.24
73.40,73.40,59.95,50.55,67.92
74.33,74.33,55.41,47.38,64.23
74.89,74.89,50.07,50.42,62.68
65.84,65.84,48.40,52.44,59.35
69.54,69.54,45.80,54.20,57.54
64.96,64.96,46.56,57.50,59.91
59.37,59.37,49.36,53.83,54.33
59.68,59.68,49.79,56.13,56.95
60.21,60.21,54.00,53.67,60.16
63.25,63.25,59.15,51.41,65.36
65.56,65.56,55.63,47.60,59.45
70.85,70.85,54.46,42.76,55.79
72.34,72.34,51.91,51.24,54.76
73.49,73.49,47.90,44.70,58.45
76.86,76.86,46.85,47.54,56.02
76.23,76.23,45.94,46.80,52.84
73.35,73.35,44.47,45.74,51.44
69.76,69.76,46.59,39.83,53.25
72.77,72.77,49.56,43.90,54.02
74.37,74.37,54.15,45.73,55.13
76.25,76.25,55.09,43.00,59.63
76.08,76.08,52.73,48.14,53.54
76.53,76.53,54.98,49.91,56.69
76.14,76.14,50.83,48.05,49.39
75.98,75.98,49.95,46.29,52.51
74.03,74.03,49.87,46.71,53.56
69.17,69.17,43.82,44.72,57.24
72.79,72.79,45.02,43.21,54.41
75.07,75.07,42.91,36.73,59.49
69.82,69.82,47.00,31.84,61.84
68.88,68.88,50.46,35.45,72.74
71.86,71.86,53.55,24.32,78.92
75.53,75.53,58.20,16.33,76.53
82.41,82.41,63.44,12.30,75.70
77.82,77.82,67.27,10.21,79.87
74.77,74.77,67.71,8.66,76.95
66.21,66.21,65.22,4.75,79.24
64.04,64.04,62.98,5.93,79.40
61.74,61.74,63.48,0.96,80.30
60.99,60.99,60.92,-0.00,80.70
59.24,59.24,55.55,0.03,77.93
56.26,56.26,57.14,-0.00,80.58
53.27,53.27,53.56,0.05,76.54
54.88,54.88,51.56,6.55,80.16
65.95,65.95,56.86,14.25,76.88
61.34,61.34,60.24,17.52,74.81
63.99,63.99,57.25,16.50,75.76
71.13,71.13,52.23,6.72,73.31
78.58,78.58,47.35,12.15,67.04
82.08,82.08,41.71,19.87,64.03
81.42,81.42,40.55,20.12,62.64
81.06,81.06,39.69,17.07,62.13
81.97,81.97,42.40,14.20,61.77
81.32,81.32,49.92,19.42,62.31
81.67,81.67,59.15,18.62,67.55
81.85,81.85,69.61,21.21,67.49
81.19,81.19,66.15,15.78,68.99
80.05,80.05,58.31,18.44,67.87
80.37,80.37,48.79,23.78,65.22
82.36,82.36,43.53,29.99,64.53
79.01,79.01,44.26,24.30,64.64
77.38,77.38,41.20,31.61,60.83
73.60,73.60,40.12,38.56,57.30
64.85,64.85,42.65,35.43,48.96
61.47,61.47,50.13,39.80,48.71
63.71,63.71,57.54,38.57,48.58
63.57,63.57,55.87,47.43,52.62
61.60,61.60,57.85,45.62,56.78
61.52,61.52,57.92,43.78,47.86
59.50,59.50,57.85,46.18,45.59
56.20,56.20,53.17,43.13,41.77
55.04,55.04,50.73,34.92,41.40
53.63,53.63,46.88,33.38,37.08
50.34,50.34,48.78,31.67,41.67
50.38,50.38,48.46,33.45,41.95
51.01,51.01,49.93,32.58,42.33
47.83,47.83,47.12,30.69,38.87
54.34,54.34,46.54,31.64,36.82
61.64,61.64,40.63,31.80,30.53
73.26,73.26,44.37,37.78,28.39
73.82,73.82,48.20,33.27,22.09
74.49,74.49,43.16,32.38,30.79
73.97,73.97,37.76,31.49,30.91
74.44,74.44,35.42,35.59,35.64
75.36,75.36,39.61,33.75,35.41
74.38,74.38,38.69,37.00,37.27
74.61,74.61,41.66,33.99,38.16
76.27,76.27,44.31,38.44,34.92
76.71,76.71,42.21,33.56,24.57
77.25,77.25,42.00,31.83,24.48
76.57,76.57,40.28,32.68,21.48
76.95,76.95,40.19,34.64,16.84
71.31,71.31,45.15,34.78,18.29
71.05,71.05,47.72,33.74,15.37
70.68,70.68,38.11,32.65,17.35
67.91,67.91,49.42,43.71,14.17
67.95,67.95,44.77,41.20,15.62
67.45,67.45,43.31,39.50,17.93
67.32,67.32,39.63,31.52,23.39
72.45,72.45,38.64,36.83,34.05
75.52,75.52,36.32,29.12,42.06
73.11,73.11,39.32,28.12,51.58
70.79,70.79,33.95,33.40,62.08
72.43,72.43,28.87,31.43,70.87
71.24,71.24,29.49,32.63,74.11
72.65,72.65,20.65,24.90,76.57
72.55,72.55,28.81,31.24,75.94
74.35,74.35,28.66,30.41,74.89
74.32,74.32,33.01,33.28,71.34
71.80,71.80,23.99,22.96,66.38
73.41,73.41,24.47,18.55,64.63
71.68,71.68,21.68,26.03,69.71
72.10,72.10,35.16,32.32,70.92
70.61,70.61,32.27,30.25,70.71
71.40,71.40,30.93,30.73,69.93
74.62,74.62,33.84,31.53,70.63
76.53,76.53,33.54,28.54,70.23
75.05,75.05,35.60,29.50,67.67
72.81,72.81,33.68,25.53,67.21
65.41,65.41,28.39,26.80,70.01
63.68,63.68,27.35,30.93,64.79
67.73,67.73,29.20,27.19,67.31
75.56,75.56,26.38,22.53,65.86
76.04,76.04,26.25,29.16,65.48
71.17,71.17,31.20,22.92,66.38
70.54,70.54,32.55,27.99,65.11
75.64,75.64,26.36,25.88,65.69
73.28,73.28,24.88,29.59,66.39
70.83,70.83,31.64,29.08,64.68
72.55,72.55,32.39,22.74,64.16
73.25,73.25,34.88,21.47,66.57
73.60,73.60,34.15,21.81,65.50
73.79,73.79,38.73,20.51,66.11
72.56,72.56,37.71,18.58,67.29
72.65,72.65,32.62,23.13,64.56
70.56,70.56,38.70,25.54,65.00
71.09,71.09,32.28,14.86,65.02
71.60,71.60,33.46,18.93,65.65
73.32,73.32,33.79,21.54,65.58
74.08,74.08,37.74,16.43,66.89
71.43,71.43,36.62,23.52,66.68
66.02,66.02,30.66,20.59,67.47
62.72,62.72,34.82,24.30,67.20
66.41,66.41,33.36,22.42,66.44
73.37,73.37,26.53,24.93,69.65
74.81,74.81,27.03,27.85,70.10
73.91,73.91,29.40,20.68,71.39
70.39,70.39,28.48,20.94,75.52
71.63,71.63,22.87,23.89,76.75
74.38,74.38,22.91,15.75,77.73
73.00,73.00,26.43,23.43,76.37
73.17,73.17,28.35,22.41,77.34
72.94,72.94,32.71,26.53,75.94
75.37,75.37,33.78,20.05,74.73
73.06,73.06,32.70,15.93,73.10
69.90,69.90,34.48,20.50,72.59
68.37,68.37,30.40,19.30,71.99
71.52,71.52,39.07,18.68,73.59
73.90,73.90,31.53,22.07,70.86
75.21,75.21,31.25,18.16,71.89
74.29,74.29,27.68,16.54,71.62
71.48,71.48,30.12,20.37,70.61
68.13,68.13,30.73,27.35,70.32
63.49,63.49,29.01,21.05,71.84
60.92,60.92,28.10,24.85,70.32
61.08,61.08,27.44,26.96,69.08
70.97,70.97,28.06,27.63,71.15
76.10,76.10,27.72,26.49,70.25
75.35,75.35,21.20,22.48,70.55
73.86,73.86,21.73,21.56,68.66
72.27,72.27,24.01,30.13,69.37
73.36,73.36,27.82,29.85,69.43
73.67,73.67,35.00,35.15,68.39
73.60,73.60,34.85,29.86,68.28
72.19,72.19,28.52,30.31,67.65
74.20,74.20,34.42,36.82,68.78
74.90,74.90,28.22,29.10,67.92
72.90,72.90,26.46,29.29,68.82
72.09,72.09,25.82,22.29,70.07
73.68,73.68,29.00,25.28,68.84
73.78,73.78,28.41,30.32,72.12
73.69,73.69,25.50,21.83,69.64
76.14,76.14,26.52,24.42,70.51
75.59,75.59,30.01,27.81,68.48
75.61,75.61,27.71,25.45,70.88
76.31,76.31,29.72,28.15,70.99
76.03,76.03,29.85,25.93,70.53
74.59,74.59,29.42,21.95,69.97
70.58,70.58,34.88,23.18,69.31
67.04,67.04,29.88,19.40,70.78
67.52,67.52,33.80,27.15,69.80
66.01,66.01,30.35,22.00,70.91
64.79,64.79,28.76,11.62,70.71
64.57,64.57,25.18,15.40,71.01
69.26,69.26,26.98,25.79,70.27
76.47,76.47,30.84,25.70,74.55
76.25,76.25,34.46,28.43,74.83
73.88,73.88,32.72,25.61,77.60
75.19,75.19,32.85,26.53,75.40
80.18,80.18,34.57,27.52,75.87
79.95,79.95,31.87,22.11,75.10
76.57,76.57,24.89,21.21,76.10
75.87,75.87,28.64,26.44,73.87
74.14,74.14,28.69,27.89,74.15
77.35,77.35,24.32,24.14,74.26
75.61,75.61,26.12,26.34,74.28
74.04,74.04,30.38,28.85,73.26
78.19,78.19,28.11,26.71,71.62
81.02,81.02,26.37,25.08,70.75
81.15,81.15,32.11,29.90,72.12
81.57,81.57,27.89,30.70,70.35
78.87,78.87,30.51,24.45,73.54
75.28,75.28,28.56,29.18,72.46
76.22,76.22,28.71,26.89,72.24
76.32,76.32,25.01,30.65,70.60
77.53,77.53,21.62,23.80,69.13
74.41,74.41,27.66,29.29,69.02
74.80,74.80,29.86,28.43,68.10
73.27,73.27,32.64,30.38,67.41
72.61,72.61,25.32,27.45,67.16
74.50,74.50,21.93,21.98,68.89
75.67,75.67,28.25,30.19,68.82
74.58,74.58,25.97,18.96,68.67
76.25,76.25,24.18,28.35,67.29
77.56,77.56,22.42,24.94,66.72
77.47,77.47,21.81,28.79,66.54
76.12,76.12,23.54,27.92,66.32
76.29,76.29,28.05,29.72,68.03
76.92,76.92,28.07,25.83,65.45
75.85,75.85,29.13,16.72,63.19
74.33,74.33,30.06,20.06,68.53
75.64,75.64,37.14,25.10,67.96
74.65,74.65,34.17,19.07,66.83
72.02,72.02,33.68,17.83,70.22
73.58,73.58,34.03,17.85,67.96
75.40,75.40,35.55,15.96,69.35
73.88,73.88,36.09,21.43,70.95
73.60,73.60,31.67,15.13,69.06
73.83,73.83,29.03,19.79,71.71
72.16,72.16,34.84,21.81,76.34
71.82,71.82,32.37,23.47,75.66
69.43,69.43,32.32,30.81,76.78
69.14,69.14,33.77,30.75,74.34
69.33,69.33,31.71,24.03,75.07
67.09,67.09,25.69,31.53,73.18
66.46,66.46,30.26,31.62,72.90
65.08,65.08,35.02,31.36,72.34
71.33,71.33,31.39,23.06,72.57
66.61,66.61,33.46,31.94,71.84
64.82,64.82,32.24,27.13,74.28
63.81,63.81,35.43,26.01,72.26
61.16,61.16,31.94,25.97,72.70
56.61,56.61,34.74,26.92,72.10
53.94,53.94,39.04,27.76,72.67
55.78,55.78,36.86,20.61,73.00
55.49,55.49,38.37,18.46,73.41
54.58,54.58,39.90,22.03,72.53
54.16,54.16,36.66,25.91,70.50
50.82,50.82,37.82,22.03,70.64
51.64,51.64,40.85,22.95,68.25
50.63,50.63,42.46,24.49,68.23
51.97,51.97,33.67,20.87,67.26
55.64,55.64,30.20,20.78,69.20
62.52,62.52,33.48,19.26,69.06
66.37,66.37,32.87,30.22,72.13
67.53,67.53,36.47,28.65,70.52
66.12,66.12,32.97,27.42,72.61
72.26,72.26,33.39,15.07,70.53
74.41,74.41,33.66,15.10,71.66
73.75,73.75,30.70,19.28,71.93
64.84,64.84,31.40,22.86,70.71
57.54,57.54,34.26,26.15,71.29
58.68,58.68,29.22,22.59,68.95
61.70,61.70,32.27,24.23,68.44
69.24,69.24,29.13,24.94,68.47
70.39,70.39,27.14,18.02,67.62
76.36,76.36,27.44,26.35,68.20
74.40,74.40,29.98,26.34,68.61
75.07,75.07,29.37,21.90,68.71
75.69,75.69,30.65,21.45,67.37
73.29,73.29,28.23,22.81,68.59
67.64,67.64,33.86,24.71,65.63
68.00,68.00,39.15,24.76,68.17
67.13,67.13,40.93,21.12,67.55
66.60,66.60,35.58,27.91,66.36
67.61,67.61,25.73,23.58,63.99
68.64,68.64,26.73,28.65,69.56
72.52,72.52,26.87,29.32,73.39
72.00,72.00,31.87,29.44,76.37
69.63,69.63,26.29,26.18,74.68
73.93,73.93,23.76,25.48,74.00
75.90,75.90,28.39,33.83,76.07
74.76,74.76,31.49,29.43,74.66
71.48,71.48,28.05,33.43,74.98
69.02,69.02,29.24,33.38,73.14
71.26,71.26,25.51,35.66,73.19
74.46,74.46,30.54,31.27,75.44
75.06,75.06,26.57,32.41,75.04
75.08,75.08,30.06,35.10,74.21
73.28,73.28,27.18,35.86,74.47
72.83,72.83,24.68,33.86,72.96
70.33,70.33,26.33,34.92,75.65
67.19,67.19,28.44,33.91,72.68
63.71,63.71,24.37,27.83,73.21
56.79,56.79,20.60,29.06,73.39
57.78,57.78,23.45,39.24,71.07
65.34,65.34,21.04,37.94,71.39
68.48,68.48,15.07,36.47,72.41
70.05,70.05,15.75,38.21,72.75
70.82,70.82,16.20,30.07,71.85
68.55,68.55,18.63,36.82,69.99
69.93,69.93,21.13,36.18,69.77
70.68,70.68,21.52,32.33,68.76
72.20,72.20,26.59,30.32,67.53
67.94,67.94,26.19,32.80,69.30
61.97,61.97,24.50,28.58,70.09
52.88,52.88,24.79,33.67,70.41
49.85,49.85,27.12,29.47,68.20
58.25,58.25,26.88,33.13,68.81
66.33,66.33,25.48,30.88,68.53
72.82,72.82,20.56,34.78,68.92
74.25,74.25,23.01,27.10,68.90
73.92,73.92,28.51,39.67,68.10
74.52,74.52,29.48,37.63,67.39
73.78,73.78,29.49,38.32,68.12
74.38,74.38,27.45,38.34,68.80
74.64,74.64,25.88,32.89,66.44
75.48,75.48,25.31,38.08,68.13
73.53,73.53,24.93,40.86,68.93
72.23,72.23,19.31,34.95,68.74
72.09,72.09,16.64,32.72,70.62
72.63,72.63,16.86,30.88,74.62
74.88,74.88,18.59,32.85,77.70
74.82,74.82,20.51,31.14,76.22
74.01,74.01,22.93,27.16,77.36
76.20,76.20,23.72,29.86,75.94
75.01,75.01,22.89,31.89,75.13
72.01,72.01,23.94,34.14,74.18
73.76,73.76,23.86,29.78,74.18
74.73,74.73,24.88,35.59,72.30
75.19,75.19,22.71,27.89,71.80
70.42,70.42,21.59,32.04,73.68
74.37,74.37,21.65,34.93,71.76
74.70,74.70,22.74,31.10,70.17
73.15,73.15,21.24,31.88,73.37
72.37,72.37,20.31,33.14,70.96
73.19,73.19,22.75,24.86,72.18
72.08,72.08,23.34,32.94,70.91
70.74,70.74,22.85,27.17,71.53
71.17,71.17,21.56,27.84,72.61
71.56,71.56,22.19,27.92,71.08
69.47,69.47,19.73,32.27,70.36
70.64,70.64,18.95,33.40,69.14
69.44,69.44,20.16,36.89,69.52
68.51,68.51,21.47,31.69,71.70
74.36,74.36,19.31,31.60,69.06
75.77,75.77,20.03,30.46,69.91
73.07,73.07,25.06,27.47,71.06
58.33,58.33,19.70,30.83,70.57
54.89,54.89,20.97,31.87,70.59
54.84,54.84,22.65,25.16,70.52
60.54,60.54,29.18,31.83,70.78
61.65,61.65,25.20,34.29,68.55
61.81,61.81,20.54,30.87,67.45
70.89,70.89,20.22,37.84,68.28
74.74,74.74,18.80,31.24,65.92
82.22,82.22,22.58,35.86,67.47
81.44,81.44,21.98,33.75,68.89
78.10,78.10,19.03,40.65,66.21
81.77,81.77,16.49,42.66,64.75
77.99,77.99,13.91,43.21,67.41
76.59,76.59,18.32,39.76,66.65
78.00,78.00,24.46,43.99,67.25
78.26,78.26,23.93,40.64,68.24
77.75,77.75,25.33,42.86,68.81
79.10,79.10,21.64,39.49,69.23
77.62,77.62,18.03,38.65,69.29
78.07,78.07,12.04,37.78,68.02
73.35,73.35,10.09,31.96,76.45
72.48,72.48,7.72,26.55,79.01
71.57,71.57,12.85,33.58,76.36
74.27,74.27,20.52,33.70,75.44
77.24,77.24,18.47,32.11,74.50
77.68,77.68,24.32,37.66,72.85
78.61,78.61,18.05,30.80,70.54
81.93,81.93,21.03,29.15,70.99
79.17,79.17,24.26,36.91,72.16
75.69,75.69,25.96,35.99,71.98
75.17,75.17,27.60,34.56,71.48
76.24,76.24,26.40,31.32,71.05
75.82,75.82,26.97,35.02,69.53
75.70,75.70,25.81,33.31,69.11
78.38,78.38,22.35,36.74,70.07
77.01,77.01,22.82,31.09,70.34
76.58,76.58,25.48,28.37,69.14
77.48,77.48,24.17,35.83,65.47
74.32,74.32,24.01,29.13,65.52
77.80,77.80,23.86,29.85,67.89
77.42,77.42,26.62,35.81,66.66
78.87,78.87,26.44,32.19,67.91
76.88,76.88,23.61,28.84,66.66
76.17,76.17,24.09,33.58,66.38
74.75,74.75,23.87,28.53,66.95
76.14,76.14,20.55,25.87,66.74
77.85,77.85,25.35,33.76,64.64
76.71,76.71,24.18,28.71,62.18
77.09,77.09,21.54,22.89,64.48
76.88,76.88,22.91,27.76,65.19
76.46,76.46,23.94,28.74,62.64
73.35,73.35,17.60,27.06,66.29
72.85,72.85,19.47,29.17,65.87
69.11,69.11,23.12,25.24,66.23
67.80,67.80,26.86,23.61,66.57
66.63,66.63,27.41,27.80,66.30
63.75,63.75,29.50,23.65,66.25
68.68,68.68,32.99,29.71,68.10
66.16,66.16,33.39,29.61,69.35
65.23,65.23,38.25,21.52,70.14
60.92,60.92,36.21,30.12,69.46
59.65,59.65,33.50,27.52,69.27
63.38,63.38,32.48,27.67,68.90
65.06,65.06,29.81,28.10,69.38
72.85,72.85,27.46,33.46,70.45
79.18,79.18,27.47,33.93,73.01
77.41,77.41,27.53,25.40,76.06
81.36,81.36,26.75,24.72,73.10
80.78,80.78,29.06,31.15,74.14
81.17,81.17,32.49,30.31,71.64
81.07,81.07,29.51,28.41,72.05
79.97,79.97,29.47,29.66,72.29
80.65,80.65,31.45,27.33,72.29
79.70,79.70,26.99,26.19,72.75
82.95,82.95,29.30,29.41,71.97
81.95,81.95,29.02,33.06,71.46
81.74,81.74,30.61,35.36,71.30
83.47,83.47,28.69,34.06,68.50
82.58,82.58,30.16,34.09,71.83
80.77,80.77,29.82,27.15,70.94
81.68,81.68,32.06,29.87,71.82
81.34,81.34,31.81,31.23,68.40
79.20,79.20,25.95,32.16,68.54
80.97,80.97,29.10,30.64,68.62
79.85,79.85,33.79,26.72,67.76
73.21,73.21,32.03,25.56,65.76
70.66,70.66,34.35,27.03,65.86
66.62,66.62,32.22,29.29,65.56
63.81,63.81,29.13,29.12,68.39
63.83,63.83,30.98,32.51,69.08
62.22,62.22,31.42,31.04,66.71
68.35,68.35,35.75,35.00,67.26
65.09,65.09,33.98,26.12,66.58
60.95,60.95,36.39,32.35,64.64
59.49,59.49,40.30,34.27,66.92
63.03,63.03,41.03,37.89,66.40
62.99,62.99,40.06,25.39,65.02
61.07,61.07,42.04,23.89,63.46
60.50,60.50,44.95,31.53,62.76
59.05,59.05,45.39,29.75,63.74
60.78,60.78,46.56,30.95,63.83
60.31,60.31,43.04,26.57,60.06
56.56,56.56,45.24,24.20,60.35
56.87,56.87,47.89,25.93,61.79
55.01,55.01,46.16,30.14,60.14
49.53,49.53,45.13,28.70,61.84
48.01,48.01,44.38,21.76,63.26
50.91,50.91,43.44,26.73,63.48
53.07,53.07,43.26,29.94,62.57
56.51,56.51,43.27,34.16,63.32
65.03,65.03,35.26,24.81,60.84
71.96,71.96,32.62,25.77,59.08
75.11,75.11,36.91,31.54,68.27
74.42,74.42,35.34,35.89,71.67
76.92,76.92,38.15,35.76,72.64
74.52,74.52,30.35,32.91,69.53
74.12,74.12,33.63,33.81,66.86
74.99,74.99,34.53,31.99,69.36
71.54,71.54,37.17,29.93,69.96
70.99,70.99,26.81,26.35,70.36
70.13,70.13,30.98,21.28,70.03
69.10,69.10,26.46,22.43,70.13
68.47,68.47,33.97,25.59,69.51
71.21,71.21,30.48,30.33,69.34
73.75,73.75,29.62,25.93,70.90
73.85,73.85,30.22,28.69,68.72
72.68,72.68,30.29,31.41,68.26
71.11,71.11,31.51,26.90,66.17
73.60,73.60,29.73,28.67,67.45
71.76,71.76,29.31,31.31,66.13
71.05,71.05,30.98,29.10,65.52
71.76,71.76,32.40,30.20,65.47
72.01,72.01,29.44,22.11,64.13
73.12,73.12,31.72,26.14,64.27
73.44,73.44,29.31,23.76,65.73
73.78,73.78,29.73,25.12,66.50
73.28,73.28,31.63,27.57,68.58
65.41,65.41,27.19,25.47,68.82
62.66,62.66,27.66,24.16,69.50
67.20,67.20,24.05,30.46,69.69
69.83,69.83,17.95,34.25,69.24
70.42,70.42,19.25,36.33,69.26
69.27,69.27,20.85,31.70,67.09
66.82,66.82,30.07,31.64,67.01
68.33,68.33,34.98,38.50,65.59
72.65,72.65,29.27,36.82,66.85
72.48,72.48,29.66,28.01,65.89
73.13,73.13,33.58,27.53,66.59
74.56,74.56,36.33,31.23,66.06
74.72,74.72,39.51,32.65,65.36
74.77,74.77,34.04,31.96,67.95
73.76,73.76,36.96,30.66,66.88
71.55,71.55,42.68,33.30,67.14
68.14,68.14,33.65,25.93,67.39
69.78,69.78,29.80,27.97,67.96
72.11,72.11,34.83,28.74,72.39
72.78,72.78,37.36,31.81,72.89
71.98,71.98,34.21,29.61,73.79
75.54,75.54,36.02,29.53,73.20
76.61,76.61,32.28,32.05,73.28
75.97,75.97,37.47,28.93,71.33
75.71,75.71,29.65,27.14,70.52
76.01,76.01,35.88,30.86,71.29
76.16,76.16,37.66,31.30,69.93
73.76,73.76,41.57,28.33,67.59
72.81,72.81,41.70,23.53,67.89
71.84,71.84,37.74,25.24,69.02
64.53,64.53,36.53,20.66,70.19
64.59,64.59,37.95,27.75,69.00
59.68,59.68,39.18,27.26,68.51
60.09,60.09,45.18,29.02,70.11
54.61,54.61,47.16,34.74,70.12
59.32,59.32,44.19,32.94,71.07
58.69,58.69,43.44,34.27,71.52
59.25,59.25,43.47,32.90,69.47
57.46,57.46,42.11,28.55,68.29
56.48,56.48,35.68,31.87,68.99
58.73,58.73,39.13,33.84,68.57
64.77,64.77,33.90,32.95,67.54
77.36,77.36,37.53,36.02,67.08
83.45,83.45,34.33,35.09,66.34
78.84,78.84,32.29,37.16,67.95
81.44,81.44,34.88,38.67,68.01
83.02,83.02,37.27,40.90,67.12
82.20,82.20,32.93,40.57,67.97
81.78,81.78,33.72,37.44,66.77
82.05,82.05,27.26,36.83,66.95
81.36,81.36,25.07,34.22,66.67
79.09,79.09,25.33,36.91,66.90
77.45,77.45,29.23,37.62,66.21
79.69,79.69,33.26,33.52,66.09
77.51,77.51,31.50,31.42,67.24
72.94,72.94,36.03,31.48,67.99
70.63,70.63,39.46,36.15,67.64
69.88,69.88,36.35,32.35,67.94
68.41,68.41,37.65,34.16,66.44
67.18,67.18,38.14,38.57,66.09
68.03,68.03,37.41,37.09,65.88
67.84,67.84,37.22,30.32,65.19
65.28,65.28,37.95,24.14,63.99
67.15,67.15,38.26,27.01,66.49
73.69,73.69,34.39,28.39,67.70
75.23,75.23,33.52,34.49,70.09
78.47,78.47,33.39,26.82,72.52
81.29,81.29,38.26,35.89,71.37
77.53,77.53,34.74,35.05,71.85
80.86,80.86,28.70,29.94,72.90
80.58,80.58,34.85,32.02,72.09
78.28,78.28,31.94,29.88,70.65
78.33,78.33,29.44,28.89,72.35
80.12,80.12,23.64,23.57,70.96
80.90,80.90,29.09,28.23,70.13
82.28,82.28,28.13,31.61,71.24
82.35,82.35,33.85,34.21,69.13
83.10,83.10,32.07,29.20,67.99
81.60,81.60,27.24,27.46,68.08
79.15,79.15,28.74,31.68,68.39
79.49,79.49,31.22,34.46,68.45
80.09,80.09,37.51,35.89,69.68
77.78,77.78,31.34,33.73,69.20
79.12,79.12,30.72,28.68,69.68
79.09,79.09,32.27,26.72,70.05
75.98,75.98,35.03,21.90,68.92
76.21,76.21,36.47,27.68,67.98
76.24,76.24,39.57,28.01,66.34
79.52,79.52,39.66,25.13,62.21
80.38,80.38,42.86,20.54,67.09
78.47,78.47,47.32,23.04,67.35
78.56,78.56,44.06,26.93,67.68
79.84,79.84,43.88,28.77,68.56
78.22,78.22,43.06,19.80,67.79
76.69,76.69,39.73,26.40,67.42
80.36,80.36,38.84,27.39,67.48
75.01,75.01,39.70,24.27,66.72
72.45,72.45,40.69,28.70,68.20
71.33,71.33,46.05,29.22,68.51
69.81,69.81,37.49,32.62,70.44
69.67,69.67,41.22,34.60,69.20
69.57,69.57,40.08,29.67,70.76
70.30,70.30,42.27,30.33,71.89
69.63,69.63,39.40,32.65,72.30
73.71,73.71,38.07,29.50,72.20
76.70,76.70,36.57,26.98,70.90
77.10,77.10,33.82,25.20,70.62
74.54,74.54,38.16,22.95,70.33
75.55,75.55,36.25,27.54,68.22
77.61,77.61,34.61,29.43,66.93
69.90,69.90,31.40,25.98,67.13
77.93,77.93,32.55,21.09,70.97
71.60,71.60,32.59,26.21,72.54
73.12,73.12,33.33,24.96,75.53
76.58,76.58,32.28,27.77,73.69
78.83,78.83,34.81,31.85,72.66
77.96,77.96,37.99,33.75,72.40
73.90,73.90,33.81,22.99,71.79
69.67,69.67,32.35,26.64,71.27
62.69,62.69,27.08,29.37,70.89
60.95,60.95,31.12,29.85,70.39
66.05,66.05,37.50,32.76,70.01
64.58,64.58,34.69,33.31,69.91
69.06,69.06,35.16,30.82,71.25
67.55,67.55,34.10,32.27,69.17
66.33,66.33,29.22,33.88,70.17
71.00,71.00,28.61,24.99,70.86
74.76,74.76,29.89,22.51,70.66
76.56,76.56,32.33,23.65,68.31
78.91,78.91,40.16,25.43,68.85
81.01,81.01,33.72,26.13,66.62
79.83,79.83,36.23,34.16,67.48
77.97,77.97,35.82,27.07,65.64
79.19,79.19,34.40,18.56,67.86
73.39,73.39,28.01,19.37,71.55
70.77,70.77,28.49,25.00,71.09
75.02,75.02,19.98,22.66,70.18
76.44,76.44,33.17,27.42,71.36
76.26,76.26,35.61,27.84,71.56
75.94,75.94,33.66,26.91,70.37
74.00,74.00,37.18,21.25,70.64
72.18,72.18,39.74,25.65,70.59
67.60,67.60,34.93,27.52,70.01
69.00,69.00,33.03,28.15,70.65
69.88,69.88,25.94,26.16,71.80
75.62,75.62,22.99,21.57,71.72
74.97,74.97,30.14,27.27,70.19
79.47,79.47,21.68,29.15,69.54
79.19,79.19,14.89,27.23,70.78
80.27,80.27,24.93,32.11,68.84
79.93,79.93,32.33,34.31,68.33
80.98,80.98,25.67,31.07,67.94
79.34,79.34,29.79,37.41,67.92
81.33,81.33,32.13,36.97,67.22
78.91,78.91,28.82,31.80,65.13
79.93,79.93,23.55,30.50,66.73
79.38,79.38,22.67,31.62,66.04
80.43,80.43,26.59,38.48,66.44
80.60,80.60,35.33,38.45,66.55
78.34,78.34,39.80,29.93,65.47
74.87,74.87,41.79,29.42,64.11
72.50,72.50,40.39,24.57,65.00
78.01,78.01,38.47,25.93,66.51
77.04,77.04,37.48,20.13,66.49
74.87,74.87,32.14,32.36,65.66
78.34,78.34,32.00,32.67,65.18
78.06,78.06,30.58,29.15,65.51
76.62,76.62,30.28,32.58,66.65
76.15,76.15,28.51,35.04,65.18
79.63,79.63,27.61,33.83,63.52
78.45,78.45,18.92,28.93,62.31
79.76,79.76,11.77,29.79,65.16
81.05,81.05,13.50,28.25,65.11
78.16,78.16,17.70,29.32,67.41
78.00,78.00,19.33,34.94,67.05
77.91,77.91,17.85,34.69,63.80
78.17,78.17,20.90,36.43,63.94
77.64,77.64,20.87,32.82,64.42
78.21,78.21,19.15,29.60,64.31
75.33,75.33,16.69,31.79,64.28
76.05,76.05,16.00,31.43,69.55
79.04,79.04,18.55,24.72,69.81
79.12,79.12,19.75,31.40,71.18
78.54,78.54,23.18,29.07,68.93
73.81,73.81,20.17,29.86,69.48
71.99,71.99,19.62,28.70,70.34
75.17,75.17,25.32,24.13,68.17
73.49,73.49,26.70,24.90,68.41
75.14,75.14,28.11,28.37,67.52
77.69,77.69,23.52,23.90,66.50
78.10,78.10,27.17,25.25,65.63
78.39,78.39,28.99,28.41,65.09
76.05,76.05,26.99,24.89,64.74
76.26,76.26,26.70,24.14,65.43
78.41,78.41,29.51,28.02,67.92
77.12,77.12,32.63,28.06,64.85
77.69,77.69,30.42,25.32,66.20
78.60,78.60,32.14,27.73,65.18
74.83,74.83,37.00,21.38,65.76
75.63,75.63,35.70,20.03,68.32
76.30,76.30,33.58,23.87,69.73
77.20,77.20,35.58,28.67,72.79
77.37,77.37,38.87,32.59,71.58
76.40,76.40,41.52,22.28,69.10
74.84,74.84,42.65,24.20,66.42
74.81,74.81,37.38,19.68,65.54
75.92,75.92,42.19,26.06,68.13
72.55,72.55,41.77,26.18,67.25
72.43,72.43,35.20,20.10,67.20
74.56,74.56,35.11,18.25,69.00
71.73,71.73,36.21,22.55,67.41
74.89,74.89,38.94,29.54,70.33
77.17,77.17,40.47,27.34,71.50
76.17,76.17,35.93,19.48,73.54
74.62,74.62,41.49,20.99,72.50
73.50,73.50,35.90,24.59,72.97
69.56,69.56,41.14,22.41,72.35
64.63,64.63,36.21,22.83,70.99
70.03,70.03,43.84,28.88,72.42
71.05,71.05,44.57,29.54,72.17
75.24,75.24,37.63,29.90,73.91
76.98,76.98,42.25,26.73,71.45
73.59,73.59,35.97,25.56,68.80
72.89,72.89,37.06,26.99,66.81
69.93,69.93,43.60,26.72,69.09
67.92,67.92,40.94,33.44,67.65
68.96,68.96,44.19,28.30,68.38
67.52,67.52,39.02,21.95,67.89
67.44,67.44,40.34,23.31,68.83
71.01,71.01,36.49,19.28,67.31
65.92,65.92,34.59,21.39,66.94
60.62,60.62,31.84,20.76,68.04
63.06,63.06,37.04,29.03,71.95
59.83,59.83,36.20,30.51,71.59
59.38,59.38,39.30,26.28,71.21
58.05,58.05,37.65,28.93,71.83
59.60,59.60,36.84,24.84,72.41
59.19,59.19,36.48,22.48,70.14
61.69,61.69,37.41,19.92,70.44
57.93,57.93,37.44,17.82,69.85
57.70,57.70,35.92,18.68,70.51
57.46,57.46,37.75,19.67,70.66
53.75,53.75,41.79,20.80,66.93
52.52,52.52,34.44,21.55,67.87
50.29,50.29,37.57,17.07,66.73
46.40,46.40,33.52,12.61,67.89
48.47,48.47,36.23,19.98,69.64
42.23,42.23,37.26,23.26,70.31
44.33,44.33,33.88,27.79,72.42
43.35,43.35,41.84,30.71,76.07
45.85,45.85,40.37,28.80,74.92
43.85,43.85,44.32,25.59,74.09
47.20,47.20,42.15,24.99,72.19
42.95,42.95,47.48,24.93,70.98
43.21,43.21,50.02,26.15,69.51
46.99,46.99,39.66,19.46,68.94
57.97,57.97,36.87,26.35,68.99
66.17,66.17,43.17,29.83,67.52
72.41,72.41,36.80,26.62,64.83
72.27,72.27,29.19,28.69,64.57
72.81,72.81,35.14,32.87,63.55
69.80,69.80,32.55,31.92,64.46
71.32,71.32,23.89,33.57,66.24
73.61,73.61,37.47,38.85,67.75
74.05,74.05,36.73,38.72,66.89
73.52,73.52,35.01,38.69,70.52
73.99,73.99,36.43,40.76,70.47
73.97,73.97,39.07,38.72,70.52
74.55,74.55,37.57,37.28,69.61
74.86,74.86,37.73,38.43,69.00
70.83,70.83,32.06,34.01,67.91
67.73,67.73,35.53,35.42,65.38
71.12,71.12,35.74,38.54,63.87
71.53,71.53,40.15,36.36,66.49
73.35,73.35,38.27,31.65,68.52
74.06,74.06,28.83,23.50,68.28
74.22,74.22,28.14,22.55,67.08
74.69,74.69,24.94,17.97,67.51
72.08,72.08,23.21,10.99,65.47
72.54,72.54,19.07,24.90,67.20
68.98,68.98,13.82,29.60,67.26
65.08,65.08,19.89,30.20,68.49
56.89,56.89,21.51,22.80,68.31
53.10,53.10,24.88,26.83,69.07
50.72,50.72,26.37,24.45,69.06
49.51,49.51,30.04,26.52,69.57
47.19,47.19,30.22,13.90,66.46
46.13,46.13,31.89,24.28,67.43
44.47,44.47,32.71,28.51,66.96
48.18,48.18,32.58,29.49,68.00
47.90,47.90,32.62,15.68,68.43
46.33,46.33,34.90,21.21,68.82
47.02,47.02,34.07,21.78,67.43
47.77,47.77,30.85,25.10,69.14
44.29,44.29,38.95,31.87,73.82
44.44,44.44,36.97,30.45,75.46
43.22,43.22,42.82,30.12,73.81
41.57,41.57,43.76,23.35,73.02
45.24,45.24,43.06,25.41,72.12
49.38,49.38,49.41,26.71,72.76
46.02,46.02,40.54,25.34,70.94
46.40,46.40,43.33,27.66,70.65
45.67,45.67,41.45,26.29,69.49
46.53,46.53,46.53,25.10,68.26
54.86,54.86,38.40,23.64,67.89
62.44,62.44,38.65,22.91,66.70
73.56,73.56,40.15,23.13,63.73
76.25,76.25,38.31,13.35,64.17
73.06,73.06,42.54,17.73,64.32
68.33,68.33,40.57,12.65,63.95
71.13,71.13,43.51,19.06,64.17
74.00,74.00,42.94,15.42,66.55
75.21,75.21,41.84,24.12,67.47
74.33,74.33,38.86,18.34,67.99
74.97,74.97,37.44,14.53,70.63
73.96,73.96,36.61,15.05,69.78
74.14,74.14,28.81,10.79,68.42
71.41,71.41,34.87,7.57,67.78
66.96,66.96,40.32,9.61,69.50
72.20,72.20,39.17,2.27,69.36
75.34,75.34,39.43,2.87,69.21
76.40,76.40,40.58,0.70,67.64
76.63,76.63,39.39,2.51,68.06
76.48,76.48,30.36,1.78,68.14
77.10,77.10,35.48,0.35,63.38
75.63,75.63,41.32,0.92,63.13
68.42,68.42,37.07,1.92,65.35
72.07,72.07,40.09,2.28,63.16
72.12,72.12,41.90,10.55,62.65
68.28,68.28,43.92,14.49,61.70
67.69,67.69,39.45,0.92,65.46
70.14,70.14,32.45,0.07,66.42
69.08,69.08,37.17,0.03,66.65
70.98,70.98,34.41,0.08,69.59
76.76,76.76,44.13,1.57,69.66
79.16,79.16,48.20,0.78,72.82
79.48,79.48,36.70,0.96,73.70
78.75,78.75,39.87,11.74,71.62
79.81,79.81,33.51,30.91,72.61
78.91,78.91,26.60,34.53,69.50
79.02,79.02,30.35,52.55,70.86
76.19,76.19,11.66,65.89,73.64
75.24,75.24,-0.00,84.99,77.51
78.05,78.05,-0.00,84.73,76.42
75.88,75.88,0.96,84.65,77.47
76.75,76.75,6.64,84.33,77.04
73.54,73.54,14.23,83.76,76.52
72.35,72.35,19.19,83.72,75.48
68.66,68.66,21.45,83.92,75.32
64.44,64.44,22.35,83.53,74.13
65.04,65.04,18.12,83.37,74.79
67.53,67.53,11.70,82.64,74.94
80.24,80.24,6.31,83.32,74.10
81.89,81.89,6.80,83.14,73.77
76.71,76.71,9.24,82.67,74.26
77.13,77.13,7.48,83.31,72.98
78.67,78.67,0.93,83.28,74.05
76.29,76.29,-0.00,82.52,73.79
78.41,78.41,-0.00,82.55,73.48
78.87,78.87,-0.00,81.94,73.23
78.89,78.89,-0.00,81.77,71.81
79.11,79.11,-0.00,80.79,72.69
79.84,79.84,-0.00,82.05,73.17
80.71,80.71,-0.00,81.91,72.05
77.23,77.23,-0.00,81.97,73.74
75.45,75.45,1.34,81.73,72.43
73.84,73.84,5.07,82.11,72.40
72.73,72.73,1.85,82.26,70.89
74.23,74.23,0.03,81.69,72.63
76.69,76.69,-0.00,81.05,71.90
69.31,69.31,2.48,81.05,72.87
64.84,64.84,8.22,81.20,73.22
63.20,63.20,11.25,80.84,73.66
61.46,61.46,11.55,81.02,71.80
66.16,66.16,9.22,80.05,70.11
72.16,72.16,0.74,81.67,72.28
75.33,75.33,-0.00,81.28,72.47
76.08,76.08,-0.00,84.03,73.81
78.06,78.06,-0.00,88.69,73.51
78.32,78.32,-0.00,84.57,71.36
77.42,77.42,-0.00,83.51,69.78
78.15,78.15,-0.00,85.87,72.27
79.65,79.65,-0.00,82.92,72.96
78.85,78.85,-0.00,84.87,72.64
81.38,81.38,0.74,84.14,71.59
82.08,82.08,1.80,84.21,71.07
80.58,80.58,0.27,84.43,73.23
81.52,81.52,-0.00,83.44,77.06
77.70,77.70,-0.00,82.97,77.51
74.87,74.87,-0.00,85.88,76.35
77.23,77.23,0.22,83.05,77.43
77.10,77.10,0.97,85.64,74.86
72.65,72.65,14.23,82.92,75.65
70.53,70.53,19.61,84.37,74.31
69.11,69.11,16.40,84.08,73.57
60.63,60.63,14.29,82.64,73.88
62.43,62.43,13.35,85.44,73.80
66.61,66.61,13.03,81.91,73.32
70.13,70.13,2.01,85.35,73.72
76.90,76.90,-0.00,82.26,72.10
78.87,78.87,-0.00,81.54,71.46
80.54,80.54,-0.00,85.34,71.97
77.12,77.12,-0.00,81.93,73.48
76.83,76.83,1.77,84.76,72.25
78.80,78.80,18.73,81.09,72.15
80.72,80.72,28.20,83.34,71.26
80.06,80.06,29.75,81.51,71.56
80.30,80.30,25.65,80.93,73.37
78.80,78.80,10.02,83.83,73.45
79.52,79.52,0.03,80.68,71.29
78.69,78.69,-0.00,84.90,72.56
78.78,78.78,-0.00,81.55,70.12
81.23,81.23,1.10,81.28,70.89
77.32,77.32,3.50,81.86,72.74
75.63,75.63,8.72,83.11,73.20
74.47,74.47,17.09,81.21,73.50
68.44,68.44,23.23,83.61,73.01
66.74,66.74,24.08,80.78,72.63
65.04,65.04,20.36,83.16,71.70
64.08,64.08,20.10,80.18,71.07
75.90,75.90,29.53,83.81,70.12
76.24,76.24,33.31,81.07,68.95
80.94,80.94,30.83,80.82,70.69
83.30,83.30,19.64,84.18,71.97
80.10,80.10,7.55,85.22,71.31
74.51,74.51,15.58,88.34,71.42
65.48,65.48,16.23,87.57,73.14
66.92,66.92,10.67,85.39,70.18
75.11,75.11,6.79,85.89,71.40
78.85,78.85,11.99,87.45,72.12
80.60,80.60,15.10,83.77,72.29
80.03,80.03,11.53,84.42,72.42
81.80,81.80,8.23,86.33,71.56
78.28,78.28,2.33,83.55,71.74
76.68,76.68,0.24,85.14,78.36
77.95,77.95,0.13,86.24,78.33
78.60,78.60,0.32,83.55,76.79
82.74,82.74,0.73,85.37,77.17
80.95,80.95,1.32,86.87,74.25
78.37,78.37,3.45,83.40,75.39
81.95,81.95,11.42,85.59,76.43
79.30,79.30,8.26,85.72,74.26
76.87,76.87,9.30,82.49,75.25
76.57,76.57,7.22,85.56,74.39
78.51,78.51,9.54,84.95,73.56
77.79,77.79,5.18,83.28,73.79
75.93,75.93,4.89,83.87,70.29
74.31,74.31,8.24,85.73,71.55
77.35,77.35,8.64,82.72,72.58
80.13,80.13,3.67,84.58,71.10
75.70,75.70,1.14,85.14,71.20
78.16,78.16,7.23,82.51,69.43
80.07,80.07,12.66,84.40,68.63
80.85,80.85,14.39,82.99,70.08
80.97,80.97,13.41,82.61,71.05
80.02,80.02,9.81,83.97,71.17
80.06,80.06,2.70,83.68,70.73
79.76,79.76,0.19,80.74,71.20
76.24,76.24,-0.00,84.66,71.24
73.45,73.45,-0.00,84.34,71.82
73.22,73.22,0.76,81.64,71.30
72.47,72.47,3.28,84.35,67.17
75.00,75.00,4.73,83.40,67.73
74.34,74.34,2.47,81.27,68.32
73.43,73.43,4.99,83.57,68.56
74.38,74.38,3.85,83.65,68.73
77.30,77.30,2.22,80.81,69.48
76.10,76.10,3.18,82.79,67.63
73.72,73.72,1.34,81.33,68.07
73.29,73.29,-0.00,81.55,68.56
72.68,72.68,0.00,83.51,67.17
73.19,73.19,2.22,83.09,68.53
73.40,73.40,0.84,80.44,70.15
72.32,72.32,-0.00,83.94,68.36
70.68,70.68,-0.00,81.49,71.65
74.64,74.64,0.02,82.17,71.56
75.25,75.25,2.57,83.80,70.20
77.18,77.18,3.78,82.76,72.41
75.22,75.22,1.91,79.57,75.31
73.48,73.48,-0.00,83.67,74.67
73.84,73.84,0.00,79.46,76.20
71.39,71.39,0.10,82.13,73.80
70.60,70.60,5.19,82.47,73.33
72.12,72.12,10.94,79.72,72.01
72.72,72.72,11.20,80.42,70.37
71.13,71.13,8.67,82.19,70.22
68.77,68.77,9.56,82.37,69.11
69.45,69.45,10.82,79.54,70.31
68.28,68.28,14.68,82.00,71.74
62.01,62.01,14.66,78.53,71.47
63.89,63.89,14.52,80.17,69.51
62.88,62.88,14.36,81.48,71.60
58.74,58.74,17.54,80.11,70.57
58.23,58.23,22.23,80.09,68.20
55.53,55.53,25.81,81.86,70.27
54.99,54.99,27.95,78.90,68.64
56.16,56.16,28.19,79.98,69.91
56.84,56.84,23.56,80.76,68.21
58.75,58.75,18.74,79.83,66.47
57.38,57.38,15.96,79.36,65.74
56.31,56.31,15.09,81.27,67.33
57.74,57.74,14.95,78.12,68.93
61.20,61.20,11.19,79.88,67.79
66.78,66.78,10.04,80.54,70.10
73.67,73.67,6.37,77.22,67.31
76.45,76.45,5.58,79.40,70.58
77.35,77.35,7.08,76.87,72.21
79.26,79.26,14.75,79.65,69.08
77.01,77.01,18.22,80.67,70.63
71.53,71.53,13.83,77.91,67.99
68.05,68.05,14.09,78.85,69.98
65.03,65.03,13.27,80.03,69.11
64.09,64.09,12.57,78.70,68.62
67.03,67.03,8.22,76.91,70.75
71.24,71.24,2.19,79.12,70.81
75.11,75.11,0.80,78.94,68.45
77.03,77.03,7.95,76.91,68.13
76.79,76.79,17.13,79.28,67.07
76.36,76.36,20.26,77.51,69.48
73.01,73.01,23.57,76.85,67.47
61.20,61.20,21.82,79.90,68.32
63.13,63.13,23.29,78.25,66.86
63.70,63.70,22.41,75.94,68.35
62.28,62.28,20.25,76.29,66.35
66.21,66.21,16.76,67.89,65.20
73.61,73.61,11.39,52.13,70.61
77.11,77.11,9.72,35.22,76.07
78.73,78.73,4.97,49.09,74.26
76.49,76.49,1.74,43.12,74.10
77.56,77.56,6.45,44.84,72.24
77.37,77.37,15.36,45.44,73.26
78.38,78.38,25.44,43.91,72.70
73.32,73.32,27.31,40.43,74.27
71.77,71.77,31.26,40.41,74.07
73.48,73.48,31.61,41.49,74.52
74.54,74.54,31.72,38.00,74.76
71.25,71.25,27.98,26.08,72.66
76.10,76.10,13.88,35.04,68.91
78.19,78.19,18.22,35.42,70.78
75.05,75.05,23.85,38.51,71.90
74.29,74.29,22.85,41.50,71.31
72.84,72.84,16.19,35.21,73.17
75.45,75.45,20.34,34.82,72.02
77.11,77.11,27.15,36.32,73.14
77.44,77.44,28.62,34.06,73.87
76.43,76.43,29.72,30.40,74.71
76.73,76.73,30.27,30.66,74.81
75.42,75.42,35.20,28.07,73.27
75.09,75.09,36.87,26.49,73.82
76.47,76.47,23.41,28.58,72.74
78.81,78.81,20.61,26.82,72.86
78.54,78.54,27.64,16.61,71.14
81.20,81.20,31.98,28.80,72.16
78.50,78.50,27.89,26.41,72.77
76.79,76.79,26.03,19.67,72.85
77.02,77.02,30.35,23.00,72.17
71.64,71.64,35.42,24.79,71.06
73.51,73.51,34.56,30.93,71.27
73.83,73.83,32.32,21.34,69.49
77.62,77.62,27.93,22.09,72.07
76.67,76.67,22.93,22.12,71.02
73.92,73.92,19.64,24.97,71.03
76.34,76.34,26.82,22.85,70.10
72.23,72.23,30.57,34.36,69.73
72.25,72.25,36.46,38.72,72.34
73.63,73.63,36.49,36.96,74.05
73.60,73.60,23.75,33.03,71.90
73.20,73.20,32.26,30.90,70.79
69.90,69.90,27.57,23.15,72.09
68.88,68.88,25.30,25.59,71.74
70.63,70.63,26.61,18.47,72.07
74.11,74.11,27.61,24.79,75.85
78.11,78.11,25.76,25.86,76.89
77.47,77.47,34.95,34.75,74.51
75.60,75.60,41.35,24.97,74.47
77.07,77.07,29.12,25.94,74.26
76.65,76.65,29.89,26.62,73.43
76.03,76.03,24.03,29.01,73.15
75.14,75.14,28.71,29.87,72.75
73.24,73.24,35.19,36.21,73.54
73.26,73.26,36.95,17.75,72.34
76.04,76.04,36.73,29.14,73.98
73.93,73.93,32.37,29.77,73.73
72.06,72.06,29.97,31.41,74.23
72.31,72.31,29.15,31.90,71.68
74.22,74.22,33.18,35.09,71.99
72.05,72.05,37.76,28.96,72.19
65.25,65.25,37.93,27.66,71.15
62.50,62.50,39.58,26.08,73.92
63.91,63.91,26.76,23.20,74.26
64.94,64.94,27.81,30.75,74.86
65.34,65.34,30.61,35.13,74.03
68.45,68.45,36.10,30.90,74.56
72.46,72.46,36.38,27.76,75.43
73.87,73.87,32.35,35.63,72.99
73.18,73.18,30.48,37.23,73.16
72.71,72.71,29.89,33.25,72.75
72.55,72.55,31.27,33.03,72.62
72.45,72.45,41.26,32.83,71.91
73.54,73.54,39.69,33.10,69.04
74.01,74.01,36.29,35.60,70.07
74.63,74.63,31.69,23.94,67.69
74.66,74.66,35.66,23.41,68.50
78.06,78.06,39.08,24.93,68.44
78.13,78.13,28.21,27.62,68.59
77.25,77.25,25.27,28.06,67.69
78.13,78.13,34.77,30.77,67.23
79.22,79.22,31.43,30.24,69.26
78.54,78.54,38.94,32.35,69.19
71.20,71.20,33.10,34.20,69.07
71.87,71.87,34.34,30.83,69.62
71.34,71.34,38.19,36.50,68.72
66.68,66.68,39.93,17.96,70.59
63.46,63.46,33.20,18.19,69.28
64.00,64.00,32.34,22.35,67.51
67.66,67.66,30.67,10.44,66.30
74.61,74.61,25.88,18.64,70.36
77.82,77.82,30.41,21.86,74.59
79.98,79.98,37.79,17.58,73.84
79.85,79.85,39.26,31.47,71.04
81.38,81.38,32.11,32.77,70.92
82.35,82.35,31.10,20.80,71.98
78.18,78.18,31.49,21.71,72.70
79.04,79.04,23.50,15.09,72.57
79.22,79.22,35.00,19.26,72.02
79.26,79.26,39.91,20.45,71.43
78.77,78.77,29.48,20.66,72.86
79.44,79.44,38.50,17.79,72.93
81.82,81.82,40.49,19.03,71.70
78.54,78.54,44.63,16.53,72.60
76.86,76.86,38.08,17.18,71.19
72.95,72.95,38.68,22.21,69.54
72.15,72.15,48.80,25.01,68.99
76.19,76.19,44.12,22.13,69.11
74.71,74.71,43.03,11.70,68.15
69.74,69.74,33.69,15.48,68.21
68.08,68.08,36.40,18.26,65.91
75.22,75.22,42.37,18.95,68.75
77.28,77.28,33.01,14.41,67.47
76.02,76.02,42.81,11.96,70.10
73.71,73.71,37.55,4.41,69.22
71.41,71.41,45.12,8.03,66.72
72.84,72.84,45.62,12.17,62.88
74.74,74.74,43.14,17.25,63.61
74.08,74.08,38.00,5.42,66.52
71.12,71.12,44.25,2.79,68.51
74.92,74.92,43.41,7.72,66.52
76.50,76.50,37.09,13.06,63.11
76.00,76.00,39.51,17.28,64.26
74.21,74.21,44.70,25.08,64.07
75.52,75.52,40.18,22.12,63.15
73.72,73.72,37.04,16.50,64.16
75.91,75.91,40.04,8.15,64.86
74.66,74.66,35.16,3.69,65.05
72.60,72.60,43.76,17.03,66.62
72.62,72.62,42.86,22.88,66.55
72.68,72.68,42.06,12.03,66.47
70.12,70.12,41.87,6.11,66.20
70.04,70.04,43.66,12.29,65.56
77.81,77.81,45.42,15.06,65.93
75.91,75.91,42.91,14.76,66.20
77.98,77.98,44.26,15.16,68.68
78.94,78.94,44.51,14.99,70.13
80.59,80.59,42.09,14.56,72.09
81.61,81.61,44.35,16.58,70.34
81.16,81.16,40.51,18.89,67.14
83.24,83.24,36.39,16.69,61.06
80.73,80.73,41.16,13.52,59.90
81.25,81.25,35.98,9.20,62.70
81.35,81.35,37.75,13.14,59.85
83.34,83.34,38.11,17.44,60.91
83.80,83.80,43.59,13.23,59.64
80.66,80.66,35.72,21.35,59.63
82.92,82.92,36.16,24.40,60.99
81.80,81.80,34.72,22.79,57.24
81.31,81.31,40.83,21.93,56.44
78.93,78.93,36.46,21.61,58.66
80.99,80.99,32.03,21.13,56.68
76.91,76.91,36.49,15.48,55.33
76.41,76.41,39.25,16.14,52.24
75.06,75.06,35.54,13.06,49.27
70.90,70.90,46.25,14.90,48.00
70.15,70.15,44.05,18.93,45.33
65.32,65.32,41.96,18.23,45.27
62.67,62.67,48.59,20.60,44.92
63.45,63.45,49.14,20.06,42.04
62.12,62.12,51.08,22.28,42.71
62.87,62.87,49.77,21.13,43.67
61.22,61.22,47.39,25.66,40.69
57.92,57.92,49.42,22.06,42.83
59.07,59.07,51.43,25.23,44.44
60.03,60.03,52.21,27.29,43.98
57.79,57.79,52.73,26.77,45.02
56.96,56.96,54.63,21.57,43.82
57.19,57.19,53.74,25.71,42.99
58.15,58.15,51.54,20.98,40.01
55.79,55.79,52.01,16.79,40.37
52.86,52.86,54.13,24.26,41.68
55.11,55.11,52.80,21.29,41.70
54.85,54.85,51.49,23.64,40.73
56.77,56.77,50.55,26.09,43.02
54.66,54.66,48.24,26.12,44.58
51.21,51.21,49.04,27.12,45.66
52.38,52.38,48.41,24.12,52.64
52.47,52.47,43.42,25.77,62.94
50.06,50.06,41.09,32.68,66.28
54.13,54.13,35.16,39.61,65.85
58.69,58.69,17.96,44.53,63.81
68.14,68.14,3.93,73.51,63.65
79.26,79.26,0.66,86.68,72.13
77.87,77.87,-0.00,84.37,74.44
78.21,78.21,-0.00,84.68,73.94
79.37,79.37,-0.00,84.66,73.52
79.87,79.87,0.13,86.02,71.76
67.30,67.30,2.15,83.47,71.19
61.50,61.50,4.31,83.31,70.93
61.42,61.42,9.28,84.79,70.04
61.02,61.02,9.52,84.28,72.18
60.06,60.06,10.26,82.64,71.73
65.93,65.93,11.43,82.94,71.98
69.01,69.01,1.07,84.77,70.61
70.96,70.96,-0.00,84.18,68.82
73.77,73.77,-0.00,84.05,66.19
74.77,74.77,1.70,82.23,65.52
74.73,74.73,8.98,82.85,65.87
77.21,77.21,17.67,85.11,65.05
74.60,74.60,21.68,83.05,63.33
74.76,74.76,21.79,82.60,63.03
71.07,71.07,18.26,82.59,66.11
69.50,69.50,12.23,82.99,65.56
73.61,73.61,6.46,84.34,66.94
75.88,75.88,1.41,83.05,65.90
73.56,73.56,0.62,82.89,65.31
76.04,76.04,0.72,81.67,67.86
77.12,77.12,5.81,82.13,69.71
76.91,76.91,16.29,83.99,67.68
76.09,76.09,18.16,81.32,67.49
76.06,76.06,18.34,82.41,67.71
77.44,77.44,16.22,80.70,65.28
75.43,75.43,10.03,81.81,66.20
73.69,73.69,7.60,83.58,65.68
73.55,73.55,3.48,81.78,67.71
74.00,74.00,1.18,81.71,68.01
76.04,76.04,1.11,81.71,68.38
74.05,74.05,5.01,81.31,66.37
75.93,75.93,9.35,82.12,66.57
79.25,79.25,16.61,80.59,68.62
80.13,80.13,15.62,81.06,68.24
80.05,80.05,19.49,81.62,68.91
79.14,79.14,19.41,79.68,67.55
78.37,78.37,15.91,81.68,68.18
77.73,77.73,8.69,79.46,68.23
77.60,77.60,7.91,79.05,72.19
77.39,77.39,3.46,82.36,73.55
74.99,74.99,-0.00,80.77,74.38
73.21,73.21,0.01,79.64,73.02
74.19,74.19,1.66,79.58,71.35
75.68,75.68,4.20,79.90,70.39
74.96,74.96,2.37,81.11,69.86
74.41,74.41,6.77,81.99,70.00
72.47,72.47,6.72,80.12,69.10
71.69,71.69,5.82,80.11,69.79
74.58,74.58,8.62,79.51,69.35
74.26,74.26,8.60,81.35,70.16
78.59,78.59,14.00,79.92,68.69
78.43,78.43,14.89,78.62,68.67
79.09,79.09,14.84,79.65,67.45
79.51,79.51,16.13,79.91,66.10
77.87,77.87,16.41,81.24,67.03
79.04,79.04,14.60,80.42,69.74
79.27,79.27,13.31,78.82,68.93
73.79,73.79,13.16,78.80,67.12
68.43,68.43,17.91,80.37,68.07
71.90,71.90,20.82,78.03,69.82
71.80,71.80,15.83,79.56,69.75
69.60,69.60,9.87,77.96,70.56
73.76,73.76,10.21,78.64,68.05
80.94,80.94,8.71,80.36,66.60
83.32,83.32,3.88,78.17,67.91
83.96,83.96,0.73,78.17,65.54
82.12,82.12,1.09,78.25,66.79
79.89,79.89,3.35,77.23,66.70
83.03,83.03,5.11,77.78,69.22
83.88,83.88,3.41,79.63,68.35
81.21,81.21,3.66,76.51,66.81
80.66,80.66,2.57,77.30,67.12
80.53,80.53,2.11,78.74,66.96
77.99,77.99,9.64,79.29,69.25
74.63,74.63,16.78,76.15,63.97
71.73,71.73,17.28,76.46,66.10
71.67,71.67,25.73,76.14,68.07
71.05,71.05,28.19,76.53,67.92
70.44,70.44,29.85,78.36,68.79
70.88,70.88,33.67,75.93,67.51
71.13,71.13,36.02,76.31,66.78
70.88,70.88,35.97,76.74,67.10
70.22,70.22,33.28,76.07,63.98
70.12,70.12,32.80,77.47,65.36
70.71,70.71,32.04,76.09,67.12
70.12,70.12,32.10,75.95,66.98
74.64,74.64,28.44,78.77,68.29
78.30,78.30,33.43,75.01,69.60
83.72,83.72,31.96,77.52,68.45
82.17,82.17,24.37,76.05,68.99
82.22,82.22,22.44,75.98,67.64
84.77,84.77,22.37,76.89,67.69
82.91,82.91,20.69,76.69,69.67
81.22,81.22,15.94,75.97,68.08
79.80,79.80,19.24,75.43,68.55
81.17,81.17,15.27,75.63,65.98
83.86,83.86,12.36,74.50,67.56
82.67,82.67,12.55,77.44,68.01
82.15,82.15,13.52,77.40,67.39
80.19,80.19,21.34,75.70,67.18
78.57,78.57,30.21,74.93,66.53
79.86,79.86,32.83,76.82,67.16
79.16,79.16,29.28,75.88,66.72
79.22,79.22,25.16,73.91,65.93
78.54,78.54,23.81,74.78,66.49
80.02,80.02,17.14,75.03,66.71
77.03,77.03,18.93,75.52,65.73
76.28,76.28,21.89,75.88,65.71
76.72,76.72,24.10,74.20,67.70
78.55,78.55,26.44,74.19,67.42
78.91,78.91,30.23,76.02,66.94
76.87,76.87,29.00,76.29,66.95
75.43,75.43,24.33,74.16,67.12
72.83,72.83,31.36,72.86,67.29
74.05,74.05,29.65,75.30,64.94
75.88,75.88,31.25,74.56,67.02
76.72,76.72,31.48,76.07,69.13
76.42,76.42,34.61,72.75,68.55
74.39,74.39,35.27,73.73,67.75
71.68,71.68,33.16,75.18,67.77
68.79,68.79,33.79,74.96,65.47
65.16,65.16,30.54,74.14,66.93
68.98,68.98,24.87,74.16,65.90
69.52,69.52,29.26,73.01,65.69
73.43,73.43,30.40,73.99,66.01
71.69,71.69,27.50,74.23,65.88
72.07,72.07,25.83,71.48,64.74
68.49,68.49,24.42,73.17,65.20
71.01,71.01,23.80,73.01,65.34
72.93,72.93,22.16,76.10,64.16
73.00,73.00,27.12,74.77,63.13
75.57,75.57,30.89,71.73,65.60
76.96,76.96,28.71,73.27,69.17
75.38,75.38,27.69,74.45,72.06
76.49,76.49,32.27,73.14,72.27
74.63,74.63,31.46,73.16,70.67
74.55,74.55,30.41,74.80,70.67
75.46,75.46,32.01,72.96,69.71
68.35,68.35,33.26,72.50,69.55
64.59,64.59,31.05,72.46,68.44
60.52,60.52,26.87,74.97,69.30
60.13,60.13,33.10,72.68,70.04
62.43,62.43,38.34,70.89,69.41
67.07,67.07,42.09,72.22,70.38
71.80,71.80,43.77,73.16,70.56
68.90,68.90,43.47,70.07,67.92
67.02,67.02,38.06,71.59,67.18
71.52,71.52,30.03,72.07,67.43
74.35,74.35,25.35,73.23,64.88
74.60,74.60,22.43,66.26,62.84
75.07,75.07,19.90,70.93,65.03
74.92,74.92,10.19,70.06,66.27
71.79,71.79,9.42,73.29,66.00
71.66,71.66,9.59,72.97,67.55
74.58,74.58,15.19,69.51,70.99
77.65,77.65,20.23,71.60,70.09
74.49,74.49,24.82,73.62,69.89
70.43,70.43,25.12,70.20,71.64
69.37,69.37,27.34,71.52,70.60
71.73,71.73,32.30,70.98,71.89
75.96,75.96,32.70,72.49,70.37
74.57,74.57,30.14,70.18,71.83
70.79,70.79,25.00,70.13,71.32
72.51,72.51,20.26,70.59,69.50
70.46,70.46,20.58,72.89,68.93
71.02,71.02,28.16,69.99,69.04
72.80,72.80,34.61,69.61,68.84
78.10,78.10,36.60,70.58,66.48
79.41,79.41,33.93,70.27,64.57
82.60,82.60,23.77,68.93,63.10
81.93,81.93,32.52,70.12,66.33
82.33,82.33,33.71,68.75,65.36
81.93,81.93,35.76,67.69,65.81
81.29,81.29,27.30,70.52,64.24
81.64,81.64,27.58,69.96,63.31
80.64,80.64,28.50,64.14,64.50
79.83,79.83,24.60,42.49,63.17
79.65,79.65,23.56,39.72,63.38
79.01,79.01,25.12,33.78,60.38
78.59,78.59,19.76,34.38,60.71
78.50,78.50,23.25,29.72,60.48
70.26,70.26,32.32,35.75,63.09
68.80,68.80,33.60,32.85,64.59
67.66,67.66,36.93,30.78,65.01
64.81,64.81,40.43,31.60,67.50
64.42,64.42,37.96,26.66,67.41
62.47,62.47,35.02,20.54,66.95
65.57,65.57,36.50,25.07,68.15
74.53,74.53,41.44,31.91,65.01
81.56,81.56,38.96,28.74,64.89
80.06,80.06,31.63,24.44,67.43
80.62,80.62,33.80,22.26,67.89
83.62,83.62,42.19,31.03,66.63
81.00,81.00,43.55,29.96,63.52
77.50,77.50,40.68,25.98,63.32
74.66,74.66,35.45,23.49,64.31
78.76,78.76,42.19,21.94,65.83
81.20,81.20,43.98,27.06,65.35
80.68,80.68,38.44,26.63,65.52
77.19,77.19,41.56,24.86,61.85
75.27,75.27,35.97,23.42,60.34
80.17,80.17,36.70,24.08,60.59
82.93,82.93,40.01,22.50,60.80
80.56,80.56,33.10,24.62,62.56
79.80,79.80,38.32,25.04,62.22
83.35,83.35,40.21,23.37,60.96
81.72,81.72,41.95,26.95,63.15
78.93,78.93,41.48,23.09,61.73
81.51,81.51,42.40,18.89,61.57
81.61,81.61,40.94,13.54,62.87
79.70,79.70,35.24,12.29,65.62
79.93,79.93,39.10,13.32,66.02
77.14,77.14,42.67,8.81,66.04
77.00,77.00,38.06,11.07,66.75
79.56,79.56,37.30,10.73,65.42
79.66,79.66,36.62,11.60,66.59
77.50,77.50,38.51,13.00,68.90
79.96,79.96,40.36,12.70,69.49
79.52,79.52,38.44,6.94,67.97
80.64,80.64,30.77,8.59,69.28
77.25,77.25,40.82,8.26,66.77
75.52,75.52,40.31,9.49,67.41
78.96,78.96,36.07,12.30,66.03
80.92,80.92,37.67,11.61,63.68
78.60,78.60,39.08,11.32,63.23
74.63,74.63,37.38,6.75,64.12
75.09,75.09,38.89,7.76,64.14
78.93,78.93,38.18,8.15,67.82
79.21,79.21,32.14,12.38,70.72
76.89,76.89,36.35,14.29,70.45
73.86,73.86,30.27,8.85,69.60
76.28,76.28,34.97,15.29,69.50
79.33,79.33,40.82,11.71,69.11
75.35,75.35,39.59,17.35,69.14
76.88,76.88,38.09,24.45,68.27
76.31,76.31,33.67,20.68,68.15
75.99,75.99,36.11,9.25,68.88
75.13,75.13,36.02,13.53,66.83
75.99,75.99,36.75,11.66,66.87
77.20,77.20,39.83,7.88,65.25
76.54,76.54,42.70,13.33,65.25
75.23,75.23,36.88,7.78,66.56
74.06,74.06,37.81,12.23,67.25
72.18,72.18,38.33,10.55,64.66
74.07,74.07,43.09,19.46,62.54
76.08,76.08,42.53,11.90,62.66
74.68,74.68,32.02,11.68,65.14
73.56,73.56,36.27,12.85,62.70
74.44,74.44,40.89,15.62,65.13
71.61,71.61,38.01,15.47,65.56
71.70,71.70,38.43,17.66,65.00
71.14,71.14,40.49,16.69,66.06
73.43,73.43,34.29,11.10,68.76
73.28,73.28,34.79,8.36,68.58
73.24,73.24,36.25,11.85,67.17
75.42,75.42,30.75,16.61,66.94
76.78,76.78,36.41,17.92,68.33
72.32,72.32,40.05,19.19,68.09
74.10,74.10,34.53,14.46,66.02
74.98,74.98,40.86,18.71,66.87
74.28,74.28,39.77,20.18,65.80
72.85,72.85,41.67,13.92,65.16
70.77,70.77,34.48,17.52,64.67
71.27,71.27,39.06,19.82,66.43
71.79,71.79,39.79,19.92,68.03
69.87,69.87,38.82,17.71,67.19
69.74,69.74,33.93,12.62,68.55
71.61,71.61,35.07,11.26,69.32
71.81,71.81,39.07,16.01,69.31
71.13,71.13,43.95,15.17,68.18
68.73,68.73,39.96,15.39,68.05
68.57,68.57,40.36,17.45,65.93
67.97,67.97,41.01,14.15,64.62
69.04,69.04,42.56,16.78,64.95
65.45,65.45,40.37,20.51,66.48
66.48,66.48,41.46,23.93,67.06
66.86,66.86,38.25,21.96,67.10
68.24,68.24,31.33,19.22,65.85
65.31,65.31,35.63,21.03,66.46
61.37,61.37,35.91,15.60,66.19
60.34,60.34,38.92,23.47,65.61
62.51,62.51,32.30,19.87,68.01
65.34,65.34,36.29,20.51,66.42
71.13,71.13,36.82,17.12,67.73
70.16,70.16,32.92,19.11,66.59
71.43,71.43,33.53,21.60,67.89
71.58,71.58,32.55,22.94,67.26
71.37,71.37,40.36,23.88,64.59
70.83,70.83,43.09,29.21,58.40
70.67,70.67,42.26,26.59,52.50
69.78,69.78,42.97,24.87,46.05
68.56,68.56,43.97,24.60,47.25
66.40,66.40,48.24,27.81,48.44
62.25,62.25,49.92,31.26,47.18
62.87,62.87,47.33,30.93,45.93
64.94,64.94,48.35,27.70,43.61
64.49,64.49,48.75,30.99,43.54
67.75,67.75,44.99,28.30,44.06
66.18,66.18,49.34,32.00,41.51
66.06,66.06,48.24,32.43,39.88
65.75,65.75,47.32,33.23,42.89
67.01,67.01,46.67,33.97,45.23
65.74,65.74,47.50,32.44,46.82
67.86,67.86,42.59,37.25,49.08
68.45,68.45,44.95,33.93,47.94
66.00,66.00,44.64,32.68,47.95
66.97,66.97,41.86,33.73,46.52
64.23,64.23,44.97,32.37,42.95
65.13,65.13,46.25,33.47,40.32
64.86,64.86,48.67,28.01,39.68
68.57,68.57,46.73,27.21,36.77
67.21,67.21,52.60,24.75,33.96
66.83,66.83,61.11,15.58,31.41
71.37,71.37,69.68,17.89,32.10
77.91,77.91,74.71,9.52,34.47
79.71,79.71,69.05,3.18,34.85
78.31,78.31,63.09,7.31,35.61
78.09,78.09,59.77,18.81,37.41
77.07,77.07,56.38,25.97,38.07
77.32,77.32,53.20,31.49,38.81
78.56,78.56,46.58,25.26,36.39
77.30,77.30,51.40,30.24,44.33
77.51,77.51,44.24,30.56,34.64
77.63,77.63,41.48,30.92,31.54
76.03,76.03,52.95,31.32,34.08
74.65,74.65,50.24,24.52,34.78
76.02,76.02,47.73,27.32,33.14
76.66,76.66,49.88,29.12,29.05
75.76,75.76,45.59,27.00,31.47
76.79,76.79,42.21,21.29,35.09
73.79,73.79,43.60,25.64,34.34
71.81,71.81,42.86,23.95,38.60
71.85,71.85,52.16,27.64,46.05
72.93,72.93,46.47,26.24,33.82
71.98,71.98,54.65,28.07,39.05
69.64,69.64,55.01,28.05,30.11
66.15,66.15,40.80,28.83,30.81
65.96,65.96,39.43,25.98,25.56
71.26,71.26,37.38,24.01,25.37
75.02,75.02,33.98,20.99,31.91
77.31,77.31,34.86,22.52,32.24
77.17,77.17,33.83,21.65,31.93
76.89,76.89,30.87,13.53,31.62
77.48,77.48,29.85,21.49,29.57
78.45,78.45,30.72,24.50,30.01
77.14,77.14,33.01,24.47,30.88
77.64,77.64,36.76,23.06,29.69
77.80,77.80,30.03,26.15,32.30
73.60,73.60,39.83,28.16,34.30
77.62,77.62,36.44,24.28,31.62
77.62,77.62,31.34,21.88,27.47
78.34,78.34,37.34,14.95,31.72
77.72,77.72,37.33,15.19,34.97
76.97,76.97,34.75,19.35,36.39
77.03,77.03,33.60,6.81,36.48
76.45,76.45,33.05,8.61,43.05
75.71,75.71,44.20,18.70,52.13
67.46,67.46,55.73,24.99,60.41
67.45,67.45,57.64,35.27,68.10
59.24,59.24,68.17,50.81,71.26
64.98,64.98,81.90,51.87,69.71
62.86,62.86,90.58,53.89,71.68
62.93,62.93,88.18,46.59,75.71
64.76,64.76,84.09,45.68,74.82
76.94,76.94,89.28,52.31,77.05
79.66,79.66,84.87,50.21,76.06
77.67,77.67,83.27,53.76,75.30
77.01,77.01,88.34,59.66,75.67
76.59,76.59,85.84,57.78,74.22
77.12,77.12,85.97,55.72,73.46
77.05,77.05,85.12,61.49,72.60
77.64,77.64,82.75,65.64,73.04
79.56,79.56,83.35,69.27,75.08
78.17,78.17,81.00,73.13,72.21
78.27,78.27,78.89,73.60,72.42
79.48,79.48,76.99,74.08,71.17
77.62,77.62,73.78,71.39,72.22
78.64,78.64,63.31,52.17,71.30
79.82,79.82,56.55,55.14,72.23
80.37,80.37,59.07,50.29,71.00
80.25,80.25,63.23,51.04,71.91
80.58,80.58,68.62,47.90,72.34
79.87,79.87,64.80,41.25,73.04
75.74,75.74,57.76,38.65,73.04
69.53,69.53,56.05,33.44,73.50
66.51,66.51,53.52,38.94,71.64
70.22,70.22,49.32,33.59,73.56
70.79,70.79,46.19,46.18,73.99
70.19,70.19,49.31,55.47,73.74
71.81,71.81,50.70,60.88,71.62
70.79,70.79,56.83,64.08,71.91
74.86,74.86,62.83,68.99,72.93
70.86,70.86,82.49,79.20,71.95
67.03,67.03,87.71,82.74,73.62
68.04,68.04,82.21,73.68,75.15
70.33,70.33,86.37,70.05,74.22
69.26,69.26,87.05,78.84,72.47
71.81,71.81,87.78,78.96,72.95
67.26,67.26,83.58,76.25,73.51
66.10,66.10,82.51,71.50,73.76
62.37,62.37,81.51,73.06,72.67
61.74,61.74,79.39,80.17,72.01
64.95,64.95,84.05,81.12,72.24
64.75,64.75,78.15,78.59,70.80
64.54,64.54,80.71,80.63,70.87
70.89,70.89,73.37,81.59,71.95
71.30,71.30,76.96,80.27,76.52
70.12,70.12,74.48,77.12,77.97
69.78,69.78,73.97,65.61,77.55
68.86,68.86,63.78,59.64,76.99
71.96,71.96,57.48,51.40,75.64
70.52,70.52,52.04,38.12,75.66
71.79,71.79,42.84,29.96,75.14
67.72,67.72,51.67,33.96,74.33
67.91,67.91,51.66,32.67,73.95
69.29,69.29,48.42,23.59,74.77
71.10,71.10,49.91,26.29,74.04
71.66,71.66,52.70,35.92,73.93
69.08,69.08,52.85,39.40,74.35
67.55,67.55,49.69,29.79,72.94
67.77,67.77,52.32,38.88,72.33
67.97,67.97,58.06,37.83,72.54
68.57,68.57,45.35,35.20,70.89
70.68,70.68,47.76,35.73,72.30
72.62,72.62,47.83,37.68,71.06
67.57,67.57,47.96,37.43,74.67
63.88,63.88,52.36,41.63,72.30
67.94,67.94,59.70,36.98,72.25
68.63,68.63,67.22,27.90,72.56
70.33,70.33,67.54,26.88,72.75
72.12,72.12,61.65,26.90,73.34
77.86,77.86,61.14,22.92,73.90
72.59,72.59,57.44,28.27,74.28
73.11,73.11,57.73,18.13,73.55
73.51,73.51,57.37,13.06,74.52
73.38,73.38,59.20,23.90,73.39
69.77,69.77,59.07,33.53,74.37
69.08,69.08,61.93,24.08,75.23
66.66,66.66,65.46,29.05,74.04
68.39,68.39,72.64,32.31,74.58
69.07,69.07,74.18,26.77,75.41
68.17,68.17,70.20,36.53,74.03
68.46,68.46,68.15,37.39,73.24
65.63,65.63,65.32,35.60,72.76
63.10,63.10,64.89,33.39,71.68
61.93,61.93,60.01,35.88,74.94
58.16,58.16,57.34,35.67,72.61
61.42,61.42,54.68,36.13,74.34
61.62,61.62,57.52,38.39,75.07
58.64,58.64,54.64,36.29,73.88
58.87,58.87,57.45,39.70,75.23
54.71,54.71,55.01,34.12,77.14
58.04,58.04,50.43,42.08,74.20
59.80,59.80,50.44,39.44,78.10
59.44,59.44,48.47,33.45,77.35
53.22,53.22,49.29,41.98,79.21
64.00,64.00,43.80,29.66,76.21
63.41,63.41,46.82,28.10,78.80
60.72,60.72,42.13,29.93,77.65
63.42,63.42,44.62,35.32,78.88
65.12,65.12,45.41,43.74,76.31
71.14,71.14,49.37,52.06,77.65
74.18,74.18,59.12,55.94,75.51
77.19,77.19,64.19,76.80,74.73
74.44,74.44,68.34,89.50,74.69
74.39,74.39,70.70,86.04,73.08
73.57,73.57,73.26,87.16,74.03
71.30,71.30,74.40,83.71,73.30
64.98,64.98,77.56,85.30,75.82
65.30,65.30,73.77,84.00,73.91
63.48,63.48,70.41,85.52,73.53
65.67,65.67,62.40,83.30,73.19
63.66,63.66,70.33,85.35,75.06
65.09,65.09,70.45,81.58,73.19
71.90,71.90,82.52,83.57,72.79
77.50,77.50,83.39,79.52,71.82
75.14,75.14,82.57,80.59,74.39
78.16,78.16,76.42,66.20,73.84
80.28,80.28,80.68,80.29,73.84
80.86,80.86,79.57,84.97,74.65
76.50,76.50,79.27,89.74,74.26
76.16,76.16,76.19,86.58,75.11
77.14,77.14,77.27,88.24,74.11
77.93,77.93,68.89,82.73,74.41
78.02,78.02,72.20,83.87,72.80
74.15,74.15,73.57,82.16,72.49
75.12,75.12,66.50,83.64,71.64
79.78,79.78,75.68,84.18,71.03
79.97,79.97,73.91,87.63,74.90
79.38,79.38,72.19,87.08,72.94
77.60,77.60,70.85,86.97,72.85
77.05,77.05,71.74,85.74,71.43
76.92,76.92,72.79,87.49,71.80
76.42,76.42,74.45,84.91,72.87
77.55,77.55,69.11,87.75,71.69
78.49,78.49,71.26,86.82,71.76
77.53,77.53,74.86,85.93,70.33
75.91,75.91,79.87,84.83,71.00
74.96,74.96,79.41,87.42,72.99
75.15,75.15,78.88,84.52,75.22
77.32,77.32,76.34,87.09,73.27
75.98,75.98,73.02,86.26,73.41
67.43,67.43,75.46,86.57,71.37
66.98,66.98,73.39,87.49,72.24
62.37,62.37,75.36,85.13,69.97
63.03,63.03,75.50,85.17,70.91
62.15,62.15,70.36,87.23,71.74
66.27,66.27,72.74,87.14,71.62
70.67,70.67,73.48,85.09,74.59
76.82,76.82,70.67,87.45,72.33
73.32,73.32,69.22,85.60,67.29
74.24,74.24,72.88,85.60,71.72
75.15,75.15,69.66,87.29,72.22
78.45,78.45,72.97,87.30,72.17
75.56,75.56,73.20,85.01,70.74
73.61,73.61,68.08,87.25,70.08
75.61,75.61,68.68,86.00,71.40
77.06,77.06,70.78,87.40,70.65
74.11,74.11,68.12,85.32,70.47
72.86,72.86,73.43,87.70,70.03
75.49,75.49,71.43,84.71,71.33
71.36,71.36,71.67,85.52,68.55
69.12,69.12,70.46,86.44,71.91
68.90,68.90,67.88,87.43,71.82
72.32,72.32,62.65,84.46,73.11
71.51,71.51,62.11,86.20,73.19
69.80,69.80,60.98,82.56,74.10
70.69,70.69,60.09,84.59,69.78
71.26,71.26,60.05,83.02,72.68
72.53,72.53,57.56,84.48,73.86
70.65,70.65,60.71,81.33,72.77
66.38,66.38,62.09,83.36,72.74
67.25,67.25,66.05,78.97,70.89
68.84,68.84,61.67,79.63,69.86
74.08,74.08,59.33,80.32,71.03
73.73,73.73,55.97,81.45,72.94
76.26,76.26,57.72,77.83,74.04
79.48,79.48,58.23,78.83,72.08
77.69,77.69,57.27,75.01,72.16
76.88,76.88,56.58,77.07,72.79
77.53,77.53,53.58,74.53,71.43
77.06,77.06,56.77,72.30,72.01
77.01,77.01,62.97,71.37,70.64
75.53,75.53,69.07,68.67,73.48
77.52,77.52,74.35,86.87,72.90
79.55,79.55,68.55,84.20,75.80
77.86,77.86,72.67,80.88,78.82
79.75,79.75,78.48,86.52,75.98
79.54,79.54,78.27,84.76,77.39
82.01,82.01,75.61,85.89,75.87
82.50,82.50,77.91,84.04,75.51
83.57,83.57,78.70,86.72,74.84
73.17,73.17,74.49,85.23,73.89
68.43,68.43,77.89,85.87,73.92
65.38,65.38,66.03,84.83,75.95
66.09,66.09,62.66,82.90,74.96
67.25,67.25,68.67,83.96,76.73
66.71,66.71,62.03,81.59,75.00
70.21,70.21,58.74,80.38,75.82
72.16,72.16,53.98,79.40,74.78
75.91,75.91,53.09,72.89,73.77
79.21,79.21,56.85,63.37,74.19
81.49,81.49,49.81,54.52,73.36
81.91,81.91,59.53,54.75,72.51
81.31,81.31,64.32,46.87,74.14
80.42,80.42,65.47,46.57,73.60
80.31,80.31,58.53,49.65,71.67
81.36,81.36,52.06,49.36,70.88
82.14,82.14,49.66,45.09,71.95
80.21,80.21,44.62,50.40,73.31
79.90,79.90,46.35,51.82,70.73
76.40,76.40,40.80,53.00,73.05
77.45,77.45,44.77,53.21,72.75
79.73,79.73,54.80,53.01,72.28
81.43,81.43,56.15,55.88,72.51
81.48,81.48,71.93,76.16,71.13
80.37,80.37,76.08,87.91,70.54
79.00,79.00,72.01,85.99,71.17
78.37,78.37,72.43,85.35,72.97
78.76,78.76,78.41,85.22,70.72
79.41,79.41,78.58,88.05,70.33
79.32,79.32,73.49,86.24,72.26
80.69,80.69,74.03,84.96,69.92
81.25,81.25,79.02,81.16,71.08
80.13,80.13,73.60,85.37,70.19
79.26,79.26,76.74,86.05,71.09
78.94,78.94,72.30,85.96,72.24
78.59,78.59,71.94,83.95,71.37
78.19,78.19,68.71,79.71,75.82
80.27,80.27,71.53,82.95,77.52
80.49,80.49,70.34,82.80,76.83
79.58,79.58,66.20,74.20,77.04
75.94,75.94,62.83,68.91,76.54
73.23,73.23,58.95,51.12,76.45
74.77,74.77,52.31,48.84,77.09
77.06,77.06,52.28,42.32,77.15
77.27,77.27,50.00,41.27,73.61
77.48,77.48,51.06,41.01,73.69
74.24,74.24,55.66,47.86,74.13
75.88,75.88,53.68,42.52,73.11
76.78,76.78,49.57,44.94,72.69
76.47,76.47,49.53,47.67,75.55
76.89,76.89,44.99,41.13,73.51
76.76,76.76,50.91,49.21,72.66
75.60,75.60,54.60,47.34,72.17
74.04,74.04,53.82,48.82,73.09
74.27,74.27,58.77,54.33,74.35
71.71,71.71,48.10,44.65,73.47
73.56,73.56,49.72,47.19,73.71
69.18,69.18,48.57,46.04,74.94
69.08,69.08,57.76,48.92,75.67
71.84,71.84,63.74,49.47,74.02
69.72,69.72,70.25,43.47,74.63
66.80,66.80,63.50,48.54,73.67
64.81,64.81,58.09,51.18,72.63
63.49,63.49,52.94,54.77,72.55
64.32,64.32,49.64,53.27,75.14
67.23,67.23,48.76,56.81,74.85
66.80,66.80,50.60,56.99,74.43
68.19,68.19,47.28,57.78,73.76
67.28,67.28,53.26,57.88,73.30
63.66,63.66,59.02,59.24,73.52
61.19,61.19,67.51,59.82,73.53
62.71,62.71,73.65,56.79,71.71
62.83,62.83,71.28,57.25,73.89
61.64,61.64,65.83,56.97,72.78
68.50,68.50,61.15,56.54,74.21
66.49,66.49,57.48,59.47,72.36
67.04,67.04,53.51,60.23,73.41
65.48,65.48,51.06,58.16,73.22
62.66,62.66,53.33,57.68,72.88
70.43,70.43,45.93,59.50,74.05
69.71,69.71,50.82,59.45,71.34
65.87,65.87,55.05,62.10,73.41
66.18,66.18,59.22,62.75,75.11
69.04,69.04,56.29,64.38,72.08
73.09,73.09,48.85,64.73,73.56
74.91,74.91,43.94,64.72,74.58
75.33,75.33,40.62,64.71,74.11
74.47,74.47,41.71,64.39,74.53
74.12,74.12,42.07,64.75,74.97
77.68,77.68,42.69,62.17,75.34
79.56,79.56,45.95,57.45,74.71
72.77,72.77,44.16,58.67,74.55
76.17,76.17,54.13,62.17,75.02
73.78,73.78,59.98,67.05,74.68
76.26,76.26,64.02,71.44,74.12
70.94,70.94,70.88,88.56,70.92
72.19,72.19,63.33,84.07,72.56
71.31,71.31,72.59,86.98,71.38
72.40,72.40,71.85,83.68,73.04
73.21,73.21,77.87,85.33,72.42
73.73,73.73,74.39,82.75,72.90
73.61,73.61,72.47,84.62,73.57
73.73,73.73,67.89,83.56,72.18
74.68,74.68,63.42,84.78,70.71
75.82,75.82,67.21,84.32,71.50
75.59,75.59,78.90,82.97,71.90
79.54,79.54,82.57,79.44,72.22
76.02,76.02,81.80,81.89,74.59
78.14,78.14,76.36,68.76,75.68
74.00,74.00,80.82,76.88,72.31
73.43,73.43,77.97,87.40,75.06
73.18,73.18,78.22,87.53,73.00
73.74,73.74,78.76,88.20,71.52
75.44,75.44,75.30,86.15,74.21
76.57,76.57,72.70,84.20,73.24
73.48,73.48,68.47,83.49,75.46
75.93,75.93,67.72,84.44,73.33
78.13,78.13,68.84,81.66,73.21
79.02,79.02,64.82,86.67,73.77
77.96,77.96,62.45,85.23,72.49
74.01,74.01,70.17,88.46,72.10
73.45,73.45,68.86,87.28,72.53
73.81,73.81,65.24,87.08,72.45
75.41,75.41,64.47,87.96,73.30
73.55,73.55,66.00,85.33,73.87
73.82,73.82,67.66,87.93,70.05
74.41,74.41,66.51,84.85,73.19
76.13,76.13,73.59,85.49,72.88
77.73,77.73,77.88,86.10,75.09
75.36,75.36,78.47,87.14,73.70
78.79,78.79,77.50,84.53,75.43
75.01,75.01,76.21,86.31,76.21
71.92,71.92,74.10,85.37,75.00
69.39,69.39,69.60,85.83,75.26
69.00,69.00,70.89,87.04,76.26
67.25,67.25,70.50,87.29,76.56
63.23,63.23,67.75,85.37,74.50
72.22,72.22,65.67,87.97,74.09
73.03,73.03,67.93,84.52,76.21
71.52,71.52,68.71,86.51,76.51
69.16,69.16,69.84,84.86,75.48
73.54,73.54,67.00,87.71,74.52
73.18,73.18,66.08,84.75,75.39
67.96,67.96,66.52,87.89,73.03
68.23,68.23,67.27,84.94,73.75
64.38,64.38,70.69,87.01,71.81
63.00,63.00,65.23,85.33,73.20
61.19,61.19,63.51,88.02,74.90
60.44,60.44,64.38,85.07,75.64
61.88,61.88,64.47,88.23,74.92
64.60,64.60,68.30,84.60,73.40
66.90,66.90,66.25,86.85,72.37
76.96,76.96,70.90,84.58,74.01
81.24,81.24,65.70,88.18,73.37
80.37,80.37,65.69,84.51,73.56
77.67,77.67,62.78,87.48,73.20
77.83,77.83,65.54,83.35,71.00
77.92,77.92,66.31,84.68,71.51
78.30,78.30,61.97,83.18,73.36
79.36,79.36,62.20,84.95,75.01
78.65,78.65,59.70,82.18,73.93
71.34,71.34,59.57,84.84,74.30
74.30,74.30,61.19,80.01,74.33
71.63,71.63,65.43,83.20,76.36
74.97,74.97,64.09,78.87,73.67
77.17,77.17,62.25,81.16,75.88
77.79,77.79,59.85,78.19,77.08
77.31,77.31,54.78,80.76,74.65
79.60,79.60,54.72,75.89,74.82
77.06,77.06,55.24,78.26,75.38
77.14,77.14,53.10,74.67,75.03
77.67,77.67,58.57,76.79,73.13
74.36,74.36,56.17,73.22,74.21
76.40,76.40,61.64,74.06,75.42
73.00,73.00,66.16,69.10,75.69
75.13,75.13,76.83,82.60,75.32
75.75,75.75,77.89,87.10,74.65
77.94,77.94,70.27,82.90,74.85
78.68,78.68,77.80,85.93,75.72
76.33,76.33,77.80,85.03,76.92
73.34,73.34,72.73,85.76,75.88
70.82,70.82,78.31,83.63,77.33
72.46,72.46,76.29,86.41,75.45
72.80,72.80,79.08,83.51,74.25
73.43,73.43,75.46,85.81,77.31
73.53,73.53,70.99,84.86,77.76
70.00,70.00,63.80,82.55,77.41
71.04,71.04,64.63,84.65,76.23
75.36,75.36,65.01,81.66,75.15
75.42,75.42,57.96,82.52,76.60
76.68,76.68,53.35,82.17,77.15
75.56,75.56,54.00,74.33,77.00
75.34,75.34,53.19,58.54,75.15
77.34,77.34,51.04,50.39,73.35
75.57,75.57,57.53,43.53,73.72
76.23,76.23,62.91,45.94,71.45
76.59,76.59,65.13,52.35,73.97
77.85,77.85,63.81,45.34,71.91
71.56,71.56,57.06,40.53,71.45
64.06,64.06,50.56,37.29,71.45
62.04,62.04,48.79,41.55,75.62
58.83,58.83,44.50,38.30,73.15
59.84,59.84,39.23,40.76,73.97
56.64,56.64,41.64,50.90,72.98
58.48,58.48,47.67,55.54,74.48
57.81,57.81,57.33,60.19,72.61
58.71,58.71,68.94,65.43,72.15
57.39,57.39,80.58,86.28,71.91
51.30,51.30,73.08,86.15,72.43
58.13,58.13,71.52,84.25,73.16
57.53,57.53,79.52,85.25,74.35
59.24,59.24,77.47,86.09,72.38
57.99,57.99,76.89,88.22,73.54
57.26,57.26,76.54,84.64,73.34
59.07,59.07,78.21,82.46,75.11
56.77,56.77,76.14,81.98,73.00
54.66,54.66,77.46,86.64,72.36
56.91,56.91,73.97,86.75,72.21
56.04,56.04,69.83,81.96,73.22
55.78,55.78,71.52,85.64,75.02
54.83,54.83,72.58,80.64,77.65
56.87,56.87,72.38,82.12,78.37
60.07,60.07,70.02,76.68,76.56
59.12,59.12,64.45,71.46,77.60
64.25,64.25,60.38,59.79,75.88
63.42,63.42,56.54,52.14,76.08
56.03,56.03,54.45,41.09,74.78
60.24,60.24,52.95,31.70,76.32
60.40,60.40,50.33,20.77,77.78
59.76,59.76,49.12,29.20,75.54
59.86,59.86,52.72,24.51,75.99
59.43,59.43,50.01,38.91,74.36
57.13,57.13,53.41,45.55,73.95
55.15,55.15,53.47,40.81,71.36
55.94,55.94,47.53,37.45,73.51
56.43,56.43,50.05,43.35,74.28
51.95,51.95,48.71,35.25,74.60
51.37,51.37,48.23,37.13,75.06
51.69,51.69,53.41,39.16,74.79
48.96,48.96,45.59,30.60,72.24
49.58,49.58,45.12,20.56,73.93
45.49,45.49,58.27,38.10,72.96
42.73,42.73,57.66,32.86,72.02
43.73,43.73,64.90,18.10,72.37
49.06,49.06,66.01,24.13,73.09
46.20,46.20,58.83,14.94,72.75
51.09,51.09,56.28,11.13,74.47
50.70,50.70,50.09,11.59,74.99
53.73,53.73,49.43,20.71,73.59
54.24,54.24,48.63,17.54,74.83
55.16,55.16,46.71,14.73,74.83
53.20,53.20,51.58,24.37,73.96
48.38,48.38,59.23,22.05,73.84
46.72,46.72,68.18,25.44,75.41
49.00,49.00,74.60,25.19,74.94
45.12,45.12,71.69,23.56,76.17
42.98,42.98,65.94,29.41,76.18
41.82,41.82,62.81,23.23,75.88
46.52,46.52,59.96,25.03,76.01
51.88,51.88,58.68,30.03,74.07
50.49,50.49,54.15,24.93,75.35
49.88,49.88,55.86,30.12,75.79
46.66,46.66,55.47,29.65,76.51
42.61,42.61,55.27,28.52,75.29
43.89,43.89,53.13,24.52,76.66
44.58,44.58,54.62,16.19,77.31
44.66,44.66,50.85,23.79,78.23
46.23,46.23,52.86,37.19,78.88
46.07,46.07,49.13,33.49,78.84
45.73,45.73,54.16,31.12,78.00
45.41,45.41,48.19,32.61,77.54
44.80,44.80,45.09,28.94,76.38
44.78,44.78,49.52,30.13,78.60
45.81,45.81,49.19,31.05,75.93
47.94,47.94,47.79,49.73,78.43
46.82,46.82,56.25,59.56,76.02
47.25,47.25,62.57,68.56,75.45
47.01,47.01,66.54,71.74,72.92
45.72,45.72,77.51,82.87,73.91
42.48,42.48,77.34,87.71,71.84
38.93,38.93,76.10,83.48,72.17
37.41,37.41,81.97,86.35,70.56
38.81,38.81,76.18,82.43,72.34
44.50,44.50,79.02,84.27,72.78
47.30,47.30,73.00,82.96,72.74
51.59,51.59,74.15,85.04,71.76
57.79,57.79,66.50,82.41,70.83
66.67,66.67,74.80,84.91,71.48
66.99,66.99,75.09,86.27,69.90
70.36,70.36,78.34,84.83,69.41
74.81,74.81,86.78,84.81,68.72
72.47,72.47,79.97,82.91,71.30
73.46,73.46,81.76,81.97,73.22
74.97,74.97,77.88,82.51,72.36
75.06,75.06,83.31,80.92,73.14
74.93,74.93,76.55,85.48,73.46
76.56,76.56,72.97,81.78,72.81
77.12,77.12,79.59,80.38,73.64
78.11,78.11,70.90,86.14,73.69
78.63,78.63,72.29,83.88,74.86
77.44,77.44,63.10,86.89,73.99
77.25,77.25,66.53,82.77,74.46
77.82,77.82,64.34,86.15,74.59
77.10,77.10,63.14,84.24,75.95
77.56,77.56,63.71,86.57,74.60
76.25,76.25,58.33,82.64,74.94
72.73,72.73,66.28,83.89,73.25
77.35,77.35,62.92,81.81,74.05
79.93,79.93,63.23,81.67,74.87
79.45,79.45,62.67,83.11,73.57
78.50,78.50,71.03,82.95,74.39
77.15,77.15,77.41,82.12,74.38
74.36,74.36,79.20,81.00,73.18
77.92,77.92,77.95,83.57,73.74
80.19,80.19,76.34,81.07,74.94
78.74,78.74,74.08,84.15,76.26
77.60,77.60,69.72,82.18,75.69
76.80,76.80,69.50,83.05,75.56
78.98,78.98,66.75,79.41,73.00
77.20,77.20,68.82,83.99,74.56
77.42,77.42,66.41,80.93,74.53
73.58,73.58,68.98,84.86,76.90
69.87,69.87,66.97,81.98,74.02
75.22,75.22,67.96,83.10,77.60
76.01,76.01,70.68,83.60,76.70
73.70,73.70,69.07,80.82,74.87
71.76,71.76,66.27,83.76,76.84
66.55,66.55,66.47,81.02,75.89
67.29,67.29,64.99,83.34,73.21
68.29,68.29,66.01,80.68,76.08
68.03,68.03,65.98,83.78,74.38
67.92,67.92,66.00,84.10,72.79
67.83,67.83,66.64,81.75,74.37
67.17,67.17,65.62,83.57,71.93
68.29,68.29,67.48,80.67,71.42
73.18,73.18,72.49,84.51,75.96
73.06,73.06,68.90,81.56,73.48
73.60,73.60,66.43,82.81,72.18
71.79,71.79,67.01,83.70,73.22
71.78,71.78,65.62,80.38,72.88
77.96,77.96,63.41,84.14,72.53
76.39,76.39,61.75,81.32,72.26
72.84,72.84,59.75,84.34,72.24
70.17,70.17,60.76,84.01,73.59
76.32,76.32,61.76,81.13,73.06
77.48,77.48,63.20,84.06,72.67
77.81,77.81,66.50,81.15,73.54
77.06,77.06,66.55,82.96,71.89
71.49,71.49,63.77,84.13,73.38
71.37,71.37,64.13,81.03,72.58
71.03,71.03,59.59,82.88,69.18
71.04,71.04,58.42,82.55,71.97
72.27,72.27,57.86,81.34,71.70
71.10,71.10,55.41,83.58,71.50
71.71,71.71,56.17,84.59,71.16
73.48,73.48,58.69,80.23,70.01
69.94,69.94,63.27,83.92,69.10
71.29,71.29,67.95,78.93,69.10
69.77,69.77,79.43,82.68,70.63
74.89,74.89,84.01,82.40,69.75
74.24,74.24,80.05,82.21,70.19
72.68,72.68,73.48,80.40,71.88
76.52,76.52,78.23,84.07,73.55
74.92,74.92,79.88,84.47,70.37
74.97,74.97,77.78,85.72,70.35
75.06,75.06,81.71,86.08,72.10
74.43,74.43,75.07,85.13,71.39
76.92,76.92,78.99,86.38,72.18
75.49,75.49,73.09,83.90,71.93
76.96,76.96,64.70,84.84,70.55
78.85,78.85,69.20,84.70,70.21
76.49,76.49,69.35,83.17,68.97
77.27,77.27,67.20,84.32,71.62
77.14,77.14,57.85,82.86,71.39
77.31,77.31,51.79,77.08,69.48
76.52,76.52,48.00,67.10,70.84
76.29,76.29,50.70,50.50,70.18
75.97,75.97,55.14,50.27,69.86
75.78,75.78,59.45,41.58,70.22
75.15,75.15,62.91,41.80,71.83
73.76,73.76,60.55,40.52,71.23
73.68,73.68,54.95,37.69,71.79
75.37,75.37,51.21,28.95,75.81
76.97,76.97,50.30,26.10,72.97
77.08,77.08,49.28,27.08,73.04
68.01,68.01,51.03,33.95,73.27
67.30,67.30,52.98,42.28,72.28
69.73,69.73,53.50,46.48,72.27
66.94,66.94,56.82,48.89,72.48
62.80,62.80,63.41,56.79,72.29
61.64,61.64,77.80,79.03,72.87
61.31,61.31,79.92,86.60,71.54
67.36,67.36,74.60,85.91,73.03
70.60,70.60,79.37,83.83,71.94
73.43,73.43,77.71,85.73,72.29
72.61,72.61,75.14,88.73,71.26
74.68,74.68,79.99,86.34,74.14
76.04,76.04,77.04,84.62,72.35
76.11,76.11,75.29,82.31,71.82
73.29,73.29,74.05,86.07,70.48
75.51,75.51,75.38,87.82,72.20
75.25,75.25,70.79,82.93,73.54
76.02,76.02,71.00,85.57,72.35
74.13,74.13,74.23,81.93,72.43
73.36,73.36,71.86,81.58,70.09
77.78,77.78,70.88,79.99,69.88
75.72,75.72,66.54,73.18,72.97
74.10,74.10,65.88,67.33,72.69
74.39,74.39,63.73,57.53,72.70
74.44,74.44,59.11,52.04,71.93
74.13,74.13,56.82,34.44,73.38
73.10,73.10,57.53,27.97,72.17
74.69,74.69,58.98,24.51,72.90
75.87,75.87,59.52,28.40,74.14
76.06,76.06,62.86,26.77,73.77
74.19,74.19,56.23,30.91,72.85
74.09,74.09,57.87,38.94,72.01
76.20,76.20,58.39,42.07,72.56
75.38,75.38,54.76,45.11,71.11
75.25,75.25,50.52,39.09,71.23
73.02,73.02,56.02,27.23,71.65
73.39,73.39,53.39,42.71,72.13
72.89,72.89,51.90,35.42,73.02
74.22,74.22,51.35,39.72,72.74
75.52,75.52,52.98,41.46,74.75
76.30,76.30,55.14,44.12,73.59
76.95,76.95,61.95,34.57,71.38
74.09,74.09,64.57,25.23,72.30
76.29,76.29,58.70,24.71,72.82
76.40,76.40,54.33,32.88,71.12
77.79,77.79,50.88,32.09,71.33
76.66,76.66,46.20,36.40,69.08
76.98,76.98,45.58,38.80,70.95
75.47,75.47,48.95,36.04,73.49
77.75,77.75,48.94,25.78,73.94
76.27,76.27,55.97,27.37,73.85
70.25,70.25,63.89,19.78,74.17
63.68,63.68,72.56,20.69,70.25
62.16,62.16,75.11,21.91,71.71
65.15,65.15,71.08,34.64,72.08
64.10,64.10,70.46,36.14,72.25
59.53,59.53,67.02,39.40,72.10
61.28,61.28,64.83,44.01,72.17
59.01,59.01,66.58,30.68,72.66
60.60,60.60,60.77,32.12,72.76
61.90,61.90,58.45,27.36,74.70
62.03,62.03,54.62,31.80,74.03
61.61,61.61,58.78,31.60,72.78
63.01,63.01,63.27,43.12,74.08
65.23,65.23,66.07,35.80,75.82
60.99,60.99,62.04,44.35,74.92
72.85,72.85,57.36,38.80,77.44
74.32,74.32,54.60,29.41,77.77
70.74,70.74,52.59,31.76,76.53
72.66,72.66,52.83,29.59,76.68
73.65,73.65,53.06,25.49,76.92
71.76,71.76,53.88,28.32,75.68
72.39,72.39,55.36,34.42,74.55
69.27,69.27,63.56,51.60,75.05
73.98,73.98,67.10,61.70,73.97
75.53,75.53,63.31,66.21,71.39
73.46,73.46,69.89,71.97,72.61
70.24,70.24,74.23,88.30,73.59
67.70,67.70,69.14,86.74,72.54
71.17,71.17,73.89,84.89,71.81
69.94,69.94,73.88,84.78,71.87
73.99,73.99,79.42,85.33,72.90
73.45,73.45,71.64,83.25,74.45
72.96,72.96,76.82,85.79,72.52
70.80,70.80,69.38,84.53,71.75
71.30,71.30,74.28,83.52,72.36
72.53,72.53,67.83,86.61,71.49
74.16,74.16,75.25,86.82,72.65
72.48,72.48,85.41,84.93,73.61
72.62,72.62,83.80,83.99,72.57
71.96,71.96,80.48,82.68,72.42
73.71,73.71,77.98,84.59,71.15
73.04,73.04,78.52,80.42,71.77
71.90,71.90,79.59,85.68,72.69
75.83,75.83,77.40,79.95,70.86
73.08,73.08,77.44,80.72,73.27
67.12,67.12,75.90,84.69,72.97
71.49,71.49,76.92,83.98,73.48
72.66,72.66,74.37,86.11,73.17
73.66,73.66,74.27,84.46,71.76
71.12,71.12,72.96,83.64,73.94
63.53,63.53,72.09,85.32,72.14
64.78,64.78,71.65,82.58,70.94
61.45,61.45,74.18,85.46,72.46
61.61,61.61,72.75,81.72,72.42
67.03,67.03,75.60,85.10,74.75
67.03,67.03,72.07,81.72,71.89
67.56,67.56,70.40,82.17,70.39
68.50,68.50,72.65,83.45,68.29
75.08,75.08,72.85,83.49,70.12
78.56,78.56,79.26,82.46,70.72
79.38,79.38,78.01,84.27,73.62
80.60,80.60,76.61,81.48,73.14
78.95,78.95,73.45,81.68,72.34
78.79,78.79,69.80,82.77,73.22
77.08,77.08,69.09,82.86,70.28
78.88,78.88,68.69,82.51,71.74
79.22,79.22,70.89,84.48,71.20
79.35,79.35,67.83,81.21,69.97
77.68,77.68,67.26,81.05,71.23
77.22,77.22,65.05,84.44,72.20
75.81,75.81,61.02,83.38,73.19
76.83,76.83,66.08,81.22,72.42
77.45,77.45,62.98,84.49,72.07
75.61,75.61,63.36,81.21,71.80
75.34,75.34,64.23,84.51,70.52
71.32,71.32,65.05,82.49,70.97
71.69,71.69,64.70,84.06,68.88
69.59,69.59,62.95,82.59,70.70
68.46,68.46,66.26,83.71,73.72
70.77,70.77,64.37,84.93,72.29
70.98,70.98,65.00,81.57,71.19
68.91,68.91,66.80,85.17,70.85
73.91,73.91,70.18,81.37,70.47
74.53,74.53,71.97,84.89,72.03
75.58,75.58,68.05,83.66,68.42
76.53,76.53,66.93,80.97,70.15
75.87,75.87,65.39,84.43,70.11
74.76,74.76,68.49,81.16,68.85
74.95,74.95,68.91,84.82,70.45
76.26,76.26,65.89,83.79,71.84
76.60,76.60,67.35,81.78,70.48
72.04,72.04,64.26,84.42,69.88
68.63,68.63,66.14,82.75,71.70
75.60,75.60,65.43,82.99,70.23
77.85,77.85,65.49,84.29,73.47
77.18,77.18,64.99,81.76,72.08
78.66,78.66,58.96,84.50,70.53
76.49,76.49,51.12,84.04,72.07
73.91,73.91,57.78,81.41,71.53
73.19,73.19,61.49,84.96,69.42
71.34,71.34,64.35,82.24,70.72
59.00,59.00,65.77,83.81,72.30
60.70,60.70,63.92,84.66,74.57
60.71,60.71,64.43,83.60,70.69
68.53,68.53,67.54,82.04,69.97
63.70,63.70,73.68,81.52,69.64
62.50,62.50,80.95,84.71,71.29
68.22,68.22,78.34,87.11,76.86
80.64,80.64,78.09,79.75,75.87
81.09,81.09,72.88,82.04,77.98
77.78,77.78,77.29,87.52,76.14
76.73,76.73,75.42,84.24,76.91
76.92,76.92,77.40,84.19,75.37
77.29,77.29,77.75,85.09,76.70
76.98,76.98,71.74,84.79,74.80
75.07,75.07,77.38,85.13,74.29
77.00,77.00,72.00,83.79,74.41
76.15,76.15,68.01,85.20,74.53
76.96,76.96,67.95,84.36,75.02
78.31,78.31,65.60,81.65,75.10
77.60,77.60,61.42,82.92,73.35
78.23,78.23,63.68,78.93,73.38
78.10,78.10,67.35,70.09,72.76
78.78,78.78,63.74,51.63,73.01
77.71,77.71,60.22,51.45,73.46
76.69,76.69,62.27,40.38,73.45
78.00,78.00,65.38,46.69,73.90
74.17,74.17,63.50,48.66,74.38
64.09,64.09,59.45,37.24,74.40
64.14,64.14,55.96,27.15,72.84
59.22,59.22,53.66,29.89,74.88
60.05,60.05,52.01,34.37,75.21
65.92,65.92,48.86,37.55,75.36
68.27,68.27,51.87,39.00,75.26
69.94,69.94,50.05,45.56,74.74
68.95,68.95,51.51,58.81,72.60
69.76,69.76,55.09,64.94,73.12
69.71,69.71,65.13,66.66,74.09
69.00,69.00,79.55,84.92,74.30
66.92,66.92,77.05,88.78,72.10
65.05,65.05,74.82,83.15,74.79
65.37,65.37,76.35,87.46,73.84
65.13,65.13,78.14,87.50,73.32
63.37,63.37,75.92,87.53,73.61
60.72,60.72,78.14,83.04,72.99
58.10,58.10,75.44,83.73,74.06
60.02,60.02,73.10,84.10,73.76
57.59,57.59,77.29,87.51,72.60
58.76,58.76,78.24,84.34,72.32
64.33,64.33,73.05,85.29,73.61
66.93,66.93,73.96,84.36,76.68
70.17,70.17,68.57,81.95,75.17
75.08,75.08,67.81,83.93,77.78
75.00,75.00,67.09,80.66,78.81
73.16,73.16,66.49,72.76,78.39
71.86,71.86,62.71,60.96,79.45
73.32,73.32,54.41,55.60,79.04
76.55,76.55,52.36,44.46,78.49
73.14,73.14,48.86,40.13,78.24
74.91,74.91,49.52,30.55,76.74
73.97,73.97,52.22,20.90,76.62
73.89,73.89,58.08,32.47,75.65
75.67,75.67,56.52,36.62,74.89
74.60,74.60,61.44,43.20,75.51
75.17,75.17,53.52,40.64,73.96
75.40,75.40,55.83,37.11,74.25
75.05,75.05,53.47,32.46,74.11
74.98,74.98,59.08,33.80,72.20
73.17,73.17,51.01,40.50,73.70
73.10,73.10,58.65,39.98,73.05
74.05,74.05,54.34,30.92,73.50
75.08,75.08,50.73,40.13,73.19
74.91,74.91,51.83,37.85,73.97
72.95,72.95,58.32,41.03,73.22
76.71,76.71,65.94,30.24,74.69
71.35,71.35,67.84,35.81,74.61
72.06,72.06,65.08,36.61,75.59
70.99,70.99,58.13,35.35,74.53
70.67,70.67,54.98,36.88,73.01
73.01,73.01,50.05,32.85,74.14
74.27,74.27,47.90,23.49,72.63
74.10,74.10,48.92,27.60,72.66
74.89,74.89,52.54,21.45,73.08
74.36,74.36,60.41,27.53,71.03
73.80,73.80,68.13,34.16,71.65
73.93,73.93,73.84,32.53,73.91
75.99,75.99,70.49,27.83,73.12
74.60,74.60,65.56,36.88,71.20
75.15,75.15,61.44,39.83,70.30
75.96,75.96,59.74,37.71,70.64
77.19,77.19,56.87,39.43,71.54
76.72,76.72,54.01,33.46,70.40
74.83,74.83,53.80,28.48,69.72
74.77,74.77,52.64,38.41,71.99
72.94,72.94,55.80,33.25,72.40
73.18,73.18,55.60,22.75,69.59
75.23,75.23,56.37,23.98,73.16
75.11,75.11,48.95,33.64,70.00
74.58,74.58,47.82,33.16,75.34
73.81,73.81,46.56,21.51,77.83
75.78,75.78,47.02,25.16,79.48
75.30,75.30,47.33,23.95,79.41
75.27,75.27,44.33,21.07,78.58
76.75,76.75,41.66,23.24,78.06
75.10,75.10,44.81,22.67,77.60
72.16,72.16,48.39,23.71,75.55
71.51,71.51,55.63,45.21,75.47
74.48,74.48,62.69,44.57,76.21
77.03,77.03,64.66,62.86,75.82
73.85,73.85,71.29,84.22,76.20
73.20,73.20,66.84,89.18,75.90
74.92,74.92,68.94,87.53,73.62
71.73,71.73,69.56,85.38,75.48
61.59,61.59,74.32,84.54,74.63
59.52,59.52,73.65,84.89,73.67
61.48,61.48,71.85,84.60,73.17
59.39,59.39,66.04,85.71,73.82
58.04,58.04,62.15,83.81,72.26
62.54,62.54,68.65,85.81,74.34
66.37,66.37,70.68,82.91,72.61
75.86,75.86,81.60,83.91,73.02
79.30,79.30,83.41,83.44,69.72
77.98,77.98,82.93,79.29,71.94
74.50,74.50,79.62,67.49,69.86
73.70,73.70,80.11,81.33,71.14
74.90,74.90,79.67,89.32,70.26
79.49,79.49,82.49,86.47,71.49
80.63,80.63,74.37,88.34,71.50
75.78,75.78,77.52,84.43,71.59
75.96,75.96,74.26,85.25,72.24
77.42,77.42,69.10,81.04,68.94
74.95,74.95,74.32,84.58,69.26
75.48,75.48,68.28,83.89,70.50
74.59,74.59,74.09,86.35,71.16
78.62,78.62,70.72,84.69,71.56
77.37,77.37,73.51,88.18,74.01
72.77,72.77,66.38,85.89,73.26
74.56,74.56,71.49,87.77,74.88
78.99,78.99,70.05,85.44,74.29
77.39,77.39,70.19,86.90,72.38
74.44,74.44,74.62,84.37,74.53
75.24,75.24,75.23,87.26,72.27
74.33,74.33,78.82,84.94,74.86
77.90,77.90,80.00,87.09,75.42
69.37,69.37,78.28,84.99,72.42
75.74,75.74,77.65,86.73,72.85
75.83,75.83,75.97,84.49,73.60
73.63,73.63,72.95,87.30,73.64
64.32,64.32,75.81,86.47,74.69
59.95,59.95,74.32,86.41,73.69
57.27,57.27,76.13,85.17,73.31
56.67,56.67,73.51,88.14,72.81
59.73,59.73,74.36,86.27,71.72
61.69,61.69,70.67,87.44,73.28
66.05,66.05,73.72,87.08,71.19
76.89,76.89,68.61,86.10,71.34
78.30,78.30,69.58,84.85,70.07
76.88,76.88,74.44,87.87,71.15
76.35,76.35,72.33,86.42,70.21
76.88,76.88,69.95,86.94,71.89
75.64,75.64,74.40,88.11,69.06
73.88,73.88,68.16,86.34,70.14
75.42,75.42,69.44,86.28,71.70
74.10,74.10,72.22,88.30,70.28
72.89,72.89,69.63,87.81,72.32
72.86,72.86,69.61,85.97,70.61
77.28,77.28,71.57,87.95,72.94
71.80,71.80,67.79,85.64,70.90
74.86,74.86,69.57,86.32,70.76
75.29,75.29,64.84,87.01,72.96
76.87,76.87,62.08,87.57,72.56
77.62,77.62,62.91,84.27,72.66
75.02,75.02,60.33,86.19,72.24
71.09,71.09,62.02,83.14,70.50
70.34,70.34,62.34,83.33,71.24
68.68,68.68,64.92,83.90,71.86
68.54,68.54,63.64,83.36,71.91
70.17,70.17,66.45,80.13,71.75
66.49,66.49,65.77,82.56,71.44
71.51,71.51,63.14,79.30,69.74
73.81,73.81,63.33,79.81,71.74
75.35,75.35,62.10,79.86,72.64
76.16,76.16,59.73,79.23,73.10
76.28,76.28,60.88,76.09,70.92
78.63,78.63,60.10,78.63,74.60
76.33,76.33,59.94,73.55,72.75
76.78,76.78,58.29,76.35,69.33
77.09,77.09,63.76,73.24,70.22
78.21,78.21,67.23,65.26,73.59
78.40,78.40,70.47,83.40,73.20
76.10,76.10,70.34,90.30,73.71
78.63,78.63,70.51,87.45,75.64
77.03,77.03,71.90,82.52,77.08
74.89,74.89,76.78,85.92,75.38
76.44,76.44,77.83,84.65,74.15
78.55,78.55,79.91,86.22,75.21
79.62,79.62,79.11,84.58,75.12
80.73,80.73,75.09,86.81,75.13
73.53,73.53,79.19,85.33,73.14
68.52,68.52,70.92,86.63,75.03
70.06,70.06,60.78,85.30,75.24
71.19,71.19,67.40,84.15,74.49
73.82,73.82,67.39,84.07,76.04
75.83,75.83,62.94,81.32,76.03
73.55,73.55,57.28,80.19,75.31
70.17,70.17,54.44,76.80,76.18
75.50,75.50,51.05,68.34,73.61
75.43,75.43,59.78,59.51,72.87
80.15,80.15,56.90,53.93,73.78
80.89,80.89,58.06,49.47,72.28
80.24,80.24,64.75,44.30,73.40
80.23,80.23,59.58,50.11,74.56
79.55,79.55,56.01,48.85,73.48
79.09,79.09,53.15,42.16,73.12
79.53,79.53,48.12,42.64,71.72
80.76,80.76,53.91,45.47,70.67
81.99,81.99,48.74,45.03,70.42
80.87,80.87,49.80,54.69,72.10
78.95,78.95,51.42,46.86,71.61
79.52,79.52,53.70,45.39,69.84
82.16,82.16,62.92,55.14,68.88
79.57,79.57,73.88,77.71,71.55
75.30,75.30,71.28,87.87,69.75
74.68,74.68,71.39,84.96,71.10
76.68,76.68,79.28,86.96,72.46
78.23,78.23,76.68,86.63,71.43
75.53,75.53,77.64,88.42,71.54
76.95,76.95,75.57,84.35,70.97
78.77,78.77,77.01,84.31,73.98
77.29,77.29,74.18,83.57,71.64
75.41,75.41,77.89,87.23,70.57
76.87,76.87,75.48,85.42,72.05
76.40,76.40,75.54,83.71,70.82
74.44,74.44,73.94,84.25,71.83
78.00,78.00,71.52,80.33,75.39
79.30,79.30,69.21,83.12,75.73
78.44,78.44,69.59,83.65,77.75
75.78,75.78,64.56,76.19,75.50
79.65,79.65,63.81,71.43,75.80
78.19,78.19,59.09,59.66,76.34
77.96,77.96,54.53,53.50,76.04
77.82,77.82,51.69,36.79,76.39
74.94,74.94,51.53,34.10,75.47
76.02,76.02,55.10,34.69,73.45
77.49,77.49,56.62,39.92,73.00
76.87,76.87,53.75,28.92,74.27
75.11,75.11,53.44,42.44,76.40
75.07,75.07,52.49,43.37,74.47
74.53,74.53,49.96,39.99,75.23
72.50,72.50,52.76,40.54,73.73
70.58,70.58,54.83,37.53,72.29
72.26,72.26,58.73,30.34,73.34
73.57,73.57,60.86,38.07,73.37
73.25,73.25,51.37,29.87,73.69
73.71,73.71,53.06,35.51,73.02
70.77,70.77,55.46,31.81,73.03
73.36,73.36,59.28,30.71,74.59
73.94,73.94,64.61,29.77,73.72
74.60,74.60,71.43,17.21,75.23
75.89,75.89,64.62,23.52,73.18
75.54,75.54,61.31,18.34,72.62
75.24,75.24,58.02,17.58,71.60
75.38,75.38,53.87,23.52,72.63
74.64,74.64,54.13,26.48,74.29
74.62,74.62,51.99,28.02,72.57
74.99,74.99,51.78,27.02,73.44
75.14,75.14,57.84,19.54,72.93
76.11,76.11,64.72,18.22,72.30
75.96,75.96,72.74,24.21,73.66
75.63,75.63,74.33,21.06,73.46
73.95,73.95,70.73,14.07,71.39
75.04,75.04,66.74,10.11,72.77
73.66,73.66,65.14,8.29,70.57
74.92,74.92,61.31,15.52,71.27
74.33,74.33,59.76,18.66,70.88
73.94,73.94,59.98,17.50,72.68
74.87,74.87,57.29,16.38,70.46
73.48,73.48,53.76,17.78,70.86
74.36,74.36,56.00,17.63,71.79
76.29,76.29,59.92,18.47,73.26
76.06,76.06,61.01,21.92,73.18
75.75,75.75,55.62,22.83,73.53
77.57,77.57,51.58,19.44,77.02
75.70,75.70,50.17,18.18,78.61
74.59,74.59,46.01,16.18,78.16
76.99,76.99,45.80,10.48,78.04
76.37,76.37,46.10,11.36,75.66
77.40,77.40,48.66,21.42,75.74
77.03,77.03,54.73,40.34,74.57
75.21,75.21,61.24,53.88,72.69
75.86,75.86,64.59,63.28,72.64
78.70,78.70,64.06,66.74,72.10
76.46,76.46,63.28,84.73,72.81
77.05,77.05,63.17,89.32,72.85
77.57,77.57,66.89,86.04,72.68
76.35,76.35,71.21,88.83,72.91
76.46,76.46,72.95,84.62,71.85
75.35,75.35,72.42,85.60,70.42
76.24,76.24,74.35,84.77,70.13
75.78,75.78,66.16,85.96,70.64
74.46,74.46,60.11,85.15,71.01
75.26,75.26,61.61,86.42,71.29
74.83,74.83,65.31,84.54,70.88
72.72,72.72,74.69,87.53,70.88
75.48,75.48,78.77,85.28,71.90
79.53,79.53,79.47,84.47,72.83
80.61,80.61,78.51,78.11,71.18
77.21,77.21,78.23,82.62,72.11
78.68,78.68,76.68,90.02,71.64
78.29,78.29,81.23,87.26,70.84
77.95,77.95,75.69,88.62,70.74
76.33,76.33,75.41,84.92,71.48
77.14,77.14,66.17,85.91,71.83
73.67,73.67,68.13,81.36,72.20
71.86,71.86,69.40,84.65,71.54
76.86,76.86,69.30,85.82,71.23
77.34,77.34,66.06,85.81,69.06
79.06,79.06,68.01,88.69,69.44
75.12,75.12,69.07,85.83,69.81
70.61,70.61,65.55,89.06,70.53
72.89,72.89,65.07,85.77,70.23
75.25,75.25,68.07,89.09,71.54
76.91,76.91,65.87,85.38,71.74
75.60,75.60,64.70,88.58,72.63
73.63,73.63,70.85,87.02,72.67
73.92,73.92,73.63,87.61,73.43
70.07,70.07,79.86,87.80,75.94
73.62,73.62,76.95,85.93,76.13
75.86,75.86,76.08,86.22,75.62
78.62,78.62,72.93,86.32,78.38
77.01,77.01,70.47,87.09,77.33
75.44,75.44,68.26,85.93,76.38
71.02,71.02,69.31,88.34,76.84
71.48,71.48,70.28,85.79,77.48
68.18,68.18,67.61,85.86,74.28
70.63,70.63,69.00,88.12,76.53
70.78,70.78,69.02,87.35,76.31
73.08,73.08,68.58,86.42,75.89
71.78,71.78,67.70,88.58,76.00
69.63,69.63,67.66,85.53,72.65
78.11,78.11,68.42,86.45,72.32
77.89,77.89,65.13,86.20,74.00
71.20,71.20,66.24,87.45,73.26
68.09,68.09,64.64,85.64,72.02
67.14,67.14,64.23,88.69,73.13
68.27,68.27,64.75,85.93,75.22
61.98,61.98,64.80,88.43,71.95
64.51,64.51,66.09,85.67,74.47
62.28,62.28,65.00,88.20,72.74
65.44,65.44,66.26,84.91,73.55
65.13,65.13,67.71,87.75,71.62
66.83,66.83,67.39,84.87,73.19
75.53,75.53,62.91,86.69,72.14
76.63,76.63,62.33,85.80,69.90
75.96,75.96,61.53,87.13,70.42
76.97,76.97,61.12,83.40,69.79
77.62,77.62,62.86,86.10,70.69
78.01,78.01,65.48,82.37,68.61
79.10,79.10,65.82,85.01,68.13
77.14,77.14,64.96,80.40,71.21
73.32,73.32,67.19,83.08,70.80
75.59,75.59,65.83,80.18,72.37
76.81,76.81,66.49,81.83,70.44
75.86,75.86,63.95,78.17,70.69
76.99,76.99,60.36,81.72,69.15
76.45,76.45,60.26,77.16,69.71
79.27,79.27,58.63,68.90,69.13
80.84,80.84,56.05,44.82,69.50
80.37,80.37,55.54,54.87,69.02
80.86,80.86,59.50,54.23,72.02
78.09,78.09,59.62,47.32,71.08
77.43,77.43,67.16,54.83,72.67
78.63,78.63,72.13,67.04,74.29
75.02,75.02,78.97,76.00,72.57
77.67,77.67,77.17,76.45,75.39
80.02,80.02,76.92,77.16,74.15
78.45,78.45,75.26,74.23,74.48
78.28,78.28,79.09,78.23,72.67
78.73,78.73,79.18,78.14,74.09
78.85,78.85,73.62,76.16,73.95
76.67,76.67,77.77,77.28,75.04
77.39,77.39,77.67,79.05,74.94
76.15,76.15,77.65,78.95,75.02
77.70,77.70,70.62,77.22,75.03
73.07,73.07,74.37,78.42,75.75
73.37,73.37,72.77,82.94,74.48
74.86,74.86,76.54,85.69,73.87
75.39,75.39,78.87,84.48,73.46
71.92,71.92,78.60,84.80,74.05
73.91,73.91,74.18,81.98,73.21
70.21,70.21,77.08,81.40,74.08
74.28,74.28,81.50,76.35,72.64
72.00,72.00,76.86,79.35,71.17
71.92,71.92,82.42,79.69,72.16
73.13,73.13,79.27,80.49,71.85
69.24,69.24,75.71,78.77,72.63
68.22,68.22,79.76,75.97,73.66
60.25,60.25,72.51,76.22,72.85
58.40,58.40,74.23,75.71,71.96
56.77,56.77,77.17,74.44,72.78
59.63,59.63,68.08,69.17,72.34
54.26,54.26,67.21,56.76,73.86
55.52,55.52,65.00,48.21,72.20
59.53,59.53,62.15,51.60,72.67
57.38,57.38,68.39,66.11,73.85
56.07,56.07,74.16,76.83,73.44
58.25,58.25,76.55,77.84,73.23
61.65,61.65,72.92,74.85,75.48
60.36,60.36,77.73,76.69,73.03
59.10,59.10,74.74,75.49,73.35
54.52,54.52,73.33,77.93,73.42
58.85,58.85,76.78,78.44,74.59
69.21,69.21,79.24,80.86,73.86
68.92,68.92,76.34,75.93,73.38
67.82,67.82,80.20,73.85,71.83
66.30,66.30,79.01,77.24,71.82
65.54,65.54,74.37,74.47,71.52
70.80,70.80,75.92,75.79,71.61
71.57,71.57,76.51,71.43,72.04
74.05,74.05,76.14,71.56,75.22
75.42,75.42,74.93,68.73,74.45
76.64,76.64,69.55,59.42,75.88
76.91,76.91,64.42,41.18,75.31
78.01,78.01,61.64,30.60,72.08
75.53,75.53,59.09,16.78,73.57
76.15,76.15,56.07,18.42,71.43
76.60,76.60,58.06,25.72,72.13
74.14,74.14,56.75,21.35,73.83
73.23,73.23,55.02,14.36,73.97
73.22,73.22,51.76,15.49,74.54
73.38,73.38,56.23,20.46,73.04
73.04,73.04,50.00,15.94,74.85
65.29,65.29,54.07,17.11,73.39
57.61,57.61,48.65,15.02,72.63
55.64,55.64,56.06,12.96,72.37
54.31,54.31,51.58,9.10,71.83
55.38,55.38,48.62,7.42,71.54
63.66,63.66,51.12,5.56,71.81
70.18,70.18,55.68,1.63,70.36
71.34,71.34,54.89,0.83,73.30
72.38,72.38,56.93,0.01,72.77
73.05,73.05,68.14,0.07,74.98
70.87,70.87,61.57,0.04,74.25
74.97,74.97,59.51,-0.00,74.99
73.62,73.62,53.35,-0.00,74.18
72.56,72.56,49.39,-0.00,73.97
71.38,71.38,43.65,-0.00,73.35
74.17,74.17,48.61,-0.00,72.78
74.17,74.17,48.42,0.00,72.44
72.61,72.61,56.06,0.00,72.25
73.77,73.77,61.69,-0.00,72.77
73.22,73.22,68.94,0.02,74.19
76.62,76.62,71.86,-0.00,73.47
74.39,74.39,68.77,-0.00,74.24
74.50,74.50,64.64,-0.00,74.23
74.80,74.80,60.84,-0.00,72.10
74.65,74.65,58.59,0.03,73.31
74.21,74.21,52.33,-0.00,74.23
76.36,76.36,50.78,0.02,75.36
76.62,76.62,54.95,-0.00,73.71
75.52,75.52,50.56,0.00,74.85
73.55,73.55,49.02,0.05,75.89
76.16,76.16,51.49,8.39,76.15
74.26,74.26,54.41,10.77,77.71
75.13,75.13,54.06,15.46,78.26
77.26,77.26,48.56,13.88,79.41
73.52,73.52,47.83,27.92,77.75
74.20,74.20,45.74,29.01,78.47
70.98,70.98,48.78,31.25,75.86
72.33,72.33,47.91,34.30,77.36
69.79,69.79,50.14,28.51,77.10
73.54,73.54,48.42,33.31,76.20
71.19,71.19,51.45,43.00,76.73
70.92,70.92,56.18,51.60,75.88
69.50,69.50,61.05,65.20,74.53
64.54,64.54,66.15,76.88,73.62
68.50,68.50,75.23,89.83,71.90
69.23,69.23,68.02,86.44,74.50
69.92,69.92,81.47,83.58,76.63
73.89,73.89,72.92,84.51,73.71
71.72,71.72,76.86,82.03,74.14
74.02,74.02,73.67,86.57,71.43
74.08,74.08,76.60,86.95,71.92
74.97,74.97,77.23,83.02,74.16
75.06,75.06,76.18,80.50,73.19
73.94,73.94,75.85,86.80,73.75
73.08,73.08,73.67,89.81,72.81
75.42,75.42,76.14,83.90,73.80
77.65,77.65,85.23,84.93,77.02
78.06,78.06,75.41,85.56,76.02
78.50,78.50,78.52,82.92,76.12
76.59,76.59,78.83,81.07,75.13
77.77,77.77,80.62,84.58,73.74
75.39,75.39,74.84,85.04,71.71
76.61,76.61,72.89,80.37,73.57
73.52,73.52,75.01,85.97,73.06
71.66,71.66,68.47,84.61,74.09
75.35,75.35,69.64,87.89,75.75
68.65,68.65,64.00,83.82,74.61
71.45,71.45,66.72,85.69,75.83
73.41,73.41,63.58,83.25,74.92
70.24,70.24,61.61,86.94,75.91
72.73,72.73,65.72,83.99,71.78
70.40,70.40,68.53,82.57,70.68
76.16,76.16,68.15,85.38,74.30
78.53,78.53,60.45,81.93,73.22
76.77,76.77,62.42,84.65,74.60
76.90,76.90,65.13,81.93,71.05
79.72,79.72,71.29,83.38,74.63
76.95,76.95,76.99,82.24,75.33
70.64,70.64,77.50,82.36,74.74
74.39,74.39,76.26,81.02,77.53
74.08,74.08,74.27,84.20,78.87
76.52,76.52,71.30,80.58,78.35
75.12,75.12,68.03,83.55,76.58
77.76,77.76,66.28,82.41,76.97
75.52,75.52,64.18,82.74,75.35
78.51,78.51,66.50,82.02,76.33
79.65,79.65,62.96,84.71,74.78
76.80,76.80,64.18,82.24,75.45
78.32,78.32,65.05,83.48,74.84
75.90,75.90,62.50,83.36,73.80
77.73,77.73,62.02,82.18,75.89
80.07,80.07,62.42,82.99,72.64
80.25,80.25,62.59,83.19,76.90
80.60,80.60,59.60,84.86,75.16
70.74,70.74,60.99,80.65,74.69
68.00,68.00,60.82,84.20,75.65
66.49,66.49,59.82,82.17,72.36
66.35,66.35,60.22,83.57,73.41
66.14,66.14,61.50,83.76,74.55
68.11,68.11,61.46,83.68,69.70
69.34,69.34,64.85,84.73,72.29
74.27,74.27,71.20,81.19,73.02
75.62,75.62,66.58,84.92,72.30
77.67,77.67,63.46,84.00,72.86
77.09,77.09,61.68,83.14,70.46
76.77,76.77,60.64,83.54,72.79
73.27,73.27,60.39,82.94,72.99
73.94,73.94,59.27,84.84,74.37
74.95,74.95,59.58,82.02,72.75
73.63,73.63,58.29,83.69,72.56
73.31,73.31,59.99,84.60,74.57
69.21,69.21,61.90,81.96,76.30
73.13,73.13,66.70,84.61,75.83
75.94,75.94,64.38,82.97,75.73
72.89,72.89,62.87,81.67,77.10
67.19,67.19,61.75,84.84,72.89
72.33,72.33,60.67,82.87,73.66
71.57,71.57,57.74,81.79,72.77
70.26,70.26,56.42,84.19,72.59
73.08,73.08,55.78,82.26,72.18
70.72,70.72,53.52,83.96,71.10
74.80,74.80,58.63,84.74,70.39
71.62,71.62,63.79,83.05,70.30
70.04,70.04,71.31,80.23,70.85
70.90,70.90,76.91,87.56,69.08
77.17,77.17,73.30,89.47,70.97
76.20,76.20,75.12,84.74,70.72
75.70,75.70,73.55,84.95,70.86
75.52,75.52,78.27,88.34,70.23
76.33,76.33,73.28,86.11,70.85
75.25,75.25,76.24,86.03,72.22
75.53,75.53,66.07,85.73,69.26
75.59,75.59,69.53,86.49,72.32
76.33,76.33,64.44,85.31,72.65
78.38,78.38,61.05,86.18,72.05
77.12,77.12,63.40,84.61,70.60
76.49,76.49,63.53,84.78,72.50
77.90,77.90,64.10,84.64,71.41
78.06,78.06,57.99,82.83,69.24
78.83,78.83,54.57,82.65,71.07
77.92,77.92,52.23,77.01,71.14
78.38,78.38,47.92,64.41,70.47
78.43,78.43,53.39,51.49,68.49
78.05,78.05,56.37,51.88,69.04
78.58,78.58,59.85,53.42,68.40
78.65,78.65,66.09,38.25,70.41
76.60,76.60,60.84,32.17,69.62
75.64,75.64,60.88,40.57,74.52
78.71,78.71,59.34,32.59,73.00
76.79,76.79,53.94,39.13,71.67
70.66,70.66,49.68,34.27,71.64
66.77,66.77,47.40,40.11,73.18
66.80,66.80,47.54,41.88,71.70
67.10,67.10,54.51,48.59,73.44
68.54,68.54,56.53,57.38,72.13
65.51,65.51,67.21,60.84,71.25
66.22,66.22,72.30,87.67,72.95
66.10,66.10,66.16,90.83,70.54
73.79,73.79,70.73,85.86,71.08
74.58,74.58,77.41,84.56,70.94
74.32,74.32,74.32,88.90,70.61
74.82,74.82,80.49,87.75,73.25
76.35,76.35,74.08,88.26,72.40
74.98,74.98,80.43,83.60,72.44
76.89,76.89,75.92,85.23,72.00
77.52,77.52,78.30,85.67,71.13
76.57,76.57,73.59,87.78,69.79
75.41,75.41,72.73,82.70,69.42
73.62,73.62,73.61,80.55,71.45
73.49,73.49,71.45,82.68,69.35
75.62,75.62,75.15,83.99,70.89
75.61,75.61,70.99,77.55,69.40
74.96,74.96,66.32,73.39,70.81
75.11,75.11,64.75,61.46,71.19
75.71,75.71,63.02,56.93,71.69
75.79,75.79,60.98,47.30,70.57
75.07,75.07,62.42,42.27,71.10
76.02,76.02,61.54,25.25,69.41
76.68,76.68,60.56,35.87,70.49
77.64,77.64,62.67,33.59,73.29
78.35,78.35,62.49,36.85,73.35
75.52,75.52,55.33,40.57,71.08
76.41,76.41,53.49,34.50,71.41
77.19,77.19,50.49,36.71,71.65
76.83,76.83,52.76,42.39,71.49
77.70,77.70,60.15,26.43,69.70
77.58,77.58,53.42,35.21,71.48
75.78,75.78,53.24,38.09,70.87
73.63,73.63,54.25,32.70,71.85
75.15,75.15,49.86,26.24,71.41
78.40,78.40,55.30,33.31,71.99
74.12,74.12,61.71,30.32,72.53
72.91,72.91,69.62,29.00,73.32
75.81,75.81,66.62,26.87,71.65
75.99,75.99,60.99,20.79,68.03
73.39,73.39,56.30,19.73,68.98
75.55,75.55,52.82,18.12,70.24
74.77,74.77,49.07,24.52,70.52
73.41,73.41,47.28,21.77,70.41
73.98,73.98,54.40,17.97,71.28
73.59,73.59,51.84,24.04,72.54
74.40,74.40,54.91,13.17,72.94
73.13,73.13,63.57,10.14,71.22
75.38,75.38,72.99,5.45,71.82
72.40,72.40,73.28,1.14,70.80
75.72,75.72,69.48,-0.00,70.87
75.49,75.49,65.33,0.53,69.41
73.28,73.28,62.26,6.72,71.04
74.07,74.07,59.60,17.72,71.43
73.83,73.83,52.51,15.23,72.84
74.87,74.87,58.94,12.56,72.44
74.39,74.39,51.58,15.93,71.30
72.14,72.14,58.53,15.48,71.70
70.54,70.54,57.48,23.23,72.38
71.05,71.05,60.28,24.19,73.39
70.30,70.30,63.73,26.09,73.94
69.37,69.37,59.92,29.00,74.30
67.35,67.35,56.79,29.52,76.77
66.24,66.24,55.55,34.63,76.38
60.59,60.59,53.15,33.07,75.32
63.55,63.55,50.12,30.62,74.62
67.90,67.90,47.12,28.95,75.55
70.43,70.43,44.27,30.08,75.17
64.55,64.55,43.12,35.20,74.60
64.23,64.23,49.39,60.19,73.56
66.52,66.52,53.62,69.79,71.15
66.95,66.95,56.51,73.99,70.41
65.93,65.93,61.79,87.38,69.57
53.40,53.40,61.45,87.25,69.47
58.97,58.97,57.12,88.59,68.65
56.39,56.39,67.82,86.00,69.44
51.31,51.31,68.27,84.60,69.42
59.03,59.03,71.19,86.93,70.16
56.79,56.79,71.82,83.07,71.25
52.45,52.45,68.77,87.38,70.71
49.52,49.52,70.68,84.78,68.78
44.70,44.70,74.12,84.68,70.18
44.73,44.73,66.67,87.53,69.35
50.37,50.37,68.14,88.24,68.20
52.84,52.84,80.48,85.31,69.61
48.37,48.37,83.82,86.72,68.93
46.03,46.03,79.84,82.40,69.86
51.88,51.88,78.00,81.80,70.45
54.19,54.19,79.12,83.29,69.81
51.11,51.11,79.64,80.72,70.04
50.80,50.80,78.07,80.09,67.93
55.36,55.36,82.82,80.90,70.96
49.72,49.72,75.47,81.32,70.12
43.82,43.82,79.12,83.59,72.91
52.48,52.48,76.10,86.17,73.47
50.73,50.73,73.93,83.28,74.27
51.39,51.39,74.56,86.08,71.80
48.74,48.74,73.13,84.09,71.64
44.46,44.46,71.58,85.82,69.50
55.00,55.00,73.36,82.36,70.04
58.13,58.13,74.13,84.68,70.62
57.16,57.16,73.63,82.73,71.24
52.51,52.51,73.63,84.50,68.76
45.50,45.50,70.18,81.46,69.15
43.67,43.67,71.97,81.35,72.51
38.45,38.45,77.15,84.23,72.48
39.27,39.27,80.17,81.80,73.14
38.34,38.34,78.97,83.83,74.30
39.71,39.71,79.10,82.95,73.98
34.36,34.36,75.34,81.85,74.42
37.92,37.92,71.80,81.38,72.04
42.85,42.85,70.77,84.45,73.88
40.30,40.30,68.11,82.57,72.23
36.80,36.80,68.19,83.46,73.85
39.12,39.12,66.90,84.26,72.20
37.87,37.87,67.39,81.73,72.39
37.16,37.16,66.97,83.06,72.87
38.06,38.06,67.02,82.32,74.15
35.80,35.80,66.88,84.58,75.02
38.14,38.14,65.28,81.90,71.80
35.69,35.69,65.15,84.65,73.19
31.89,31.89,62.87,81.96,72.30
29.31,29.31,63.06,84.83,72.59
32.56,32.56,62.81,81.78,72.22
30.37,30.37,63.93,84.08,72.69
31.58,31.58,64.20,84.42,73.28
34.14,34.14,62.15,81.41,73.79
28.62,28.62,62.64,85.02,70.89
28.04,28.04,64.34,81.39,70.47
29.05,29.05,71.53,85.60,73.68
24.95,24.95,67.21,82.68,72.30
29.37,29.37,62.57,82.37,69.39
27.21,27.21,63.09,84.77,72.94
28.04,28.04,61.90,81.99,70.19
27.84,27.84,59.80,85.00,70.76
28.89,28.89,57.70,82.36,71.88
28.52,28.52,59.32,84.20,70.99
28.15,28.15,57.40,84.76,72.85
25.56,25.56,60.17,82.11,71.92
21.26,21.26,61.44,83.84,70.02
22.44,22.44,66.62,81.99,71.49
24.82,24.82,67.07,82.63,72.03
28.66,28.66,66.01,84.88,72.91
29.99,29.99,64.56,82.56,71.27
28.27,28.27,59.77,83.92,70.08
29.04,29.04,62.61,84.01,69.96
31.39,31.39,56.63,81.82,70.60
31.08,31.08,57.35,83.31,71.33
33.82,33.82,61.36,84.84,72.13
34.91,34.91,62.15,81.50,72.02
40.56,40.56,64.32,83.96,70.46
45.87,45.87,68.77,83.01,70.08
54.27,54.27,69.85,77.12,69.07
65.32,65.32,76.98,78.07,70.69
66.39,66.39,75.79,71.08,70.06
71.47,71.47,77.32,60.64,68.77
67.49,67.49,77.33,65.03,68.50
75.49,75.49,81.04,58.91,70.31
72.82,72.82,71.08,49.94,68.69
61.44,61.44,82.15,60.12,68.75
66.82,66.82,75.87,63.39,67.85
64.85,64.85,73.98,67.31,70.01
59.99,59.99,73.78,65.00,68.65
56.78,56.78,70.75,61.01,68.20
62.62,62.62,67.84,43.57,66.72
66.77,66.77,71.74,53.78,68.57
69.62,69.62,65.37,45.02,67.96
70.97,70.97,57.65,46.81,66.33
67.08,67.08,50.67,45.42,67.92
69.36,69.36,54.35,40.86,67.87
72.22,72.22,58.32,33.66,67.33
69.26,69.26,58.77,31.31,67.63
65.43,65.43,55.86,27.80,65.06
68.42,68.42,61.81,28.13,66.74
67.93,67.93,61.46,20.50,65.85
73.40,73.40,55.81,31.29,65.88
75.67,75.67,54.91,27.88,66.44
75.13,75.13,52.56,26.59,68.40
71.85,71.85,49.09,22.33,67.54
74.44,74.44,49.08,30.86,67.07
74.62,74.62,47.02,26.77,68.66
71.51,71.51,47.04,31.17,68.67
69.01,69.01,52.89,23.56,66.63
72.00,72.00,49.68,17.72,65.74
68.79,68.79,53.98,12.04,69.09
71.17,71.17,63.88,6.71,67.11
71.94,71.94,64.50,0.08,67.37
66.70,66.70,78.81,-0.00,69.37
67.36,67.36,76.85,-0.00,68.82
71.33,71.33,77.85,-0.00,68.50
71.46,71.46,77.20,-0.00,68.30
70.96,70.96,77.39,-0.00,70.10
71.23,71.23,82.32,-0.00,67.87
69.06,69.06,70.47,-0.00,67.37
69.23,69.23,81.65,-0.00,66.05
70.10,70.10,77.15,-0.00,65.09
72.13,72.13,78.01,0.00,65.10
73.03,73.03,76.35,3.39,69.99
72.16,72.16,71.27,7.41,65.70
71.04,71.04,75.29,4.34,65.86
72.16,72.16,70.93,7.77,65.88
73.14,73.14,67.47,10.00,69.32
74.62,74.62,63.21,12.66,66.30
72.18,72.18,57.26,20.92,68.79
72.27,72.27,50.23,19.59,67.39
69.55,69.55,47.65,34.21,65.13
67.00,67.00,45.43,33.14,66.82
64.86,64.86,44.55,37.70,67.21
69.05,69.05,53.72,37.37,69.80
69.87,69.87,47.59,38.19,68.27
69.74,69.74,50.78,31.53,66.83
71.11,71.11,49.62,35.02,68.04
67.86,67.86,50.32,40.11,67.70
70.71,70.71,57.31,34.16,68.16
71.29,71.29,56.52,28.38,68.62
68.20,68.20,53.95,34.80,67.68
71.59,71.59,52.77,32.52,67.36
68.90,68.90,48.08,32.54,67.92
68.22,68.22,49.79,30.63,68.66
69.03,69.03,56.71,34.67,68.65
65.16,65.16,59.94,33.39,65.98
69.98,69.98,69.19,28.93,68.10
67.50,67.50,61.30,39.31,66.45
68.34,68.34,56.09,33.22,67.82
71.45,71.45,51.50,32.28,66.60
73.48,73.48,48.94,36.33,65.97
73.60,73.60,49.89,36.26,67.46
71.73,71.73,48.59,40.45,67.21
67.52,67.52,45.34,33.03,68.32
63.14,63.14,46.24,36.27,69.06
62.61,62.61,48.34,42.38,69.47
66.80,66.80,55.09,32.86,66.36
65.13,65.13,64.28,35.42,68.98
63.42,63.42,63.48,28.80,66.75
65.66,65.66,60.36,25.70,67.03
69.85,69.85,58.87,25.73,66.86
71.81,71.81,58.62,26.05,68.27
71.18,71.18,52.93,26.85,65.98
70.05,70.05,48.42,28.50,65.25
62.35,62.35,54.73,32.27,67.55
65.85,65.85,52.17,25.71,66.93
65.87,65.87,56.83,29.69,66.56
68.97,68.97,56.91,29.79,67.22
66.60,66.60,63.74,39.91,71.01
66.14,66.14,58.87,33.60,67.69
65.42,65.42,54.80,32.44,67.75
68.85,68.85,51.21,35.42,68.40
71.17,71.17,48.11,33.00,67.54
74.33,74.33,45.27,36.07,66.82
71.47,71.47,45.71,36.62,66.29
73.00,73.00,45.81,36.35,67.15
72.07,72.07,46.73,22.06,67.30
71.15,71.15,45.98,33.68,67.64
69.31,69.31,49.22,37.78,68.30
69.35,69.35,52.25,33.63,67.77
68.78,68.78,51.82,24.39,66.91
68.24,68.24,53.59,31.45,69.78
71.01,71.01,51.42,25.50,68.56
73.27,73.27,52.45,23.79,68.07
74.50,74.50,53.19,25.22,67.41
69.01,69.01,51.84,22.93,67.76
69.19,69.19,54.63,22.20,66.54
69.64,69.64,54.12,26.44,68.43
71.98,71.98,53.12,18.75,68.11
72.62,72.62,60.64,15.01,68.66
73.69,73.69,63.16,11.04,67.01
72.53,72.53,66.33,4.34,68.48
70.71,70.71,71.82,-0.00,65.84
71.98,71.98,81.38,-0.00,66.95
72.38,72.38,78.87,1.54,69.03
73.28,73.28,79.52,9.97,66.83
73.88,73.88,78.53,12.44,67.80
72.60,72.60,81.30,8.65,68.67
71.41,71.41,80.00,1.44,68.51
71.72,71.72,78.60,-0.00,67.19
72.42,72.42,82.17,-0.00,66.57
72.02,72.02,78.60,-0.00,67.28
70.55,70.55,78.73,-0.00,64.88
72.00,72.00,74.00,-0.00,65.87
71.59,71.59,70.78,-0.00,65.53
70.83,70.83,74.97,1.80,65.85
70.61,70.61,74.52,7.29,66.29
69.04,69.04,71.25,7.83,65.81
70.24,70.24,59.85,11.93,68.35
66.34,66.34,60.35,20.92,68.62
69.90,69.90,56.34,27.52,68.48
71.75,71.75,52.31,28.19,66.66
72.98,72.98,57.24,31.02,65.95
73.25,73.25,66.92,35.15,65.66
70.84,70.84,76.28,35.76,67.82
70.31,70.31,72.16,40.86,65.47
70.88,70.88,64.95,40.67,66.75
72.22,72.22,59.16,43.20,67.56
74.13,74.13,55.30,39.45,67.61
73.12,73.12,50.96,35.67,68.67
71.22,71.22,48.64,34.67,67.38
70.33,70.33,46.69,38.42,65.96
70.90,70.90,46.97,36.64,66.91
70.85,70.85,50.83,35.63,68.58
68.38,68.38,55.94,40.58,69.16
67.81,67.81,57.26,43.63,70.71
62.42,62.42,53.92,40.79,70.14
63.92,63.92,49.66,35.77,70.14
67.25,67.25,47.08,40.24,70.80
71.87,71.87,48.60,36.69,69.52
71.28,71.28,49.72,40.00,67.18
69.38,69.38,46.46,34.62,64.97
70.39,70.39,49.40,37.49,66.67
67.89,67.89,46.55,33.57,65.33
69.25,69.25,48.73,31.73,67.79
64.68,64.68,51.45,35.99,65.15
62.51,62.51,57.28,34.94,64.79
57.87,57.87,60.99,39.07,63.29
60.49,60.49,71.21,29.76,68.75
61.92,61.92,62.63,26.58,66.32
64.92,64.92,58.04,36.61,65.72
71.93,71.93,53.85,37.20,66.87
72.35,72.35,50.26,36.05,65.70
73.20,73.20,48.37,40.61,65.54
66.97,66.97,50.35,39.85,66.00
62.46,62.46,47.61,34.12,66.54
59.39,59.39,47.20,31.41,64.38
62.03,62.03,53.18,37.79,65.85
67.30,67.30,61.15,26.17,65.30
64.77,64.77,67.43,40.01,67.33
63.78,63.78,64.25,33.39,66.86
60.58,60.58,60.28,37.92,67.22
63.29,63.29,58.27,35.16,67.69
62.11,62.11,54.41,29.86,68.22
65.41,65.41,50.34,28.52,69.24
60.81,60.81,48.99,31.08,68.64
60.17,60.17,50.13,28.63,66.27
58.86,58.86,54.94,14.91,65.92
61.04,61.04,56.37,10.77,62.64
62.91,62.91,68.49,9.46,65.64
58.52,58.52,71.96,0.02,69.18
55.40,55.40,79.18,-0.00,66.30
60.69,60.69,76.55,-0.00,68.50
64.15,64.15,78.17,-0.00,68.87
66.78,66.78,75.75,-0.00,68.56
72.34,72.34,80.74,-0.00,70.29
74.55,74.55,76.44,-0.00,66.22
67.22,67.22,75.53,-0.00,69.43
64.94,64.94,80.99,-0.00,70.72
68.83,68.83,72.57,-0.00,70.62
65.21,65.21,79.51,-0.00,69.76
58.70,58.70,74.30,-0.00,69.57
65.05,65.05,66.99,-0.00,70.45
66.40,66.40,71.21,0.03,70.86
63.41,63.41,71.86,-0.00,71.47
67.00,67.00,64.98,0.79,68.92
68.83,68.83,57.55,7.13,69.03
70.96,70.96,59.38,11.59,67.68
65.97,65.97,53.05,8.79,68.02
70.41,70.41,53.32,17.21,66.49
67.11,67.11,55.45,17.67,65.60
68.99,68.99,64.17,24.51,69.10
68.35,68.35,64.77,24.08,68.97
69.43,69.43,62.43,27.83,68.55
70.83,70.83,60.55,30.03,69.34
71.42,71.42,55.13,29.65,69.95
71.39,71.39,53.40,31.51,67.25
74.55,74.55,50.55,27.74,68.41
72.68,72.68,53.00,25.88,68.85
70.64,70.64,49.28,20.31,69.40
72.35,72.35,52.22,18.49,66.07
71.92,71.92,49.15,15.35,67.06
70.00,70.00,51.80,7.07,68.91
70.47,70.47,64.08,0.01,70.32
69.42,69.42,67.30,-0.00,68.25
68.46,68.46,76.94,-0.00,70.69
69.25,69.25,80.06,-0.00,70.40
69.57,69.57,76.73,-0.00,69.65
70.97,70.97,79.31,-0.00,70.72
68.33,68.33,77.95,-0.00,70.19
62.45,62.45,81.59,-0.00,69.67
63.31,63.31,73.16,-0.00,71.39
67.08,67.08,83.47,-0.00,70.17
67.23,67.23,77.78,-0.00,70.67
67.93,67.93,79.75,-0.00,68.50
68.49,68.49,74.16,-0.00,68.27
70.32,70.32,72.98,0.00,70.51
67.41,67.41,71.87,0.01,69.63
64.48,64.48,69.82,-0.00,67.66
68.51,68.51,65.85,-0.00,68.25
72.85,72.85,58.43,0.09,68.13
70.73,70.73,53.56,0.29,65.62
66.47,66.47,49.40,3.73,70.02
65.87,65.87,48.04,9.21,70.69
72.92,72.92,51.03,9.57,67.25
66.87,66.87,52.93,6.19,67.12
68.85,68.85,50.38,14.46,69.59
67.83,67.83,50.98,19.26,67.67
68.76,68.76,57.00,19.49,68.59
72.53,72.53,54.42,14.41,67.76
67.87,67.87,52.91,18.21,71.31
69.22,69.22,56.54,16.80,67.74
72.64,72.64,57.33,21.05,70.30
65.91,65.91,56.62,10.52,69.49
68.76,68.76,58.30,9.04,68.00
68.40,68.40,54.82,20.39,69.87
68.81,68.81,49.73,14.27,70.91
70.00,70.00,52.58,15.38,71.20
67.91,67.91,59.93,14.72,68.50
70.37,70.37,66.26,12.04,69.83
68.85,68.85,67.32,9.68,69.60
63.78,63.78,61.24,16.06,69.32
69.04,69.04,55.99,22.31,69.45
73.56,73.56,50.90,25.60,69.25
73.57,73.57,48.30,31.43,67.45
70.30,70.30,43.62,28.32,69.70
69.79,69.79,47.81,35.21,66.42
68.57,68.57,39.41,34.86,67.08
73.10,73.10,46.92,34.02,67.11
71.62,71.62,55.74,30.78,66.22
70.99,70.99,63.55,32.72,66.43
70.45,70.45,66.57,26.48,68.34
68.88,68.88,62.49,24.69,66.52
69.16,69.16,59.63,21.61,66.02
69.55,69.55,58.35,19.48,68.22
68.82,68.82,56.11,20.64,67.97
70.18,70.18,51.53,25.87,68.15
64.46,64.46,53.60,27.70,67.06
61.28,61.28,51.59,25.54,64.98
61.47,61.47,57.81,24.99,66.46
59.40,59.40,59.59,23.75,66.17
61.57,61.57,66.03,26.67,68.87
65.69,65.69,67.86,23.82,68.69
62.45,62.45,60.61,27.42,63.29
66.09,66.09,57.52,33.73,66.28
69.12,69.12,49.15,35.54,64.96
74.36,74.36,45.98,39.64,65.32
70.74,70.74,44.61,38.52,65.13
66.83,66.83,46.92,33.10,63.31
69.78,69.78,48.96,41.33,65.82
66.80,66.80,49.20,39.38,65.35
63.28,63.28,51.12,29.33,64.24
64.55,64.55,58.31,33.05,66.15
68.60,68.60,57.89,27.88,65.86
69.05,69.05,54.18,22.84,64.42
70.28,70.28,55.31,28.42,66.24
69.86,69.86,57.63,23.73,65.42
67.87,67.87,58.50,22.65,66.44
66.12,66.12,57.26,26.04,67.66
66.03,66.03,56.12,29.01,68.50
69.45,69.45,54.82,33.09,69.25
69.07,69.07,56.49,26.73,69.26
67.08,67.08,56.12,27.99,69.22
71.28,71.28,65.55,23.51,70.49
66.15,66.15,65.69,18.03,69.09
68.42,68.42,67.34,4.11,67.45
72.05,72.05,73.59,-0.00,65.67
67.68,67.68,79.99,-0.00,64.63
70.73,70.73,78.47,-0.00,65.56
72.49,72.49,79.75,-0.00,65.30
68.53,68.53,78.70,-0.00,62.62
66.65,66.65,83.57,-0.00,63.58
64.76,64.76,71.56,-0.00,64.17
67.58,67.58,82.17,-0.00,64.95
68.00,68.00,81.03,-0.00,65.02
67.48,67.48,75.87,-0.00,68.25
67.75,67.75,79.22,-0.00,67.34
67.82,67.82,72.67,-0.00,65.99
67.24,67.24,71.29,-0.00,66.16
69.70,69.70,74.79,0.07,64.94
68.39,68.39,72.61,2.84,63.79
64.23,64.23,60.55,5.50,65.88
64.58,64.58,64.37,12.30,66.29
60.47,60.47,50.99,15.27,66.94
62.88,62.88,53.10,20.58,66.39
66.66,66.66,51.21,26.82,66.42
65.09,65.09,60.50,28.31,65.44
65.73,65.73,71.82,24.51,67.00
66.89,66.89,75.60,31.67,62.89
58.40,58.40,70.20,30.42,63.40
65.71,65.71,63.00,33.57,63.79
70.33,70.33,57.77,34.12,64.17
69.41,69.41,51.86,34.96,64.62
68.97,68.97,47.93,38.16,63.86
65.19,65.19,47.08,38.63,65.59
65.87,65.87,49.09,28.51,66.19
66.09,66.09,53.49,31.12,66.28
65.39,65.39,59.71,32.18,67.17
62.21,62.21,61.61,37.20,69.57
63.92,63.92,59.47,35.86,68.02
62.47,62.47,58.82,31.34,66.49
59.70,59.70,57.48,36.38,67.34
66.16,66.16,54.14,33.72,68.49
67.40,67.40,54.59,38.82,69.52
62.95,62.95,53.16,34.72,68.92
68.45,68.45,54.87,37.26,68.14
63.18,63.18,53.48,30.23,67.48
61.19,61.19,51.89,35.73,66.67
57.14,57.14,52.52,33.07,64.66
55.39,55.39,54.80,30.89,66.03
55.39,55.39,59.43,30.74,62.44
52.99,52.99,71.23,32.84,64.42
50.20,50.20,64.30,34.17,61.54
57.30,57.30,61.28,33.32,62.73
69.38,69.38,56.41,35.25,64.21
71.41,71.41,54.30,38.53,64.16
70.67,70.67,52.67,38.09,63.19
66.31,66.31,51.04,34.47,62.99
54.91,54.91,49.12,31.03,61.33
53.50,53.50,51.39,34.34,62.98
51.28,51.28,54.59,29.99,61.00
46.57,46.57,60.91,32.59,59.68
47.17,47.17,68.75,35.95,63.21
50.98,50.98,67.16,35.54,62.96
47.55,47.55,64.45,32.15,60.31
45.52,45.52,63.38,32.71,60.22
43.82,43.82,59.70,34.05,60.60
42.26,42.26,55.11,29.15,59.74
40.54,40.54,48.57,33.55,57.16
37.16,37.16,55.56,40.75,58.55
38.23,38.23,50.14,27.91,59.62
41.06,41.06,56.48,25.06,60.67
47.77,47.77,61.47,17.92,64.26
45.64,45.64,71.42,8.20,65.13
58.59,58.59,77.65,0.05,62.64
67.13,67.13,78.02,-0.00,63.87
62.57,62.57,78.44,-0.00,65.23
62.58,62.58,75.78,-0.00,64.35
70.93,70.93,76.91,-0.00,62.72
70.62,70.62,80.47,-0.00,64.46
70.99,70.99,72.93,-0.00,64.41
66.86,66.86,81.88,-0.00,63.12
64.45,64.45,77.77,-0.00,64.78
60.78,60.78,75.37,-0.00,65.77
67.35,67.35,79.83,-0.00,67.15
68.35,68.35,70.83,-0.00,65.75
68.02,68.02,69.63,-0.00,65.95
67.82,67.82,74.58,-0.00,64.79
60.69,60.69,64.28,0.85,65.23
63.50,63.50,57.20,6.06,67.35
62.81,62.81,52.86,11.65,66.35
64.66,64.66,52.49,14.10,67.09
70.31,70.31,53.88,20.64,66.48
69.13,69.13,57.50,28.95,64.92
67.90,67.90,60.52,27.52,64.93
70.98,70.98,66.93,30.23,66.99
71.53,71.53,63.68,24.56,65.89
70.93,70.93,59.65,32.60,64.49
67.31,67.31,57.00,34.47,65.63
69.59,69.59,56.04,37.83,64.48
73.18,73.18,53.60,39.75,65.76
73.97,73.97,50.20,34.74,66.93
70.31,70.31,48.41,34.49,65.85
69.03,69.03,48.28,29.92,66.24
71.91,71.91,50.49,22.07,66.68
69.17,69.17,53.01,24.94,66.01
67.60,67.60,56.45,15.17,64.37
73.54,73.54,65.47,3.13,65.66
70.56,70.56,71.19,-0.00,65.37
65.25,65.25,80.03,-0.00,66.41
69.73,69.73,77.25,-0.00,65.19
72.42,72.42,79.99,-0.00,64.79
71.98,71.98,76.13,-0.00,66.09
72.48,72.48,81.14,-0.00,68.69
73.25,73.25,74.95,-0.00,69.47
69.54,69.54,77.21,-0.00,67.19
68.80,68.80,82.28,-0.00,68.04
66.84,66.84,75.10,-0.00,65.80
65.49,65.49,79.07,-0.00,65.50
71.98,71.98,73.42,0.01,65.64
73.46,73.46,73.32,0.01,65.17
69.39,69.39,77.11,0.01,67.56
63.93,63.93,68.92,1.21,67.97
68.78,68.78,64.07,4.11,67.27
70.31,70.31,58.43,11.91,66.50
67.89,67.89,55.15,16.99,66.77
66.52,66.52,50.23,12.09,68.35
68.45,68.45,47.51,22.18,67.99
69.06,69.06,51.49,23.41,70.25
63.01,63.01,60.12,22.56,69.23
64.13,64.13,60.87,34.14,70.86
66.98,66.98,58.47,26.19,70.67
69.41,69.41,57.50,27.65,66.03
71.26,71.26,56.45,32.86,65.99
71.19,71.19,56.30,35.58,64.99
71.40,71.40,55.55,30.49,66.41
70.31,70.31,54.42,30.01,65.64
71.63,71.63,55.54,28.22,66.48
70.54,70.54,54.94,30.52,66.99
71.37,71.37,52.96,33.72,66.69
66.64,66.64,53.96,31.65,62.61
62.55,62.55,59.03,33.33,61.03
65.22,65.22,62.36,31.40,60.07
66.74,66.74,71.96,23.33,64.34
66.83,66.83,62.29,32.33,62.03
64.18,64.18,58.18,35.57,62.35
71.16,71.16,54.44,35.29,65.26
67.68,67.68,51.08,37.66,65.68
71.86,71.86,47.83,39.38,65.73
70.32,70.32,46.92,28.71,65.48
68.95,68.95,46.26,38.27,65.29
62.29,62.29,47.04,26.15,62.86
66.23,66.23,53.95,27.96,63.04
66.16,66.16,61.45,29.04,62.85
64.07,64.07,69.76,26.17,65.74
60.23,60.23,67.19,27.38,64.35
62.88,62.88,64.66,23.93,64.35
69.86,69.86,62.68,28.33,63.94
69.85,69.85,57.65,29.00,62.44
68.69,68.69,55.17,33.48,63.30
67.97,67.97,51.57,32.09,61.17
68.30,68.30,52.32,31.60,61.76
68.07,68.07,52.45,26.05,63.21
69.76,69.76,53.56,29.76,62.50
70.37,70.37,62.77,32.68,66.48
69.30,69.30,66.26,32.64,66.10
68.48,68.48,59.61,30.59,65.91
69.86,69.86,56.38,32.97,64.37
67.21,67.21,54.65,30.75,67.03
68.66,68.66,51.72,32.37,67.42
69.11,69.11,49.31,36.38,66.20
67.34,67.34,48.70,28.33,64.36
68.79,68.79,49.15,34.13,64.26
68.57,68.57,48.31,29.81,63.70
69.99,69.99,50.00,26.76,63.01
70.94,70.94,54.49,31.20,66.76
70.46,70.46,53.41,23.14,66.37
69.53,69.53,53.98,20.08,67.59
72.07,72.07,52.02,23.94,66.08
73.30,73.30,54.93,16.52,65.93
74.24,74.24,53.95,12.15,65.98
69.95,69.95,57.35,17.81,67.90
69.64,69.64,51.95,16.20,67.46
65.80,65.80,52.72,12.52,67.66
64.11,64.11,52.52,10.60,67.06
62.98,62.98,54.92,10.94,66.51
65.61,65.61,62.85,10.97,65.92
68.29,68.29,67.06,4.72,66.99
68.66,68.66,69.43,0.67,65.56
70.75,70.75,71.87,0.25,65.27
67.07,67.07,81.28,3.49,67.82
67.75,67.75,79.55,5.69,67.49
70.66,70.66,76.84,3.76,65.33
68.97,68.97,78.64,0.11,62.65
70.03,70.03,82.50,-0.00,66.60
62.06,62.06,73.60,-0.00,66.42
67.58,67.58,83.49,-0.00,68.77
67.69,67.69,79.40,-0.00,68.19
71.03,71.03,77.31,-0.00,69.55
67.03,67.03,78.48,-0.00,67.83
65.54,65.54,71.88,-0.00,69.42
64.70,64.70,72.31,-0.00,69.38
67.39,67.39,72.73,-0.00,68.66
66.15,66.15,73.09,-0.00,67.49
66.71,66.71,66.32,0.21,69.34
67.57,67.57,63.36,1.89,70.02
65.55,65.55,58.61,7.96,67.94
66.99,66.99,50.59,14.43,65.59
66.35,66.35,50.15,17.41,63.68
72.58,72.58,58.06,18.50,63.54
68.51,68.51,63.79,22.78,60.17
65.95,65.95,77.45,28.25,65.50
68.20,68.20,74.22,28.01,64.77
65.25,65.25,65.84,28.64,63.25
65.54,65.54,59.94,21.24,62.52
66.93,66.93,56.80,31.37,65.75
68.97,68.97,51.35,34.52,67.00
66.49,66.49,47.93,36.12,67.03
66.07,66.07,46.68,33.75,66.72
67.62,67.62,48.23,27.51,67.14
65.73,65.73,53.86,29.82,65.63
65.99,65.99,61.20,34.24,67.15
65.26,65.26,59.51,40.12,69.04
62.56,62.56,56.92,35.69,67.78
62.06,62.06,55.85,32.98,68.46
62.65,62.65,54.96,35.39,66.68
63.18,63.18,54.14,38.67,65.79
61.67,61.67,53.63,34.99,65.76
60.98,60.98,53.94,31.93,66.93
60.45,60.45,53.52,33.22,64.67
62.51,62.51,52.79,33.87,65.90
61.20,61.20,56.04,30.39,65.73
62.26,62.26,58.61,27.47,64.45
60.56,60.56,62.54,20.85,64.67
67.98,67.98,69.16,19.70,67.53
65.23,65.23,67.07,22.48,68.08
64.23,64.23,62.55,22.99,67.85
67.27,67.27,58.13,27.66,68.69
67.40,67.40,52.98,29.80,69.55
68.16,68.16,49.16,26.03,68.31
66.08,66.08,48.23,29.34,70.13
63.15,63.15,49.89,29.20,71.01
63.23,63.23,47.64,27.83,71.70
59.90,59.90,49.91,21.75,68.93
59.47,59.47,57.02,20.12,68.77
62.44,62.44,66.94,21.26,69.72
59.91,59.91,67.46,18.79,69.18
60.55,60.55,63.75,13.56,68.51
58.26,58.26,62.33,9.68,69.25
56.74,56.74,58.24,18.19,68.34
53.03,53.03,52.26,21.23,67.32
58.76,58.76,49.78,19.09,68.08
57.81,57.81,49.49,22.22,66.04
57.54,57.54,51.02,16.53,64.84
53.80,53.80,55.02,10.86,61.72
54.93,54.93,56.28,6.30,61.62
52.24,52.24,67.77,-0.00,63.40
55.21,55.21,73.45,-0.00,65.63
49.82,49.82,79.43,-0.00,64.48
50.09,50.09,77.28,-0.00,65.06
54.85,54.85,77.79,-0.00,66.57
56.89,56.89,76.43,-0.00,66.35
59.85,59.85,81.64,-0.00,66.47
60.79,60.79,72.39,-0.00,66.81
54.24,54.24,80.73,-0.00,68.20
55.08,55.08,79.20,-0.00,67.69
53.55,53.55,73.59,-0.00,67.98
55.56,55.56,78.16,-0.00,68.13
59.00,59.00,70.50,-0.00,66.10
62.27,62.27,68.86,-0.00,67.13
60.15,60.15,73.94,-0.00,66.29
58.93,58.93,66.75,0.31,67.84
61.52,61.52,57.39,4.23,68.17
55.79,55.79,56.82,7.00,68.31
54.71,54.71,58.18,5.04,68.29
55.31,55.31,55.63,6.12,69.68
54.56,54.56,56.52,18.32,66.96
54.64,54.64,59.22,16.02,64.40
56.71,56.71,65.70,27.79,66.97
57.33,57.33,64.24,19.53,64.79
58.64,58.64,60.99,23.48,63.25
59.93,59.93,60.12,29.65,66.64
60.69,60.69,57.84,32.21,67.20
63.37,63.37,56.09,30.12,66.76
63.96,63.96,51.48,28.57,66.98
62.95,62.95,48.76,32.48,66.56
56.11,56.11,46.14,30.18,66.20
57.35,57.35,50.94,27.59,64.98
57.90,57.90,50.63,28.41,66.19
58.77,58.77,52.94,16.14,66.88
56.66,56.66,59.36,4.18,68.04
54.94,54.94,64.76,0.78,66.64
51.84,51.84,70.98,-0.00,66.76
53.87,53.87,76.77,-0.00,67.16
53.48,53.48,78.27,-0.00,67.38
54.68,54.68,77.64,-0.00,67.93
52.60,52.60,78.98,-0.00,67.44
53.13,53.13,80.64,-0.00,67.32
51.10,51.10,72.96,-0.00,65.97
51.11,51.11,80.73,-0.00,66.36
48.66,48.66,79.93,-0.00,64.71
52.31,52.31,74.94,-0.00,65.46
50.28,50.28,78.04,0.01,66.01
48.27,48.27,70.64,-0.00,63.75
55.54,55.54,77.44,0.00,65.72
57.63,57.63,75.42,0.00,67.89
62.40,62.40,69.25,0.34,66.22
62.95,62.95,66.23,4.82,66.36
64.19,64.19,57.26,9.55,66.74
59.15,59.15,50.14,21.37,68.13
61.21,61.21,49.92,22.94,68.94
59.90,59.90,50.46,23.81,67.10
59.38,59.38,54.14,16.83,66.47
59.14,59.14,58.96,21.25,69.39
57.62,57.62,54.93,19.93,68.61
59.81,59.81,56.28,23.72,69.20
58.24,58.24,54.21,22.38,67.40
62.60,62.60,54.32,24.68,66.71
64.57,64.57,56.79,22.06,67.53
64.04,64.04,56.97,17.34,64.26
60.72,60.72,58.11,17.29,64.94
59.31,59.31,55.01,17.45,66.07
62.07,62.07,53.72,22.91,65.79
64.36,64.36,52.90,24.05,65.55
60.11,60.11,55.50,26.59,65.31
63.57,63.57,59.43,18.25,65.42
61.75,61.75,70.56,28.08,67.86
62.02,62.02,64.60,29.75,63.89
59.86,59.86,60.10,25.42,59.93
61.48,61.48,55.76,20.22,62.47
67.18,67.18,51.74,26.39,64.55
66.33,66.33,48.91,31.93,65.92
65.46,65.46,46.46,31.97,66.96
62.95,62.95,50.00,31.03,66.99
56.49,56.49,47.92,27.79,66.56
57.37,57.37,54.72,24.72,64.76
59.56,59.56,62.67,26.61,64.65
57.88,57.88,70.66,19.28,65.40
59.18,59.18,67.69,9.65,64.46
58.27,58.27,65.29,6.91,64.56
63.05,63.05,61.42,9.19,65.24
61.93,61.93,59.32,14.53,66.32
60.24,60.24,54.87,23.41,67.39
59.34,59.34,50.46,21.13,66.46
56.03,56.03,51.97,21.99,66.89
52.53,52.53,52.60,23.85,65.67
57.41,57.41,58.61,23.45,64.01
57.44,57.44,60.23,27.56,65.80
58.38,58.38,67.53,22.82,66.79
56.02,56.02,61.37,20.37,65.15
54.60,54.60,60.04,27.78,62.57
54.41,54.41,57.61,29.63,64.57
47.64,47.64,53.25,26.54,64.69
52.35,52.35,50.36,30.18,66.03
59.36,59.36,48.37,28.38,66.80
56.98,56.98,49.22,29.69,66.17
53.45,53.45,49.16,23.77,65.81
49.40,49.40,49.96,21.41,66.75
45.83,45.83,55.16,16.97,66.61
45.49,45.49,60.15,14.47,67.07
49.82,49.82,58.06,9.82,68.67
51.47,51.47,55.74,15.06,67.01
46.68,46.68,54.76,12.40,67.58
50.88,50.88,59.02,9.44,65.29
49.02,49.02,55.32,14.40,66.12
44.49,44.49,54.57,18.02,65.81
43.72,43.72,53.84,17.82,65.20
42.75,42.75,57.51,17.44,64.98
46.39,46.39,56.19,12.28,64.47
48.75,48.75,58.57,6.61,62.18
51.33,51.33,68.41,4.86,63.21
50.26,50.26,67.24,-0.00,62.84
51.63,51.63,70.52,-0.00,63.47
47.70,47.70,78.06,-0.00,64.50
43.62,43.62,79.11,-0.00,62.51
41.48,41.48,78.47,-0.00,64.58
40.12,40.12,78.71,-0.00,63.94
44.23,44.23,78.32,-0.00,63.75
44.33,44.33,79.85,-0.00,63.89
45.10,45.10,80.51,-0.00,66.68
49.90,49.90,78.76,-0.00,66.17
45.42,45.42,78.95,-0.00,69.47
48.07,48.07,78.66,-0.00,67.67
46.78,46.78,75.96,-0.00,67.20
50.19,50.19,70.23,-0.00,63.31
49.47,49.47,71.81,-0.00,56.20
54.02,54.02,74.80,5.25,58.56
60.08,60.08,67.64,7.80,61.28
65.06,65.06,59.34,11.46,63.14
70.78,70.78,62.43,13.93,63.57
71.26,71.26,49.56,13.98,60.94
69.57,69.57,53.70,19.78,64.56
68.03,68.03,58.97,25.25,61.47
56.21,56.21,62.47,31.16,58.04
51.40,51.40,71.46,31.59,56.62
53.56,53.56,74.83,38.02,53.69
66.78,66.78,69.35,32.63,58.85
67.28,67.28,66.88,30.41,58.07
65.13,65.13,66.62,32.69,58.96
63.20,63.20,64.52,34.50,56.43
63.91,63.91,57.70,32.97,52.93
58.56,58.56,57.33,32.31,53.74
60.53,60.53,56.36,36.81,49.29
56.67,56.67,45.81,32.87,46.32
50.09,50.09,37.01,32.01,41.94
54.17,54.17,42.54,37.38,40.75
50.21,50.21,43.56,35.62,42.08
49.44,49.44,41.24,38.75,40.56
48.40,48.40,48.00,39.22,39.26
48.71,48.71,41.18,33.46,39.17
50.95,50.95,34.01,33.82,36.71
46.54,46.54,43.46,36.73,35.90
46.11,46.11,49.06,38.25,34.55
46.52,46.52,44.67,34.42,33.03
47.23,47.23,49.69,40.31,34.08
44.39,44.39,43.01,33.95,32.59
45.75,45.75,44.79,37.14,35.81
42.52,42.52,30.52,29.86,30.56
46.88,46.88,30.99,32.97,30.14
45.51,45.51,28.11,27.15,30.91
43.04,43.04,33.44,30.23,30.70
44.87,44.87,36.45,31.46,31.71
42.28,42.28,31.30,25.08,28.98
43.54,43.54,25.49,30.74,31.87
42.11,42.11,30.26,23.37,31.28
42.70,42.70,25.58,23.74,32.02
43.07,43.07,31.13,34.01,38.05
49.42,49.42,38.94,40.61,46.94
52.98,52.98,45.30,40.09,60.77
47.41,47.41,45.26,38.09,60.83
46.56,46.56,44.35,33.29,63.07
47.54,47.54,41.19,36.47,63.19
48.64,48.64,43.93,38.83,63.50
49.17,49.17,42.86,36.61,63.74
46.33,46.33,37.60,38.18,64.61
50.23,50.23,38.52,41.41,66.45
44.25,44.25,36.22,34.14,68.20
46.12,46.12,37.43,22.54,69.56
46.87,46.87,48.64,20.74,68.66
39.38,39.38,58.70,19.97,70.43
42.30,42.30,69.71,14.62,73.06
42.71,42.71,76.71,21.28,70.23
36.63,36.63,78.89,26.50,72.32
34.06,34.06,77.21,28.79,74.52
34.47,34.47,77.00,28.04,72.03
33.33,33.33,77.10,18.28,72.31
37.46,37.46,80.34,0.65,72.31
37.60,37.60,69.89,2.49,73.72
37.18,37.18,79.14,3.45,74.11
34.77,34.77,79.14,5.07,74.97
40.03,40.03,79.28,8.25,75.52
35.96,35.96,76.40,9.17,75.17
39.53,39.53,69.95,5.72,75.15
41.60,41.60,74.67,3.27,75.71
38.38,38.38,71.47,6.43,74.72
36.93,36.93,68.30,11.84,75.91
37.01,37.01,56.67,8.47,76.25
38.29,38.29,55.23,13.47,75.25
38.66,38.66,50.29,16.30,75.83
40.15,40.15,54.09,12.29,74.51
38.96,38.96,59.08,10.05,75.28
39.37,39.37,64.07,7.03,76.53
37.57,37.57,62.88,10.95,75.32
35.20,35.20,57.89,15.01,74.03
29.90,29.90,59.13,18.99,75.98
29.72,29.72,55.04,17.78,74.74
30.02,30.02,51.26,20.78,75.51
33.31,33.31,51.76,14.66,75.59
34.36,34.36,48.83,18.55,75.51
32.88,32.88,48.35,25.94,75.88
32.65,32.65,49.80,21.49,75.08
32.96,32.96,50.71,21.67,75.31
32.44,32.44,52.43,26.74,76.09
31.64,31.64,55.36,21.07,75.17
28.75,28.75,66.91,27.31,73.81
26.90,26.90,69.10,32.07,73.54
31.74,31.74,78.76,29.83,74.60
29.34,29.34,79.19,19.07,74.29
28.59,28.59,79.37,28.22,74.77
26.04,26.04,75.08,36.24,73.76
36.63,36.63,80.73,36.01,71.37
43.82,43.82,77.66,28.13,71.88
45.39,45.39,79.16,11.63,73.28
43.63,43.63,79.00,12.25,73.08
45.71,45.71,77.19,6.32,73.61
43.62,43.62,76.20,2.13,73.29
43.81,43.81,71.79,1.91,75.00
44.02,44.02,71.90,5.86,72.95
38.05,38.05,74.96,4.70,74.59
35.18,35.18,70.21,5.31,74.41
32.50,32.50,62.07,3.27,74.21
35.98,35.98,57.03,1.95,74.00
37.23,37.23,54.52,5.88,72.55
39.14,39.14,46.52,7.29,73.98
39.70,39.70,47.94,9.17,74.90
41.85,41.85,46.92,9.37,74.70
38.41,38.41,51.14,12.01,76.47
37.88,37.88,51.73,13.39,74.97
34.32,34.32,50.78,16.28,76.02
37.40,37.40,52.00,19.37,77.51
36.92,36.92,52.96,23.37,77.04
37.53,37.53,50.05,23.20,76.29
35.28,35.28,47.23,31.67,74.82
38.14,38.14,44.99,27.88,73.60
37.58,37.58,50.89,38.88,75.85
38.70,38.70,48.79,37.23,75.77
37.02,37.02,41.29,30.48,72.05
37.85,37.85,47.31,36.08,72.94
38.07,38.07,55.66,32.56,73.02
36.25,36.25,64.49,29.33,77.10
35.73,35.73,66.89,22.25,74.36
32.83,32.83,59.77,25.62,74.48
33.50,33.50,56.48,31.55,73.45
33.16,33.16,51.86,28.98,74.11
33.45,33.45,51.07,32.04,75.88
32.15,32.15,47.13,33.97,75.25
32.92,32.92,48.00,34.78,74.61
35.92,35.92,45.29,35.61,75.01
38.21,38.21,48.35,24.89,73.13
36.51,36.51,55.10,31.32,75.43
36.40,36.40,60.50,29.14,75.34
31.74,31.74,63.23,28.64,75.91
33.40,33.40,59.63,22.62,75.26
33.68,33.68,57.54,26.91,72.75
36.02,36.02,58.07,35.90,74.12
34.41,34.41,52.45,37.91,74.89
34.46,34.46,48.28,33.39,72.92
34.07,34.07,48.20,34.49,72.89
34.19,34.19,51.07,34.21,71.83
35.49,35.49,54.11,39.17,71.31
38.78,38.78,52.07,31.52,72.60
41.87,41.87,58.16,33.47,73.95
38.15,38.15,57.36,28.42,72.90
32.97,32.97,55.08,31.85,73.15
32.01,32.01,52.36,35.77,71.95
32.17,32.17,49.25,34.87,72.38
34.39,34.39,44.69,36.26,72.83
39.28,39.28,44.48,39.83,72.84
38.17,38.17,42.97,35.24,73.01
35.77,35.77,44.41,37.55,72.26
31.52,31.52,46.01,35.00,71.94
30.44,30.44,49.41,37.82,73.25
29.44,29.44,53.31,35.66,74.09
26.89,26.89,53.01,34.49,73.25
27.30,27.30,53.86,32.20,74.75
28.81,28.81,50.00,38.35,74.43
29.33,29.33,49.15,39.34,74.48
27.94,27.94,50.48,39.28,75.24
27.43,27.43,48.50,38.92,74.61
27.82,27.82,47.45,44.10,75.55
28.38,28.38,50.05,41.76,73.92
26.66,26.66,51.13,36.85,75.55
26.17,26.17,54.78,39.20,74.51
30.49,30.49,59.64,34.76,75.61
32.31,32.31,62.08,28.41,75.82
33.94,33.94,64.99,32.81,75.82
35.38,35.38,73.81,35.24,73.93
35.11,35.11,81.84,29.99,72.72
34.31,34.31,77.91,14.54,74.77
31.85,31.85,79.18,9.38,72.54
30.23,30.23,76.75,11.74,74.03
29.81,29.81,82.60,12.16,73.22
31.60,31.60,79.01,18.57,71.61
31.98,31.98,77.13,19.82,73.84
32.81,32.81,78.50,18.19,74.39
33.66,33.66,78.33,5.88,75.22
31.20,31.20,77.91,6.51,74.42
30.45,30.45,71.94,7.74,74.79
29.88,29.88,71.73,5.20,73.99
30.68,30.68,76.32,11.37,72.30
31.02,31.02,72.02,19.88,74.62
30.31,30.31,61.01,25.16,74.00
31.13,31.13,64.02,22.02,72.98
30.03,30.03,57.15,14.95,72.65
30.37,30.37,56.48,17.43,72.95
27.69,27.69,54.12,24.31,70.85
22.42,22.42,58.96,27.13,73.27
31.63,31.63,67.90,25.16,73.29
25.84,25.84,75.22,19.79,73.55
26.01,26.01,68.80,17.21,73.92
26.51,26.51,61.35,18.97,73.38
28.53,28.53,55.42,21.01,73.82
29.55,29.55,51.39,27.22,72.40
29.41,29.41,48.89,28.79,74.29
29.29,29.29,44.69,24.56,74.18
28.82,28.82,45.61,30.42,72.94
28.09,28.09,44.50,32.03,75.02
29.31,29.31,47.79,32.21,75.82
29.85,29.85,51.15,38.42,75.70
26.09,26.09,48.81,31.49,74.24
24.84,24.84,50.48,27.20,75.37
26.76,26.76,52.95,24.12,74.91
26.34,26.34,52.36,22.93,74.43
28.26,28.26,51.52,33.73,74.79
29.73,29.73,50.43,34.91,75.31
29.98,29.98,48.39,27.36,75.14
31.44,31.44,43.43,28.08,73.21
32.08,32.08,38.74,29.32,73.40
32.38,32.38,45.86,27.66,74.81
30.05,30.05,50.96,27.21,73.45
26.42,26.42,57.18,30.28,72.89
30.43,30.43,67.54,30.14,73.98
29.61,29.61,65.92,25.33,72.47
28.65,28.65,59.76,13.64,71.86
28.77,28.77,53.33,18.47,71.80
27.01,27.01,48.41,15.24,71.79
30.35,30.35,44.37,23.05,71.15
30.71,30.71,43.15,32.87,72.64
31.29,31.29,40.91,22.74,71.74
31.30,31.30,44.84,24.62,72.22
26.62,26.62,53.36,29.63,74.65
20.48,20.48,60.87,34.83,73.22
20.89,20.89,67.14,35.96,72.65
25.14,25.14,64.56,33.17,72.68
27.70,27.70,61.21,31.93,72.67
28.22,28.22,58.99,30.02,72.93
30.00,30.00,53.76,33.21,72.77
30.57,30.57,51.49,34.76,72.59
31.83,31.83,49.36,35.45,71.12
31.88,31.88,48.62,32.72,74.18
29.09,29.09,48.52,31.14,72.61
27.21,27.21,53.90,33.84,73.82
28.29,28.29,59.20,29.35,71.58
24.35,24.35,67.99,29.01,73.02
21.95,21.95,73.11,20.64,73.42
20.19,20.19,74.85,17.12,72.22
19.57,19.57,76.89,7.45,74.00
21.49,21.49,74.13,4.20,74.03
23.37,23.37,77.73,4.65,73.10
31.62,31.62,82.57,7.06,73.89
36.10,36.10,72.65,10.99,74.80
33.50,33.50,81.54,11.21,76.56
30.94,30.94,79.48,12.60,74.31
32.04,32.04,77.27,15.44,73.84
33.05,33.05,76.76,15.85,74.13
29.68,29.68,72.47,15.51,76.20
24.66,24.66,68.38,10.73,75.90
23.29,23.29,71.01,6.79,75.02
24.06,24.06,72.86,5.52,76.08
25.35,25.35,64.38,4.09,74.81
27.74,27.74,55.85,4.23,74.68
29.03,29.03,53.02,2.52,76.19
29.40,29.40,59.38,5.64,75.37
27.20,27.20,53.26,7.91,74.84
35.90,35.90,57.62,9.75,72.60
40.83,40.83,65.48,12.97,74.96
41.03,41.03,62.93,11.65,76.44
38.62,38.62,57.51,18.05,76.37
36.71,36.71,55.67,17.16,76.36
35.49,35.49,52.83,27.43,76.40
35.43,35.43,53.77,28.19,76.04
33.73,33.73,49.41,20.11,73.04
33.75,33.75,48.18,17.02,74.30
34.92,34.92,45.46,21.38,75.14
34.18,34.18,49.90,19.78,75.51
34.78,34.78,46.62,8.47,76.09
30.91,30.91,54.70,15.24,75.98
26.85,26.85,62.28,9.71,74.99
17.89,17.89,67.82,7.81,76.95
14.55,14.55,79.53,7.32,75.51
14.16,14.16,75.57,2.07,76.94
14.72,14.72,79.37,0.21,76.04
18.35,18.35,77.38,0.43,75.24
19.76,19.76,81.54,0.57,74.13
21.72,21.72,75.85,3.40,74.33
22.50,22.50,75.44,7.57,74.27
23.55,23.55,81.28,6.00,76.05
22.34,22.34,75.04,4.72,73.85
24.25,24.25,79.99,1.30,74.22
25.68,25.68,73.43,7.38,73.81
25.47,25.47,72.06,6.36,72.62
18.56,18.56,77.07,1.51,74.37
15.36,15.36,72.72,0.02,70.83
15.91,15.91,69.51,0.26,73.70
19.90,19.90,60.84,0.37,74.76
24.14,24.14,60.40,0.05,74.04
23.05,23.05,50.33,0.00,73.71
23.42,23.42,46.93,-0.00,73.69
23.30,23.30,48.25,-0.00,73.70
25.02,25.02,49.93,-0.00,75.08
27.33,27.33,52.95,-0.00,73.39
28.68,28.68,50.48,0.00,74.48
25.59,25.59,52.91,-0.00,74.56
24.49,24.49,54.36,4.30,75.00
24.68,24.68,52.54,1.07,75.43
25.97,25.97,50.36,0.99,75.21
27.09,27.09,49.19,0.02,74.59
26.37,26.37,52.21,11.88,74.39
27.99,27.99,54.94,8.56,75.31
27.26,27.26,46.45,10.10,75.37
26.13,26.13,46.03,3.95,77.40
21.47,21.47,53.10,4.05,76.03
13.64,13.64,58.05,4.40,75.39
9.52,9.52,65.96,3.12,73.82
11.75,11.75,58.95,0.83,74.72
16.61,16.61,53.22,5.33,74.32
23.58,23.58,49.50,8.71,72.19
25.25,25.25,44.99,14.91,74.01
24.28,24.28,42.33,8.22,73.44
24.66,24.66,43.19,9.06,74.31
23.87,23.87,44.49,18.52,73.04
24.24,24.24,47.38,14.95,74.31
17.97,17.97,49.52,7.90,73.20
13.40,13.40,56.23,2.00,73.77
13.14,13.14,62.36,5.52,76.20
14.81,14.81,61.49,1.21,72.48
19.36,19.36,58.55,8.08,74.28
20.86,20.86,53.16,4.81,72.41
23.17,23.17,50.94,3.79,73.39
23.38,23.38,45.86,0.47,73.47
27.33,27.33,43.32,0.15,73.79
27.61,27.61,44.20,0.22,73.58
27.18,27.18,47.24,0.00,71.88
23.88,23.88,51.53,0.48,71.58
21.20,21.20,57.24,1.65,75.27
13.12,13.12,62.91,1.88,74.74
8.78,8.78,61.10,1.81,73.95
11.03,11.03,62.24,7.04,73.87
20.66,20.66,60.25,14.91,73.51
23.49,23.49,54.56,17.74,73.43
23.64,23.64,51.12,17.46,72.48
25.10,25.10,48.82,16.19,72.24
25.02,25.02,46.79,19.42,70.84
22.88,22.88,44.30,22.87,71.51
20.57,20.57,46.67,22.37,70.72
19.78,19.78,51.83,17.28,70.84
19.27,19.27,53.46,11.75,73.30
20.89,20.89,49.64,8.03,71.64
21.73,21.73,50.87,15.61,72.82
22.18,22.18,46.47,18.32,73.19
22.24,22.24,44.95,17.29,73.74
23.09,23.09,44.93,15.01,72.09
23.54,23.54,43.87,11.04,73.43
23.36,23.36,45.63,14.96,72.60
22.05,22.05,50.69,13.62,74.31
16.42,16.42,55.87,8.26,74.71
15.67,15.67,63.28,3.22,73.64
10.53,10.53,62.49,8.82,73.18
10.84,10.84,66.55,15.27,74.04
11.72,11.72,71.09,12.02,73.49
11.72,11.72,80.75,10.05,73.25
11.92,11.92,78.04,10.15,71.11
13.07,13.07,80.11,2.75,71.60
15.15,15.15,75.20,3.23,71.59
17.68,17.68,82.86,0.89,71.25
19.32,19.32,78.19,1.31,71.97
21.31,21.31,78.77,7.66,72.94
23.48,23.48,82.97,13.01,72.60
26.41,26.41,75.98,14.96,75.43
25.72,25.72,81.17,16.58,75.12
27.99,27.99,75.81,13.58,74.20
25.54,25.54,70.48,6.25,73.26
26.48,26.48,73.59,9.22,71.72
24.90,24.90,73.43,9.08,69.77
25.88,25.88,64.95,5.17,71.23
28.62,28.62,62.32,0.20,70.00
30.98,30.98,60.21,2.13,70.00
31.94,31.94,51.24,7.91,72.85
27.53,27.53,54.16,11.08,71.95
19.07,19.07,56.98,10.30,72.33
7.56,7.56,64.35,4.80,71.92
2.28,2.28,75.85,0.11,73.19
5.97,5.97,72.63,0.22,72.97
20.20,20.20,63.24,2.48,71.32
26.72,26.72,59.34,4.43,73.34
24.46,24.46,56.18,10.33,75.10
26.08,26.08,51.47,7.02,74.12
25.20,25.20,48.71,16.37,74.49
24.28,24.28,47.62,13.35,73.77
20.60,20.60,48.27,30.95,70.59
17.39,17.39,53.44,25.19,69.96
17.92,17.92,59.13,17.24,72.18
17.26,17.26,55.59,30.25,71.79
13.71,13.71,53.97,22.14,71.66
15.97,15.97,53.41,20.15,70.65
21.32,21.32,54.11,25.31,70.52
22.85,22.85,50.55,22.74,71.14
25.11,25.11,50.82,31.67,69.87
24.92,24.92,47.69,26.17,70.38
25.60,25.60,45.70,26.38,71.12
26.50,26.50,43.13,17.91,75.11
25.28,25.28,43.68,18.11,73.59
22.63,22.63,46.85,8.97,72.54
15.88,15.88,50.90,2.70,72.09
9.89,9.89,56.47,3.45,71.93
11.03,11.03,62.78,4.18,71.97
12.60,12.60,57.40,3.36,71.76
18.37,18.37,52.46,1.63,70.24
21.45,21.45,47.26,0.37,69.78
22.93,22.93,44.45,0.73,68.64
24.60,24.60,40.90,0.80,68.06
26.41,26.41,41.57,1.03,68.63
27.27,27.27,42.93,1.33,69.18
23.38,23.38,46.14,5.07,69.05
16.58,16.58,51.72,4.81,69.72
10.95,10.95,58.37,0.68,72.50
15.50,15.50,63.14,6.14,75.32
18.02,18.02,60.73,7.21,74.85
21.60,21.60,59.98,8.16,73.22
21.79,21.79,56.24,8.89,72.65
24.50,24.50,51.46,7.95,70.79
24.70,24.70,47.72,10.36,72.14
25.01,25.01,45.73,12.24,72.27
26.82,26.82,47.21,18.71,71.58
25.42,25.42,50.72,16.50,72.37
19.42,19.42,58.88,10.29,70.71
16.63,16.63,66.87,5.88,70.08
8.94,8.94,72.56,9.75,66.89
5.67,5.67,78.98,4.76,67.24
5.39,5.39,75.25,0.45,71.21
14.29,14.29,77.35,-0.00,72.60
20.07,20.07,74.35,-0.00,71.68
22.80,22.80,81.03,-0.00,73.42
22.45,22.45,73.71,-0.00,72.21
25.24,25.24,79.17,0.01,73.53
25.03,25.03,77.11,0.67,73.00
18.93,18.93,78.44,0.65,74.42
19.91,19.91,76.76,0.36,73.50
21.13,21.13,74.64,0.03,73.10
22.35,22.35,62.59,-0.00,72.19
23.62,23.62,72.03,-0.00,70.33
22.87,22.87,72.23,-0.00,71.58
25.75,25.75,63.70,-0.00,71.79
26.43,26.43,57.64,-0.00,71.87
28.34,28.34,54.07,-0.00,73.63
25.85,25.85,53.96,-0.00,73.77
22.48,22.48,56.68,0.79,72.53
15.20,15.20,59.27,3.40,72.24
14.17,14.17,68.67,4.63,71.83
6.06,6.06,66.21,5.94,71.55
10.17,10.17,60.26,12.01,71.42
13.57,13.57,59.56,17.03,71.63
15.87,15.87,54.74,14.77,71.09
18.38,18.38,53.48,21.13,72.61
19.63,19.63,50.28,21.03,72.03
23.21,23.21,48.31,19.65,72.03
23.26,23.26,45.09,22.80,71.50
24.09,24.09,47.43,25.81,73.07
25.38,25.38,47.42,18.51,73.30
24.11,24.11,50.30,13.03,71.48
23.20,23.20,58.86,16.38,71.77
19.74,19.74,62.24,10.27,72.28
14.92,14.92,71.26,6.16,70.37
13.46,13.46,80.19,2.61,69.01
12.85,12.85,78.29,0.83,69.54
12.54,12.54,78.57,0.00,71.50
14.02,14.02,76.26,-0.00,70.89
15.79,15.79,82.34,-0.00,72.00
18.21,18.21,78.73,0.06,68.90
18.91,18.91,81.35,0.89,72.67
17.40,17.40,77.36,7.80,69.51
9.58,9.58,77.76,16.10,65.90
8.26,8.26,74.73,16.89,69.16
8.49,8.49,71.68,12.00,70.53
13.39,13.39,77.72,4.22,66.05
15.25,15.25,73.90,0.70,70.35
13.93,13.93,69.78,0.63,69.65
17.63,17.63,61.76,0.89,70.11
22.04,22.04,59.98,1.65,70.77
24.15,24.15,51.96,4.74,69.88
24.69,24.69,47.86,5.30,70.93
24.66,24.66,47.68,1.69,70.18
22.59,22.59,50.74,2.85,71.33
26.14,26.14,55.66,6.27,73.36
21.32,21.32,53.47,1.41,73.39
16.10,16.10,54.53,6.80,71.97
15.76,15.76,55.08,7.37,71.98
19.83,19.83,55.12,4.07,71.89
19.77,19.77,52.55,5.73,69.51
23.50,23.50,49.88,13.12,69.11
24.67,24.67,49.23,12.61,71.28
24.48,24.48,51.28,5.00,70.40
26.15,26.15,47.28,3.45,70.60
23.91,23.91,48.26,3.35,71.48
21.24,21.24,52.39,7.60,72.13
13.45,13.45,57.33,8.95,70.44
9.48,9.48,64.10,7.27,71.53
6.14,6.14,67.36,8.26,71.34
8.64,8.64,59.81,7.87,70.98
14.00,14.00,54.50,7.22,69.67
19.10,19.10,49.46,17.46,70.60
22.93,22.93,46.19,16.71,70.92
26.49,26.49,43.56,22.21,71.24
28.64,28.64,43.85,28.13,70.25
27.45,27.45,45.44,25.95,69.17
22.51,22.51,50.55,15.24,70.91
15.32,15.32,57.30,14.30,69.94
11.56,11.56,66.34,10.17,67.61
12.47,12.47,68.81,9.11,71.87
16.04,16.04,64.04,10.84,70.72
19.23,19.23,62.57,14.65,67.79
22.66,22.66,57.23,10.91,69.27
26.05,26.05,52.34,13.47,69.66
29.07,29.07,47.33,19.05,69.68
31.68,31.68,47.32,23.05,66.31
33.26,33.26,49.22,22.86,67.17
29.73,29.73,49.43,19.33,69.01
21.78,21.78,51.18,13.09,67.83
21.59,21.59,58.39,7.91,68.79
19.81,19.81,57.02,8.13,71.80
20.69,20.69,51.73,10.10,69.70
24.49,24.49,47.97,11.11,69.75
26.12,26.12,44.71,14.60,70.80
29.84,29.84,43.26,15.77,70.02
31.97,31.97,40.92,15.20,68.15
33.50,33.50,40.22,19.34,70.41
32.31,32.31,41.10,22.80,70.75
28.17,28.17,46.00,22.01,68.68
23.19,23.19,50.71,27.08,71.91
25.26,25.26,56.50,20.71,72.02
23.16,23.16,52.37,11.59,69.93
27.34,27.34,50.03,10.76,71.35
31.43,31.43,47.00,14.98,70.35
32.40,32.40,44.70,11.45,69.20
32.48,32.48,41.55,18.76,69.54
33.97,33.97,41.90,16.60,69.83
35.19,35.19,40.37,8.32,70.43
34.76,34.76,43.57,18.39,70.74
30.55,30.55,50.14,11.83,69.23
23.46,23.46,54.74,17.51,69.76
20.93,20.93,65.32,7.52,71.91
16.45,16.45,67.40,16.93,69.04
14.68,14.68,67.50,19.07,71.34
13.42,13.42,74.68,10.58,72.13
10.82,10.82,81.13,11.20,72.46
10.56,10.56,77.97,10.13,69.61
11.72,11.72,78.09,8.45,70.97
15.66,15.66,82.87,1.65,70.42
17.62,17.62,79.28,0.02,71.59
21.38,21.38,78.48,3.75,71.69
22.59,22.59,83.46,5.42,73.05
24.24,24.24,77.04,6.14,72.04
26.09,26.09,80.77,6.74,72.35
23.60,23.60,75.53,11.21,72.02
24.27,24.27,69.41,13.46,72.16
24.58,24.58,73.73,19.23,72.17
26.14,26.14,74.30,18.90,69.88
27.68,27.68,73.51,17.28,72.16
26.67,26.67,61.35,16.39,70.99
27.57,27.57,62.55,10.96,71.20
28.81,28.81,57.64,7.80,70.01
30.60,30.60,53.50,9.07,68.81
24.13,24.13,53.17,18.11,68.77
17.05,17.05,59.90,21.12,70.64
10.39,10.39,71.25,18.40,67.44
14.62,14.62,75.45,8.39,68.83
13.81,13.81,70.53,2.79,68.96
11.85,11.85,63.05,9.98,70.18
16.19,16.19,57.91,17.72,69.62
21.55,21.55,54.05,21.66,70.69
23.84,23.84,49.88,32.31,69.29
26.27,26.27,46.51,6.54,69.87
25.42,25.42,47.31,12.73,71.94
20.04,20.04,50.03,14.80,69.00
18.23,18.23,55.61,16.70,70.18
17.44,17.44,60.03,16.62,71.91
16.20,16.20,55.99,12.64,71.87
17.04,17.04,54.14,5.38,71.93
20.05,20.05,55.46,5.87,69.66
20.53,20.53,52.60,15.16,72.59
21.79,21.79,49.99,19.92,70.59
23.31,23.31,46.49,19.87,70.82
28.08,28.08,47.04,23.70,69.84
30.79,30.79,45.57,21.92,72.69
31.75,31.75,44.09,18.15,70.33
28.56,28.56,48.91,9.64,70.37
18.59,18.59,55.44,1.92,69.86
10.89,10.89,60.12,2.23,68.74
10.07,10.07,70.86,0.12,69.97
9.50,9.50,61.25,1.19,68.27
16.36,16.36,57.20,1.69,69.50
22.98,22.98,52.88,3.73,68.30
26.96,26.96,49.51,7.88,68.31
28.26,28.26,45.79,12.22,70.24
30.53,30.53,43.43,16.07,70.09
30.32,30.32,40.79,18.12,69.54
30.98,30.98,43.56,19.05,71.87
25.83,25.83,51.00,15.40,69.55
19.38,19.38,57.18,14.68,70.42
15.17,15.17,67.12,5.97,71.68
14.47,14.47,65.35,20.18,71.13
17.49,17.49,63.15,16.50,71.57
21.78,21.78,62.10,16.97,73.04
23.80,23.80,56.72,18.71,72.14
24.51,24.51,51.05,15.27,69.85
25.23,25.23,47.13,14.42,69.84
26.29,26.29,46.92,6.39,67.93
24.33,24.33,49.31,7.45,66.26
21.13,21.13,53.44,17.48,61.91
21.19,21.19,57.25,17.90,63.06
14.04,14.04,69.82,21.55,62.11
10.34,10.34,77.68,18.44,63.59
8.43,8.43,78.11,19.59,63.51
11.68,11.68,76.20,26.29,63.94
15.68,15.68,78.25,26.73,66.32
19.02,19.02,79.60,23.23,64.96
17.73,17.73,75.67,21.78,64.76
16.85,16.85,77.51,25.38,67.30
16.28,16.28,79.35,23.50,67.61
17.55,17.55,77.01,21.91,67.89
18.79,18.79,78.13,26.12,67.74
22.24,22.24,74.71,28.31,68.98
19.01,19.01,70.18,27.46,68.18
19.39,19.39,71.05,21.02,68.78
19.11,19.11,70.08,17.38,70.43
19.16,19.16,68.27,15.87,72.71
19.86,19.86,57.74,8.94,72.28
20.27,20.27,54.94,6.70,70.97
22.92,22.92,49.43,10.54,72.44
22.50,22.50,52.41,15.28,73.07
19.77,19.77,54.76,13.76,74.45
16.01,16.01,57.43,13.30,72.54
11.85,11.85,67.10,9.18,71.62
5.17,5.17,63.54,9.07,70.40
7.64,7.64,60.29,6.51,69.56
12.33,12.33,58.22,8.79,71.85
15.81,15.81,54.46,16.12,72.68
18.28,18.28,51.95,16.90,71.64
18.73,18.73,49.08,15.99,73.90
18.07,18.07,46.68,14.62,71.29
19.72,19.72,46.44,22.76,73.31
21.44,21.44,47.86,15.17,72.75
19.84,19.84,47.71,9.45,70.87
20.07,20.07,56.13,9.63,72.09
18.62,18.62,63.64,7.76,73.22
15.75,15.75,68.07,15.49,71.71
12.89,12.89,76.17,28.00,72.47
10.88,10.88,74.05,31.17,70.55
10.88,10.88,78.13,25.25,69.68
13.08,13.08,77.23,23.33,70.15
16.64,16.64,79.40,19.94,70.24
18.31,18.31,77.01,17.64,71.42
19.75,19.75,77.34,16.07,69.24
18.91,18.91,80.25,13.18,70.52
17.77,17.77,75.65,14.17,68.81
8.23,8.23,77.20,15.62,71.23
2.24,2.24,75.84,15.68,68.74
2.96,2.96,77.74,16.72,66.35
4.28,4.28,77.22,12.74,69.98
5.78,5.78,71.94,10.53,70.14
11.55,11.55,66.24,18.60,69.52
17.23,17.23,59.10,19.15,67.02
18.43,18.43,53.75,16.05,68.06
20.99,20.99,50.10,17.41,68.26
18.98,18.98,49.84,18.44,67.10
15.58,15.58,52.35,18.85,67.61
15.05,15.05,56.76,21.29,67.97
13.70,13.70,55.70,19.34,69.53
11.47,11.47,53.86,21.87,68.80
14.34,14.34,54.45,25.53,68.35
17.39,17.39,55.36,22.55,71.66
19.59,19.59,53.18,26.08,68.77
20.56,20.56,53.71,28.73,69.20
21.11,21.11,48.91,24.60,70.28
21.39,21.39,46.76,30.05,68.96
23.63,23.63,46.84,27.74,69.59
24.10,24.10,47.35,32.52,69.12
21.22,21.22,49.02,26.45,68.45
14.39,14.39,57.23,32.57,67.28
13.07,13.07,62.98,29.25,67.19
11.29,11.29,72.07,25.87,65.97
10.75,10.75,61.78,30.79,65.41
13.34,13.34,57.05,24.45,65.58
17.46,17.46,53.39,33.95,68.40
19.80,19.80,50.36,32.80,70.21
18.73,18.73,47.70,31.98,67.95
20.72,20.72,47.42,30.38,67.62
21.61,21.61,45.84,28.49,66.31
19.22,19.22,48.23,34.67,65.76
17.16,17.16,53.18,31.62,66.08
12.85,12.85,58.97,29.59,67.16
17.52,17.52,65.53,28.82,69.32
16.85,16.85,62.35,31.27,67.48
17.33,17.33,60.55,30.56,68.65
20.22,20.22,56.94,24.75,67.52
20.80,20.80,53.03,24.11,67.43
21.92,21.92,49.06,24.06,67.91
21.99,21.99,47.22,22.98,67.98
20.84,20.84,49.96,24.12,68.05
15.74,15.74,53.32,25.51,67.30
12.48,12.48,57.41,21.50,67.54
13.30,13.30,66.31,21.13,68.26
13.17,13.17,69.01,21.44,69.90
17.93,17.93,63.81,28.89,68.30
22.13,22.13,58.45,27.97,70.18
23.75,23.75,54.14,25.43,70.58
24.63,24.63,51.26,28.23,72.85
25.31,25.31,48.75,27.67,72.38
24.06,24.06,47.25,25.65,71.92
24.17,24.17,44.75,27.76,72.52
23.99,23.99,44.76,28.05,71.06
23.37,23.37,45.44,27.52,72.06
22.54,22.54,46.03,25.78,69.87
22.53,22.53,45.35,24.90,72.07
22.67,22.67,47.55,34.55,73.63
21.91,21.91,46.00,30.45,72.32
21.55,21.55,44.71,26.21,72.66
20.50,20.50,43.56,27.73,73.59
21.91,21.91,43.49,28.13,71.83
21.23,21.23,41.54,27.46,70.32
21.11,21.11,43.64,28.65,72.18
19.75,19.75,49.58,31.11,71.02
14.44,14.44,56.95,28.87,69.68
15.06,15.06,64.57,22.32,68.88
12.80,12.80,67.78,23.96,68.88
10.20,10.20,66.04,20.56,69.39
10.93,10.93,70.93,23.48,69.06
10.71,10.71,80.24,22.55,69.69
11.68,11.68,78.12,17.05,69.39
14.63,14.63,79.26,20.81,70.32
15.00,15.00,79.50,27.83,72.07
17.76,17.76,77.79,28.82,70.29
17.96,17.96,75.34,24.74,73.29
18.14,18.14,77.85,27.60,73.12
21.17,21.17,82.58,33.55,75.01
24.68,24.68,75.96,37.85,75.20
23.84,23.84,81.46,39.12,75.52
21.14,21.14,75.56,38.85,74.80
20.93,20.93,69.49,36.14,75.36
20.52,20.52,74.83,31.73,73.82
20.11,20.11,74.11,36.07,75.02
22.55,22.55,67.40,42.89,74.13
23.03,23.03,63.62,42.12,75.38
23.60,23.60,59.12,43.44,76.72
24.09,24.09,56.21,45.18,76.29
18.19,18.19,55.91,40.50,72.39
8.37,8.37,62.99,45.06,70.93
4.23,4.23,72.53,48.87,71.90
4.38,4.38,75.51,45.00,72.58
7.66,7.66,70.86,36.81,70.37
10.12,10.12,63.10,27.45,72.77
16.27,16.27,58.67,24.79,71.62
19.85,19.85,53.26,22.29,70.78
21.79,21.79,49.87,18.76,69.61
23.20,23.20,48.86,16.34,71.48
23.11,23.11,45.49,17.30,71.21
21.08,21.08,48.86,14.99,69.53
17.82,17.82,52.85,14.94,67.91
19.11,19.11,57.85,15.35,71.19
14.09,14.09,56.79,12.66,71.04
13.32,13.32,55.47,20.60,71.69
14.58,14.58,54.59,21.64,70.71
16.43,16.43,54.41,22.45,72.51
16.89,16.89,51.59,27.21,73.14
17.92,17.92,48.54,25.41,74.14
21.49,21.49,47.92,24.40,74.76
21.23,21.23,50.05,24.68,76.08
20.29,20.29,49.12,19.52,75.12
20.10,20.10,51.72,20.75,72.06
14.02,14.02,53.51,24.72,71.72
7.38,7.38,56.69,22.96,71.98
7.09,7.09,67.98,26.85,72.17
6.03,6.03,66.62,18.99,71.66
10.40,10.40,60.64,26.89,72.68
15.53,15.53,56.15,18.16,73.46
20.95,20.95,51.43,24.99,74.36
24.63,24.63,49.41,25.70,74.05
26.81,26.81,48.93,31.23,74.74
26.68,26.68,50.87,29.04,74.18
25.96,25.96,47.10,25.22,71.88
23.85,23.85,50.21,30.43,68.73
16.93,16.93,55.08,25.69,66.88
13.07,13.07,63.72,21.81,64.98
11.30,11.30,67.88,22.53,68.28
17.87,17.87,65.01,21.08,67.28
22.46,22.46,62.85,29.83,68.94
22.59,22.59,60.60,26.97,73.43
25.10,25.10,54.41,30.06,73.98
24.15,24.15,51.45,31.42,73.30
24.97,24.97,50.26,32.61,71.08
26.65,26.65,51.74,30.70,73.29
26.37,26.37,54.63,30.10,71.77
23.17,23.17,48.27,31.05,71.67
16.98,16.98,47.13,32.90,68.09
17.01,17.01,53.10,37.61,65.77
17.55,17.55,66.66,37.74,67.80
25.58,25.58,66.67,41.55,67.91
34.80,34.80,62.79,44.03,69.53
38.85,38.85,54.53,42.57,73.40
37.78,37.78,47.97,40.67,74.19
33.84,33.84,43.76,40.54,74.25
30.76,30.76,41.39,41.36,71.86
30.22,30.22,39.39,41.47,73.32
27.16,27.16,37.74,43.74,72.83
25.69,25.69,41.18,45.08,73.62
26.39,26.39,43.84,42.82,73.96
24.85,24.85,44.86,37.39,73.98
23.72,23.72,41.50,41.50,73.36
24.22,24.22,36.46,39.72,71.33
23.30,23.30,30.94,42.73,75.20
22.50,22.50,32.46,40.57,73.47
21.98,21.98,32.13,46.46,73.74
23.18,23.18,33.38,42.26,73.78
21.54,21.54,34.31,41.12,73.03
24.74,24.74,34.81,45.50,69.88
25.91,25.91,34.08,41.09,73.58
25.08,25.08,32.36,42.86,73.21
25.75,25.75,31.31,43.53,73.61
24.78,24.78,30.90,43.61,74.43
25.21,25.21,33.21,45.74,72.48
24.48,24.48,33.83,43.46,70.80
23.61,23.61,33.18,42.29,71.83
23.62,23.62,32.16,44.24,74.01
24.89,24.89,31.70,45.22,74.07
25.06,25.06,32.33,43.30,73.07
24.36,24.36,33.28,39.42,75.54
24.37,24.37,34.03,46.47,74.16
25.37,25.37,31.54,43.51,74.21
26.32,26.32,31.85,45.89,73.84
25.86,25.86,32.63,38.94,72.51
25.51,25.51,32.55,36.39,69.92
26.15,26.15,33.15,42.37,72.07
25.57,25.57,33.58,42.18,71.14
25.64,25.64,34.43,43.35,71.55
25.96,25.96,36.55,46.95,71.34
25.34,25.34,34.89,43.84,72.03
26.05,26.05,35.71,39.80,71.17
27.20,27.20,34.90,37.02,71.65
28.22,28.22,36.93,42.57,71.87
28.00,28.00,38.10,38.08,73.51
26.73,26.73,36.02,42.73,72.61
27.09,27.09,35.43,44.50,71.48
24.72,24.72,33.08,46.27,73.82
24.41,24.41,33.36,41.42,73.29
24.88,24.88,35.99,43.89,73.58
25.72,25.72,35.73,44.59,71.79
24.70,24.70,34.47,48.09,72.60
25.53,25.53,34.55,47.40,74.11
26.11,26.11,32.45,46.58,73.64
25.83,25.83,31.72,42.75,73.28
26.55,26.55,29.60,38.84,73.75
26.94,26.94,30.46,40.43,75.22
28.05,28.05,33.95,37.76,73.35
25.26,25.26,34.06,39.45,75.00
26.15,26.15,36.43,40.70,72.69
27.41,27.41,35.52,40.76,70.49
27.80,27.80,34.47,39.64,72.37
27.66,27.66,34.73,41.93,72.27
27.30,27.30,35.85,39.77,71.86
27.82,27.82,36.00,41.63,72.06
26.68,26.68,35.45,37.83,71.15
25.10,25.10,35.39,42.51,70.41
25.67,25.67,34.17,43.37,69.25
26.64,26.64,34.78,43.01,69.63
25.44,25.44,34.09,39.88,71.54
24.11,24.11,34.08,32.74,70.47
23.58,23.58,34.14,38.46,70.58
23.18,23.18,34.24,41.76,75.67
25.97,25.97,33.92,42.43,77.16
26.58,26.58,32.30,42.48,77.46
25.75,25.75,32.05,41.51,77.18
24.95,24.95,31.17,38.83,74.96
24.00,24.00,30.65,36.00,75.70
26.67,26.67,31.62,43.30,73.97
25.64,25.64,32.96,41.41,73.59
27.86,27.86,33.97,42.92,73.81
27.38,27.38,33.87,42.43,73.06
27.52,27.52,33.73,42.61,71.22
28.25,28.25,34.29,44.26,73.20
28.40,28.40,33.92,44.06,72.74
26.91,26.91,32.08,41.84,72.32
27.20,27.20,31.58,41.05,72.33
26.73,26.73,30.39,47.10,73.20
29.22,29.22,30.98,42.78,71.16
26.88,26.88,30.22,41.38,73.08
28.59,28.59,30.37,38.18,73.46
25.70,25.70,28.89,36.30,74.06
25.41,25.41,28.41,31.63,71.40
25.91,25.91,27.95,32.59,73.47
24.35,24.35,28.55,36.81,73.11
25.75,25.75,30.28,34.29,70.43
24.76,24.76,29.78,33.10,70.66
25.67,25.67,29.97,32.89,72.89
26.09,26.09,30.01,39.26,72.12
27.20,27.20,29.56,38.23,72.01
27.30,27.30,27.91,38.26,72.81
29.13,29.13,28.82,39.71,72.73
28.49,28.49,28.95,40.78,72.05
30.23,30.23,30.46,41.46,72.21
28.46,28.46,30.87,42.06,71.96
27.87,27.87,31.39,41.30,71.81
25.99,25.99,31.08,39.73,72.15
24.38,24.38,31.62,39.33,69.89
28.06,28.06,32.30,36.37,70.11
26.05,26.05,33.38,35.59,70.93
27.09,27.09,32.00,35.29,71.22
27.92,27.92,32.12,38.21,71.95
24.93,24.93,30.96,38.88,71.97
27.16,27.16,29.51,42.09,76.19
29.02,29.02,28.93,44.23,74.74
28.04,28.04,28.06,45.03,74.62
27.61,27.61,28.49,44.78,72.54
25.30,25.30,27.13,42.61,72.57
26.10,26.10,28.42,43.74,73.61
25.63,25.63,30.45,40.42,72.96
24.97,24.97,29.74,41.65,71.26
27.89,27.89,30.65,44.01,74.22
29.12,29.12,29.67,44.47,71.29
28.83,28.83,26.28,46.53,75.28
28.14,28.14,24.78,45.85,73.79
27.36,27.36,27.48,45.75,71.86
27.71,27.71,27.04,45.53,72.03
27.74,27.74,28.01,44.86,70.84
26.88,26.88,26.94,42.31,70.43
26.90,26.90,26.08,42.73,73.90
26.75,26.75,25.08,45.87,73.20
27.58,27.58,25.83,44.60,73.85
25.85,25.85,26.47,43.07,73.40
27.97,27.97,27.00,44.08,71.70
27.69,27.69,26.70,40.24,73.85
27.71,27.71,26.10,44.02,72.48
28.04,28.04,25.43,44.13,72.68
28.17,28.17,24.29,44.95,71.70
29.86,29.86,26.46,43.09,68.92
31.19,31.19,25.83,46.28,72.75
28.26,28.26,24.66,42.17,74.43
30.40,30.40,25.54,46.30,72.33
30.53,30.53,26.45,46.88,72.73
30.67,30.67,26.49,44.15,72.42
30.59,30.59,26.08,39.25,71.21
30.72,30.72,25.86,33.92,71.56
30.90,30.90,28.03,40.87,71.93
31.05,31.05,26.76,43.68,74.25
28.47,28.47,24.23,42.44,71.55
30.25,30.25,21.84,42.07,72.17
31.23,31.23,20.27,37.92,72.53
30.39,30.39,21.73,37.90,72.36
30.19,30.19,23.55,34.92,69.52
27.94,27.94,23.35,32.14,70.48
30.46,30.46,26.30,28.31,69.17
30.44,30.44,27.48,26.81,70.50
33.14,33.14,27.62,25.70,71.14
30.80,30.80,27.87,36.32,69.19
26.78,26.78,25.92,41.64,69.96
27.66,27.66,27.08,44.82,69.40
28.03,28.03,27.92,44.09,69.87
28.94,28.94,28.03,42.05,71.06
28.99,28.99,28.26,42.74,71.53
28.57,28.57,28.12,40.14,71.04
30.77,30.77,27.24,40.77,71.96
31.33,31.33,26.33,45.47,72.40
31.49,31.49,26.74,43.19,72.14
29.75,29.75,27.11,40.95,69.69
27.66,27.66,26.27,44.19,70.42
26.49,26.49,25.42,34.78,69.92
27.09,27.09,25.24,37.60,69.41
26.51,26.51,24.66,34.31,70.97
28.79,28.79,26.46,37.22,69.74
28.63,28.63,26.74,42.50,70.93
29.43,29.43,25.06,45.03,74.02
26.37,26.37,23.13,46.45,71.99
25.20,25.20,21.58,46.49,71.78
26.32,26.32,22.29,40.44,70.03
27.23,27.23,23.26,43.34,70.57
26.05,26.05,24.74,46.45,69.57
27.24,27.24,24.63,38.56,69.10
26.89,26.89,23.83,39.93,70.13
28.22,28.22,23.89,39.97,70.68
30.36,30.36,23.21,37.29,71.03
29.26,29.26,22.71,35.03,70.89
29.75,29.75,23.82,27.99,71.28
29.24,29.24,23.68,29.73,71.37
29.53,29.53,23.56,34.38,71.60
27.91,27.91,23.52,38.83,71.64
29.21,29.21,24.60,38.37,69.71
27.59,27.59,23.30,32.25,71.53
25.48,25.48,23.51,35.99,70.66
26.55,26.55,23.35,32.87,71.84
26.82,26.82,23.52,32.68,71.73
27.72,27.72,22.84,35.31,71.39
28.86,28.86,23.85,35.24,72.52
29.78,29.78,25.41,37.17,74.87
30.37,30.37,25.67,37.73,72.98
29.37,29.37,24.89,43.95,72.63
28.68,28.68,27.39,46.34,73.68
31.25,31.25,26.57,45.92,74.24
31.09,31.09,26.53,46.61,72.32
31.20,31.20,25.73,44.20,74.06
30.88,30.88,26.47,45.45,74.55
30.92,30.92,26.23,43.72,73.00
28.35,28.35,25.57,39.66,73.42
31.32,31.32,26.24,37.49,72.45
26.80,26.80,25.22,32.65,71.18
28.16,28.16,25.25,33.04,74.07
27.02,27.02,26.35,35.06,71.19
28.76,28.76,27.74,37.86,70.70
26.76,26.76,28.56,38.50,71.40
28.43,28.43,27.10,37.90,68.30
29.02,29.02,27.23,37.68,69.94
29.04,29.04,26.75,37.43,70.80
29.15,29.15,28.62,38.67,70.75
29.56,29.56,29.33,38.63,69.86
28.17,28.17,28.07,36.14,71.16
27.90,27.90,27.75,41.50,69.66
28.81,28.81,26.98,41.77,69.29
28.40,28.40,28.27,39.95,68.54
28.24,28.24,31.03,41.64,69.40
27.92,27.92,29.68,41.14,69.59
27.79,27.79,27.14,42.27,69.63
27.50,27.50,24.61,43.10,71.05
27.09,27.09,24.72,41.07,68.47
28.80,28.80,25.53,38.90,69.81
27.72,27.72,25.71,44.47,69.94
28.48,28.48,26.68,47.01,70.15
28.92,28.92,28.26,43.78,67.82
27.64,27.64,27.14,41.10,71.13
27.54,27.54,26.85,40.99,71.28
29.13,29.13,26.50,39.85,71.08
29.73,29.73,27.57,41.94,72.79
28.72,28.72,28.66,41.11,71.83
28.84,28.84,27.77,37.77,71.36
25.10,25.10,25.55,36.00,72.65
26.17,26.17,25.85,38.99,73.25
26.63,26.63,26.20,42.18,71.97
26.62,26.62,24.73,38.65,72.69
24.93,24.93,23.44,41.38,75.23
26.57,26.57,25.42,42.53,73.17
26.67,26.67,24.27,41.35,74.66
27.49,27.49,25.36,43.33,72.90
27.40,27.40,26.56,39.61,73.78
27.37,27.37,28.16,43.70,74.01
25.39,25.39,25.72,41.84,73.37
24.05,24.05,26.16,36.61,74.81
24.66,24.66,26.37,41.33,73.85
26.09,26.09,27.54,40.51,74.41
25.34,25.34,26.41,34.39,76.70
25.24,25.24,25.99,32.23,72.43
25.39,25.39,24.99,35.11,73.09
25.02,25.02,25.66,32.87,71.69
25.54,25.54,26.89,34.87,73.43
25.29,25.29,27.53,28.81,73.69
24.49,24.49,28.53,34.20,73.72
22.99,22.99,27.45,36.96,72.94
21.07,21.07,26.89,37.55,72.75
20.45,20.45,26.71,37.28,71.86
20.28,20.28,26.75,41.39,71.63
22.94,22.94,26.97,41.22,72.43
22.69,22.69,28.19,38.04,73.09
22.36,22.36,27.97,37.39,74.51
21.50,21.50,28.73,36.18,73.76
21.86,21.86,29.25,34.26,72.95
21.46,21.46,29.82,33.34,74.05
18.69,18.69,30.37,29.50,72.40
18.39,18.39,31.95,34.44,72.45
17.14,17.14,32.67,32.44,75.57
18.96,18.96,36.02,38.46,75.62
16.69,16.69,35.69,41.12,74.30
15.88,15.88,37.21,41.45,77.07
17.15,17.15,39.64,42.19,75.38
15.65,15.65,40.09,39.05,76.02
14.47,14.47,41.39,42.27,75.61
12.99,12.99,41.23,42.07,76.18
10.38,10.38,40.86,41.22,76.76
8.46,8.46,43.65,41.37,76.20
8.04,8.04,43.53,43.50,76.22
10.78,10.78,44.50,46.50,75.87
11.59,11.59,46.46,46.05,75.13
9.15,9.15,48.67,46.87,75.64
7.62,7.62,49.80,47.53,75.44
9.06,9.06,51.19,50.80,74.89
9.68,9.68,51.25,49.42,73.57
11.45,11.45,48.51,48.12,72.52
14.05,14.05,42.75,43.11,68.50
13.83,13.83,37.68,41.62,66.80
16.83,16.83,31.35,38.34,62.96
23.32,23.32,28.66,36.71,61.66
27.15,27.15,30.89,34.70,59.66
27.38,27.38,33.26,34.01,58.91
30.60,30.60,30.54,38.12,58.73
30.84,30.84,32.75,36.50,58.34
30.11,30.11,37.77,43.30,55.69
31.11,31.11,40.98,40.92,56.07
30.92,30.92,41.35,42.60,54.23
31.04,31.04,40.75,41.74,54.11
29.94,29.94,37.68,39.62,56.07
30.95,30.95,36.94,33.98,57.82
32.25,32.25,37.47,32.86,58.94
32.80,32.80,37.21,30.83,59.63
31.98,31.98,36.84,29.87,58.81
33.20,33.20,35.20,26.31,56.75
35.30,35.30,36.26,32.12,55.12
32.44,32.44,38.75,32.08,51.04
29.09,29.09,37.01,30.62,48.62
31.62,31.62,36.91,33.08,51.72
30.38,30.38,41.66,34.92,51.93
33.15,33.15,38.98,33.96,49.86
33.11,33.11,38.39,33.79,47.79
33.36,33.36,42.92,35.81,46.34
35.89,35.89,44.30,36.21,46.73
34.02,34.02,43.12,35.01,42.94
32.89,32.89,41.71,32.45,40.25
30.14,30.14,41.91,37.08,42.46
30.03,30.03,41.76,37.27,45.09
31.68,31.68,41.82,35.24,45.53
29.97,29.97,42.82,36.68,45.39
30.54,30.54,44.23,37.93,44.55
28.60,28.60,39.57,31.86,38.97
32.20,32.20,39.03,31.10,38.96
31.37,31.37,39.61,32.80,44.19
31.91,31.91,38.53,30.57,44.02
27.77,27.77,38.36,29.59,43.56
29.56,29.56,37.77,30.40,43.39
28.88,28.88,40.30,33.87,43.64
28.70,28.70,39.14,33.43,45.76
31.02,31.02,39.05,31.89,44.25
30.44,30.44,38.21,30.15,39.46
28.42,28.42,39.36,32.58,34.12
29.70,29.70,37.64,29.39,37.36
27.84,27.84,34.75,28.11,39.01
28.89,28.89,37.56,29.97,38.77
30.57,30.57,38.17,34.67,37.02
26.53,26.53,38.69,30.14,33.51
27.23,27.23,37.96,31.55,30.18
31.56,31.56,36.93,28.20,34.50
29.92,29.92,39.46,27.86,34.40
28.02,28.02,39.60,28.33,31.08
27.04,27.04,39.03,23.35,22.44
26.92,26.92,37.42,24.42,25.62
29.68,29.68,35.52,26.09,32.39
33.65,33.65,36.03,24.55,33.47
30.90,30.90,34.27,23.24,30.25
26.00,26.00,30.69,19.85,23.81
27.96,27.96,34.92,20.74,25.16
28.41,28.41,34.82,25.20,26.51
30.32,30.32,35.67,26.85,27.28
31.97,31.97,37.08,27.79,26.33
31.14,31.14,34.32,27.58,26.50
34.36,34.36,33.84,24.65,28.01
34.15,34.15,32.76,20.73,27.86
35.14,35.14,34.77,19.14,27.14
30.02,30.02,35.67,16.89,23.34
27.29,27.29,33.41,20.44,18.06
28.92,28.92,31.13,24.12,16.29
29.35,29.35,34.29,23.96,16.15
29.96,29.96,32.86,21.65,15.39
26.27,26.27,32.73,21.03,16.20
26.32,26.32,31.63,22.79,15.13
32.00,32.00,30.55,18.96,16.59
30.08,30.08,30.07,17.13,15.79
28.96,28.96,28.15,22.68,12.75
30.92,30.92,29.27,19.54,7.49
27.91,27.91,28.97,20.74,3.79
17.68,17.68,22.58,14.98,3.00
3.15,3.15,6.53,1.93,0.14
0.11,0.11,0.68,-0.00,-0.00
-0.00,-0.00,-0.00,-0.00,-0.00
-0.00,-0.00,-0.00,-0.00,-0.00
-0.00,-0.00,-0.00,-0.00,-0.00
-0.00,-0.00,-0.00,-0.00,-0.00
